2022-09-26 19:33:27,350 [Worker-6: Loading available Gradle versions] INFO  o.e.b.c.i.u.g.PublishedGradleVersions - Gradle version information cache is out-of-date. Trying to update.
2022-09-26 19:38:46,326 [Worker-29: Update Maven projects configuration] INFO  o.e.m.c.i.p.ProjectConfigurationManager - Update started
2022-09-26 19:38:47,872 [Worker-29: Update Maven projects configuration] INFO  o.e.m.c.i.e.AbstractTransferListenerAdapter - Downloading https://repo.maven.apache.org/maven2/org/apache/maven/plugins/maven-clean-plugin/2.5/maven-clean-plugin-2.5.jar
2022-09-26 19:38:48,132 [Worker-29: Update Maven projects configuration] INFO  o.e.m.c.i.e.AbstractTransferListenerAdapter - Downloaded https://repo.maven.apache.org/maven2/org/apache/maven/plugins/maven-clean-plugin/2.5/maven-clean-plugin-2.5.jar
2022-09-26 19:38:48,273 [Worker-29: Update Maven projects configuration] INFO  o.e.m.c.i.e.AbstractTransferListenerAdapter - Downloading https://repo.maven.apache.org/maven2/org/apache/maven/plugins/maven-resources-plugin/2.6/maven-resources-plugin-2.6.jar
2022-09-26 19:38:48,457 [Worker-29: Update Maven projects configuration] INFO  o.e.m.c.i.e.AbstractTransferListenerAdapter - Downloaded https://repo.maven.apache.org/maven2/org/apache/maven/plugins/maven-resources-plugin/2.6/maven-resources-plugin-2.6.jar
2022-09-26 19:38:48,602 [Worker-29: Update Maven projects configuration] INFO  o.e.m.c.i.e.AbstractTransferListenerAdapter - Downloading https://repo.maven.apache.org/maven2/org/apache/maven/plugins/maven-surefire-plugin/2.12.4/maven-surefire-plugin-2.12.4.jar
2022-09-26 19:38:48,818 [Worker-29: Update Maven projects configuration] INFO  o.e.m.c.i.e.AbstractTransferListenerAdapter - Downloaded https://repo.maven.apache.org/maven2/org/apache/maven/plugins/maven-surefire-plugin/2.12.4/maven-surefire-plugin-2.12.4.jar
2022-09-26 19:38:48,958 [Worker-29: Update Maven projects configuration] INFO  o.e.m.c.i.e.AbstractTransferListenerAdapter - Downloading https://repo.maven.apache.org/maven2/org/apache/maven/plugins/maven-jar-plugin/2.4/maven-jar-plugin-2.4.jar
2022-09-26 19:38:49,135 [Worker-29: Update Maven projects configuration] INFO  o.e.m.c.i.e.AbstractTransferListenerAdapter - Downloaded https://repo.maven.apache.org/maven2/org/apache/maven/plugins/maven-jar-plugin/2.4/maven-jar-plugin-2.4.jar
2022-09-26 19:38:49,275 [Worker-29: Update Maven projects configuration] INFO  o.e.m.c.i.e.AbstractTransferListenerAdapter - Downloading https://repo.maven.apache.org/maven2/org/apache/maven/plugins/maven-install-plugin/2.4/maven-install-plugin-2.4.jar
2022-09-26 19:38:49,438 [Worker-29: Update Maven projects configuration] INFO  o.e.m.c.i.e.AbstractTransferListenerAdapter - Downloaded https://repo.maven.apache.org/maven2/org/apache/maven/plugins/maven-install-plugin/2.4/maven-install-plugin-2.4.jar
2022-09-26 19:38:49,591 [Worker-29: Update Maven projects configuration] INFO  o.e.m.c.i.e.AbstractTransferListenerAdapter - Downloading https://repo.maven.apache.org/maven2/org/apache/maven/plugins/maven-deploy-plugin/2.7/maven-deploy-plugin-2.7.jar
2022-09-26 19:38:49,742 [Worker-29: Update Maven projects configuration] INFO  o.e.m.c.i.e.AbstractTransferListenerAdapter - Downloaded https://repo.maven.apache.org/maven2/org/apache/maven/plugins/maven-deploy-plugin/2.7/maven-deploy-plugin-2.7.jar
2022-09-26 19:38:50,112 [Worker-29: Update Maven projects configuration] INFO  o.e.m.c.i.l.LifecycleMappingFactory - Using org.eclipse.m2e.jdt.JarLifecycleMapping lifecycle mapping for MavenProject: dev.rinaldo:design-patterns:0.0.1-SNAPSHOT @ /home/igor/eclipse-workspace/design-patterns-main/pom.xml.
2022-09-26 19:38:50,690 [Worker-29: Update Maven projects configuration] INFO  o.e.m.c.i.e.AbstractTransferListenerAdapter - Downloading https://repo.maven.apache.org/maven2/org/apache/maven/plugins/maven-resources-plugin/2.6/maven-resources-plugin-2.6.pom
2022-09-26 19:38:50,973 [Worker-29: Update Maven projects configuration] INFO  o.e.m.c.i.e.AbstractTransferListenerAdapter - Downloaded https://repo.maven.apache.org/maven2/org/apache/maven/plugins/maven-resources-plugin/2.6/maven-resources-plugin-2.6.pom
2022-09-26 19:38:51,128 [Worker-29: Update Maven projects configuration] INFO  o.e.m.c.i.e.AbstractTransferListenerAdapter - Downloading https://repo.maven.apache.org/maven2/org/apache/maven/plugins/maven-plugins/23/maven-plugins-23.pom
2022-09-26 19:38:51,283 [Worker-29: Update Maven projects configuration] INFO  o.e.m.c.i.e.AbstractTransferListenerAdapter - Downloaded https://repo.maven.apache.org/maven2/org/apache/maven/plugins/maven-plugins/23/maven-plugins-23.pom
2022-09-26 19:38:51,431 [Worker-29: Update Maven projects configuration] INFO  o.e.m.c.i.e.AbstractTransferListenerAdapter - Downloading https://repo.maven.apache.org/maven2/org/apache/maven/plugins/maven-surefire-plugin/2.12.4/maven-surefire-plugin-2.12.4.pom
2022-09-26 19:38:51,587 [Worker-29: Update Maven projects configuration] INFO  o.e.m.c.i.e.AbstractTransferListenerAdapter - Downloaded https://repo.maven.apache.org/maven2/org/apache/maven/plugins/maven-surefire-plugin/2.12.4/maven-surefire-plugin-2.12.4.pom
2022-09-26 19:38:51,731 [Worker-29: Update Maven projects configuration] INFO  o.e.m.c.i.e.AbstractTransferListenerAdapter - Downloading https://repo.maven.apache.org/maven2/org/apache/maven/surefire/surefire/2.12.4/surefire-2.12.4.pom
2022-09-26 19:38:51,892 [Worker-29: Update Maven projects configuration] INFO  o.e.m.c.i.e.AbstractTransferListenerAdapter - Downloaded https://repo.maven.apache.org/maven2/org/apache/maven/surefire/surefire/2.12.4/surefire-2.12.4.pom
2022-09-26 19:38:52,044 [Worker-29: Update Maven projects configuration] INFO  o.e.m.c.i.e.AbstractTransferListenerAdapter - Downloading https://repo.maven.apache.org/maven2/org/apache/maven/plugins/maven-jar-plugin/2.4/maven-jar-plugin-2.4.pom
2022-09-26 19:38:52,195 [Worker-29: Update Maven projects configuration] INFO  o.e.m.c.i.e.AbstractTransferListenerAdapter - Downloaded https://repo.maven.apache.org/maven2/org/apache/maven/plugins/maven-jar-plugin/2.4/maven-jar-plugin-2.4.pom
2022-09-26 19:38:52,340 [Worker-29: Update Maven projects configuration] INFO  o.e.m.c.i.e.AbstractTransferListenerAdapter - Downloading https://repo.maven.apache.org/maven2/org/apache/maven/plugins/maven-plugins/22/maven-plugins-22.pom
2022-09-26 19:38:52,500 [Worker-29: Update Maven projects configuration] INFO  o.e.m.c.i.e.AbstractTransferListenerAdapter - Downloaded https://repo.maven.apache.org/maven2/org/apache/maven/plugins/maven-plugins/22/maven-plugins-22.pom
2022-09-26 19:38:52,644 [Worker-29: Update Maven projects configuration] INFO  o.e.m.c.i.e.AbstractTransferListenerAdapter - Downloading https://repo.maven.apache.org/maven2/org/apache/maven/maven-parent/21/maven-parent-21.pom
2022-09-26 19:38:52,837 [Worker-29: Update Maven projects configuration] INFO  o.e.m.c.i.e.AbstractTransferListenerAdapter - Downloaded https://repo.maven.apache.org/maven2/org/apache/maven/maven-parent/21/maven-parent-21.pom
2022-09-26 19:38:52,989 [Worker-29: Update Maven projects configuration] INFO  o.e.m.c.i.e.AbstractTransferListenerAdapter - Downloading https://repo.maven.apache.org/maven2/org/apache/maven/maven-plugin-api/2.0.6/maven-plugin-api-2.0.6.pom
2022-09-26 19:38:53,128 [Worker-29: Update Maven projects configuration] INFO  o.e.m.c.i.e.AbstractTransferListenerAdapter - Downloaded https://repo.maven.apache.org/maven2/org/apache/maven/maven-plugin-api/2.0.6/maven-plugin-api-2.0.6.pom
2022-09-26 19:38:53,270 [Worker-29: Update Maven projects configuration] INFO  o.e.m.c.i.e.AbstractTransferListenerAdapter - Downloading https://repo.maven.apache.org/maven2/org/apache/maven/maven/2.0.6/maven-2.0.6.pom
2022-09-26 19:38:53,425 [Worker-29: Update Maven projects configuration] INFO  o.e.m.c.i.e.AbstractTransferListenerAdapter - Downloaded https://repo.maven.apache.org/maven2/org/apache/maven/maven/2.0.6/maven-2.0.6.pom
2022-09-26 19:38:53,571 [Worker-29: Update Maven projects configuration] INFO  o.e.m.c.i.e.AbstractTransferListenerAdapter - Downloading https://repo.maven.apache.org/maven2/org/apache/maven/maven-parent/5/maven-parent-5.pom
2022-09-26 19:38:53,733 [Worker-29: Update Maven projects configuration] INFO  o.e.m.c.i.e.AbstractTransferListenerAdapter - Downloaded https://repo.maven.apache.org/maven2/org/apache/maven/maven-parent/5/maven-parent-5.pom
2022-09-26 19:38:53,875 [Worker-29: Update Maven projects configuration] INFO  o.e.m.c.i.e.AbstractTransferListenerAdapter - Downloading https://repo.maven.apache.org/maven2/org/apache/apache/3/apache-3.pom
2022-09-26 19:38:54,021 [Worker-29: Update Maven projects configuration] INFO  o.e.m.c.i.e.AbstractTransferListenerAdapter - Downloaded https://repo.maven.apache.org/maven2/org/apache/apache/3/apache-3.pom
2022-09-26 19:38:54,164 [Worker-29: Update Maven projects configuration] INFO  o.e.m.c.i.e.AbstractTransferListenerAdapter - Downloading https://repo.maven.apache.org/maven2/org/apache/maven/maven-project/2.0.6/maven-project-2.0.6.pom
2022-09-26 19:38:54,311 [Worker-29: Update Maven projects configuration] INFO  o.e.m.c.i.e.AbstractTransferListenerAdapter - Downloaded https://repo.maven.apache.org/maven2/org/apache/maven/maven-project/2.0.6/maven-project-2.0.6.pom
2022-09-26 19:38:54,455 [Worker-29: Update Maven projects configuration] INFO  o.e.m.c.i.e.AbstractTransferListenerAdapter - Downloading https://repo.maven.apache.org/maven2/org/apache/maven/maven-settings/2.0.6/maven-settings-2.0.6.pom
2022-09-26 19:38:54,595 [Worker-29: Update Maven projects configuration] INFO  o.e.m.c.i.e.AbstractTransferListenerAdapter - Downloaded https://repo.maven.apache.org/maven2/org/apache/maven/maven-settings/2.0.6/maven-settings-2.0.6.pom
2022-09-26 19:38:54,737 [Worker-29: Update Maven projects configuration] INFO  o.e.m.c.i.e.AbstractTransferListenerAdapter - Downloading https://repo.maven.apache.org/maven2/org/apache/maven/maven-model/2.0.6/maven-model-2.0.6.pom
2022-09-26 19:38:54,885 [Worker-29: Update Maven projects configuration] INFO  o.e.m.c.i.e.AbstractTransferListenerAdapter - Downloaded https://repo.maven.apache.org/maven2/org/apache/maven/maven-model/2.0.6/maven-model-2.0.6.pom
2022-09-26 19:38:55,031 [Worker-29: Update Maven projects configuration] INFO  o.e.m.c.i.e.AbstractTransferListenerAdapter - Downloading https://repo.maven.apache.org/maven2/org/codehaus/plexus/plexus-utils/1.4.1/plexus-utils-1.4.1.pom
2022-09-26 19:38:55,176 [Worker-29: Update Maven projects configuration] INFO  o.e.m.c.i.e.AbstractTransferListenerAdapter - Downloaded https://repo.maven.apache.org/maven2/org/codehaus/plexus/plexus-utils/1.4.1/plexus-utils-1.4.1.pom
2022-09-26 19:38:55,321 [Worker-29: Update Maven projects configuration] INFO  o.e.m.c.i.e.AbstractTransferListenerAdapter - Downloading https://repo.maven.apache.org/maven2/junit/junit/3.8.1/junit-3.8.1.pom
2022-09-26 19:38:55,461 [Worker-29: Update Maven projects configuration] INFO  o.e.m.c.i.e.AbstractTransferListenerAdapter - Downloaded https://repo.maven.apache.org/maven2/junit/junit/3.8.1/junit-3.8.1.pom
2022-09-26 19:38:55,613 [Worker-29: Update Maven projects configuration] INFO  o.e.m.c.i.e.AbstractTransferListenerAdapter - Downloading https://repo.maven.apache.org/maven2/org/apache/maven/maven-profile/2.0.6/maven-profile-2.0.6.pom
2022-09-26 19:38:55,756 [Worker-29: Update Maven projects configuration] INFO  o.e.m.c.i.e.AbstractTransferListenerAdapter - Downloaded https://repo.maven.apache.org/maven2/org/apache/maven/maven-profile/2.0.6/maven-profile-2.0.6.pom
2022-09-26 19:38:55,898 [Worker-29: Update Maven projects configuration] INFO  o.e.m.c.i.e.AbstractTransferListenerAdapter - Downloading https://repo.maven.apache.org/maven2/org/apache/maven/maven-artifact-manager/2.0.6/maven-artifact-manager-2.0.6.pom
2022-09-26 19:38:56,044 [Worker-29: Update Maven projects configuration] INFO  o.e.m.c.i.e.AbstractTransferListenerAdapter - Downloaded https://repo.maven.apache.org/maven2/org/apache/maven/maven-artifact-manager/2.0.6/maven-artifact-manager-2.0.6.pom
2022-09-26 19:38:56,189 [Worker-29: Update Maven projects configuration] INFO  o.e.m.c.i.e.AbstractTransferListenerAdapter - Downloading https://repo.maven.apache.org/maven2/org/apache/maven/maven-repository-metadata/2.0.6/maven-repository-metadata-2.0.6.pom
2022-09-26 19:38:56,334 [Worker-29: Update Maven projects configuration] INFO  o.e.m.c.i.e.AbstractTransferListenerAdapter - Downloaded https://repo.maven.apache.org/maven2/org/apache/maven/maven-repository-metadata/2.0.6/maven-repository-metadata-2.0.6.pom
2022-09-26 19:38:56,477 [Worker-29: Update Maven projects configuration] INFO  o.e.m.c.i.e.AbstractTransferListenerAdapter - Downloading https://repo.maven.apache.org/maven2/org/apache/maven/maven-artifact/2.0.6/maven-artifact-2.0.6.pom
2022-09-26 19:38:56,647 [Worker-29: Update Maven projects configuration] INFO  o.e.m.c.i.e.AbstractTransferListenerAdapter - Downloaded https://repo.maven.apache.org/maven2/org/apache/maven/maven-artifact/2.0.6/maven-artifact-2.0.6.pom
2022-09-26 19:38:56,791 [Worker-29: Update Maven projects configuration] INFO  o.e.m.c.i.e.AbstractTransferListenerAdapter - Downloading https://repo.maven.apache.org/maven2/org/apache/maven/maven-plugin-registry/2.0.6/maven-plugin-registry-2.0.6.pom
2022-09-26 19:38:56,936 [Worker-29: Update Maven projects configuration] INFO  o.e.m.c.i.e.AbstractTransferListenerAdapter - Downloaded https://repo.maven.apache.org/maven2/org/apache/maven/maven-plugin-registry/2.0.6/maven-plugin-registry-2.0.6.pom
2022-09-26 19:38:57,083 [Worker-29: Update Maven projects configuration] INFO  o.e.m.c.i.e.AbstractTransferListenerAdapter - Downloading https://repo.maven.apache.org/maven2/org/apache/maven/maven-archiver/2.5/maven-archiver-2.5.pom
2022-09-26 19:38:57,229 [Worker-29: Update Maven projects configuration] INFO  o.e.m.c.i.e.AbstractTransferListenerAdapter - Downloaded https://repo.maven.apache.org/maven2/org/apache/maven/maven-archiver/2.5/maven-archiver-2.5.pom
2022-09-26 19:38:57,372 [Worker-29: Update Maven projects configuration] INFO  o.e.m.c.i.e.AbstractTransferListenerAdapter - Downloading https://repo.maven.apache.org/maven2/org/apache/maven/shared/maven-shared-components/17/maven-shared-components-17.pom
2022-09-26 19:38:57,526 [Worker-29: Update Maven projects configuration] INFO  o.e.m.c.i.e.AbstractTransferListenerAdapter - Downloaded https://repo.maven.apache.org/maven2/org/apache/maven/shared/maven-shared-components/17/maven-shared-components-17.pom
2022-09-26 19:38:57,669 [Worker-29: Update Maven projects configuration] INFO  o.e.m.c.i.e.AbstractTransferListenerAdapter - Downloading https://repo.maven.apache.org/maven2/org/apache/maven/maven-core/2.0.6/maven-core-2.0.6.pom
2022-09-26 19:38:57,819 [Worker-29: Update Maven projects configuration] INFO  o.e.m.c.i.e.AbstractTransferListenerAdapter - Downloaded https://repo.maven.apache.org/maven2/org/apache/maven/maven-core/2.0.6/maven-core-2.0.6.pom
2022-09-26 19:38:57,962 [Worker-29: Update Maven projects configuration] INFO  o.e.m.c.i.e.AbstractTransferListenerAdapter - Downloading https://repo.maven.apache.org/maven2/org/apache/maven/maven-plugin-parameter-documenter/2.0.6/maven-plugin-parameter-documenter-2.0.6.pom
2022-09-26 19:38:58,103 [Worker-29: Update Maven projects configuration] INFO  o.e.m.c.i.e.AbstractTransferListenerAdapter - Downloaded https://repo.maven.apache.org/maven2/org/apache/maven/maven-plugin-parameter-documenter/2.0.6/maven-plugin-parameter-documenter-2.0.6.pom
2022-09-26 19:38:58,253 [Worker-29: Update Maven projects configuration] INFO  o.e.m.c.i.e.AbstractTransferListenerAdapter - Downloading https://repo.maven.apache.org/maven2/org/apache/maven/reporting/maven-reporting-api/2.0.6/maven-reporting-api-2.0.6.pom
2022-09-26 19:38:58,398 [Worker-29: Update Maven projects configuration] INFO  o.e.m.c.i.e.AbstractTransferListenerAdapter - Downloaded https://repo.maven.apache.org/maven2/org/apache/maven/reporting/maven-reporting-api/2.0.6/maven-reporting-api-2.0.6.pom
2022-09-26 19:38:58,541 [Worker-29: Update Maven projects configuration] INFO  o.e.m.c.i.e.AbstractTransferListenerAdapter - Downloading https://repo.maven.apache.org/maven2/org/apache/maven/reporting/maven-reporting/2.0.6/maven-reporting-2.0.6.pom
2022-09-26 19:38:58,681 [Worker-29: Update Maven projects configuration] INFO  o.e.m.c.i.e.AbstractTransferListenerAdapter - Downloaded https://repo.maven.apache.org/maven2/org/apache/maven/reporting/maven-reporting/2.0.6/maven-reporting-2.0.6.pom
2022-09-26 19:38:58,824 [Worker-29: Update Maven projects configuration] INFO  o.e.m.c.i.e.AbstractTransferListenerAdapter - Downloading https://repo.maven.apache.org/maven2/org/apache/maven/doxia/doxia-sink-api/1.0-alpha-7/doxia-sink-api-1.0-alpha-7.pom
2022-09-26 19:38:58,966 [Worker-29: Update Maven projects configuration] INFO  o.e.m.c.i.e.AbstractTransferListenerAdapter - Downloaded https://repo.maven.apache.org/maven2/org/apache/maven/doxia/doxia-sink-api/1.0-alpha-7/doxia-sink-api-1.0-alpha-7.pom
2022-09-26 19:38:59,108 [Worker-29: Update Maven projects configuration] INFO  o.e.m.c.i.e.AbstractTransferListenerAdapter - Downloading https://repo.maven.apache.org/maven2/org/apache/maven/doxia/doxia/1.0-alpha-7/doxia-1.0-alpha-7.pom
2022-09-26 19:38:59,253 [Worker-29: Update Maven projects configuration] INFO  o.e.m.c.i.e.AbstractTransferListenerAdapter - Downloaded https://repo.maven.apache.org/maven2/org/apache/maven/doxia/doxia/1.0-alpha-7/doxia-1.0-alpha-7.pom
2022-09-26 19:38:59,398 [Worker-29: Update Maven projects configuration] INFO  o.e.m.c.i.e.AbstractTransferListenerAdapter - Downloading https://repo.maven.apache.org/maven2/org/apache/maven/maven-error-diagnostics/2.0.6/maven-error-diagnostics-2.0.6.pom
2022-09-26 19:38:59,542 [Worker-29: Update Maven projects configuration] INFO  o.e.m.c.i.e.AbstractTransferListenerAdapter - Downloaded https://repo.maven.apache.org/maven2/org/apache/maven/maven-error-diagnostics/2.0.6/maven-error-diagnostics-2.0.6.pom
2022-09-26 19:38:59,685 [Worker-29: Update Maven projects configuration] INFO  o.e.m.c.i.e.AbstractTransferListenerAdapter - Downloading https://repo.maven.apache.org/maven2/commons-cli/commons-cli/1.0/commons-cli-1.0.pom
2022-09-26 19:38:59,825 [Worker-29: Update Maven projects configuration] INFO  o.e.m.c.i.e.AbstractTransferListenerAdapter - Downloaded https://repo.maven.apache.org/maven2/commons-cli/commons-cli/1.0/commons-cli-1.0.pom
2022-09-26 19:38:59,968 [Worker-29: Update Maven projects configuration] INFO  o.e.m.c.i.e.AbstractTransferListenerAdapter - Downloading https://repo.maven.apache.org/maven2/org/apache/maven/maven-plugin-descriptor/2.0.6/maven-plugin-descriptor-2.0.6.pom
2022-09-26 19:39:00,112 [Worker-29: Update Maven projects configuration] INFO  o.e.m.c.i.e.AbstractTransferListenerAdapter - Downloaded https://repo.maven.apache.org/maven2/org/apache/maven/maven-plugin-descriptor/2.0.6/maven-plugin-descriptor-2.0.6.pom
2022-09-26 19:39:00,258 [Worker-29: Update Maven projects configuration] INFO  o.e.m.c.i.e.AbstractTransferListenerAdapter - Downloading https://repo.maven.apache.org/maven2/org/codehaus/plexus/plexus-interactivity-api/1.0-alpha-4/plexus-interactivity-api-1.0-alpha-4.pom
2022-09-26 19:39:00,414 [Worker-29: Update Maven projects configuration] INFO  o.e.m.c.i.e.AbstractTransferListenerAdapter - Downloaded https://repo.maven.apache.org/maven2/org/codehaus/plexus/plexus-interactivity-api/1.0-alpha-4/plexus-interactivity-api-1.0-alpha-4.pom
2022-09-26 19:39:00,563 [Worker-29: Update Maven projects configuration] INFO  o.e.m.c.i.e.AbstractTransferListenerAdapter - Downloading https://repo.maven.apache.org/maven2/org/apache/maven/maven-monitor/2.0.6/maven-monitor-2.0.6.pom
2022-09-26 19:39:00,703 [Worker-29: Update Maven projects configuration] INFO  o.e.m.c.i.e.AbstractTransferListenerAdapter - Downloaded https://repo.maven.apache.org/maven2/org/apache/maven/maven-monitor/2.0.6/maven-monitor-2.0.6.pom
2022-09-26 19:39:00,850 [Worker-29: Update Maven projects configuration] INFO  o.e.m.c.i.e.AbstractTransferListenerAdapter - Downloading https://repo.maven.apache.org/maven2/org/codehaus/plexus/plexus-archiver/2.1/plexus-archiver-2.1.pom
2022-09-26 19:39:01,000 [Worker-29: Update Maven projects configuration] INFO  o.e.m.c.i.e.AbstractTransferListenerAdapter - Downloaded https://repo.maven.apache.org/maven2/org/codehaus/plexus/plexus-archiver/2.1/plexus-archiver-2.1.pom
2022-09-26 19:39:01,151 [Worker-29: Update Maven projects configuration] INFO  o.e.m.c.i.e.AbstractTransferListenerAdapter - Downloading https://repo.maven.apache.org/maven2/org/codehaus/plexus/plexus-utils/3.0/plexus-utils-3.0.pom
2022-09-26 19:39:01,300 [Worker-29: Update Maven projects configuration] INFO  o.e.m.c.i.e.AbstractTransferListenerAdapter - Downloaded https://repo.maven.apache.org/maven2/org/codehaus/plexus/plexus-utils/3.0/plexus-utils-3.0.pom
2022-09-26 19:39:01,446 [Worker-29: Update Maven projects configuration] INFO  o.e.m.c.i.e.AbstractTransferListenerAdapter - Downloading https://repo.maven.apache.org/maven2/org/codehaus/plexus/plexus-io/2.0.2/plexus-io-2.0.2.pom
2022-09-26 19:39:01,586 [Worker-29: Update Maven projects configuration] INFO  o.e.m.c.i.e.AbstractTransferListenerAdapter - Downloaded https://repo.maven.apache.org/maven2/org/codehaus/plexus/plexus-io/2.0.2/plexus-io-2.0.2.pom
2022-09-26 19:39:01,727 [Worker-29: Update Maven projects configuration] INFO  o.e.m.c.i.e.AbstractTransferListenerAdapter - Downloading https://repo.maven.apache.org/maven2/org/codehaus/plexus/plexus-components/1.1.19/plexus-components-1.1.19.pom
2022-09-26 19:39:01,872 [Worker-29: Update Maven projects configuration] INFO  o.e.m.c.i.e.AbstractTransferListenerAdapter - Downloaded https://repo.maven.apache.org/maven2/org/codehaus/plexus/plexus-components/1.1.19/plexus-components-1.1.19.pom
2022-09-26 19:39:02,017 [Worker-29: Update Maven projects configuration] INFO  o.e.m.c.i.e.AbstractTransferListenerAdapter - Downloading https://repo.maven.apache.org/maven2/org/codehaus/plexus/plexus-interpolation/1.15/plexus-interpolation-1.15.pom
2022-09-26 19:39:02,158 [Worker-29: Update Maven projects configuration] INFO  o.e.m.c.i.e.AbstractTransferListenerAdapter - Downloaded https://repo.maven.apache.org/maven2/org/codehaus/plexus/plexus-interpolation/1.15/plexus-interpolation-1.15.pom
2022-09-26 19:39:02,300 [Worker-29: Update Maven projects configuration] INFO  o.e.m.c.i.e.AbstractTransferListenerAdapter - Downloading https://repo.maven.apache.org/maven2/commons-lang/commons-lang/2.1/commons-lang-2.1.pom
2022-09-26 19:39:02,455 [Worker-29: Update Maven projects configuration] INFO  o.e.m.c.i.e.AbstractTransferListenerAdapter - Downloaded https://repo.maven.apache.org/maven2/commons-lang/commons-lang/2.1/commons-lang-2.1.pom
2022-09-26 19:39:02,600 [AetherRepositoryConnector-repo.maven.apache.org-0-0] INFO  o.e.m.c.i.e.AbstractTransferListenerAdapter - Downloading https://repo.maven.apache.org/maven2/org/apache/maven/maven-plugin-api/2.0.6/maven-plugin-api-2.0.6.jar
2022-09-26 19:39:02,737 [AetherRepositoryConnector-repo.maven.apache.org-0-3] INFO  o.e.m.c.i.e.AbstractTransferListenerAdapter - Downloading https://repo.maven.apache.org/maven2/org/apache/maven/maven-profile/2.0.6/maven-profile-2.0.6.jar
2022-09-26 19:39:02,737 [AetherRepositoryConnector-repo.maven.apache.org-0-4] INFO  o.e.m.c.i.e.AbstractTransferListenerAdapter - Downloading https://repo.maven.apache.org/maven2/org/apache/maven/maven-artifact-manager/2.0.6/maven-artifact-manager-2.0.6.jar
2022-09-26 19:39:02,790 [AetherRepositoryConnector-repo.maven.apache.org-0-2] INFO  o.e.m.c.i.e.AbstractTransferListenerAdapter - Downloading https://repo.maven.apache.org/maven2/org/apache/maven/maven-settings/2.0.6/maven-settings-2.0.6.jar
2022-09-26 19:39:02,790 [AetherRepositoryConnector-repo.maven.apache.org-0-1] INFO  o.e.m.c.i.e.AbstractTransferListenerAdapter - Downloading https://repo.maven.apache.org/maven2/org/apache/maven/maven-project/2.0.6/maven-project-2.0.6.jar
2022-09-26 19:39:02,923 [AetherRepositoryConnector-repo.maven.apache.org-0-0] INFO  o.e.m.c.i.e.AbstractTransferListenerAdapter - Downloaded https://repo.maven.apache.org/maven2/org/apache/maven/maven-plugin-api/2.0.6/maven-plugin-api-2.0.6.jar
2022-09-26 19:39:03,063 [AetherRepositoryConnector-repo.maven.apache.org-0-3] INFO  o.e.m.c.i.e.AbstractTransferListenerAdapter - Downloaded https://repo.maven.apache.org/maven2/org/apache/maven/maven-profile/2.0.6/maven-profile-2.0.6.jar
2022-09-26 19:39:03,197 [AetherRepositoryConnector-repo.maven.apache.org-0-0] INFO  o.e.m.c.i.e.AbstractTransferListenerAdapter - Downloading https://repo.maven.apache.org/maven2/org/apache/maven/maven-repository-metadata/2.0.6/maven-repository-metadata-2.0.6.jar
2022-09-26 19:39:03,199 [AetherRepositoryConnector-repo.maven.apache.org-0-2] INFO  o.e.m.c.i.e.AbstractTransferListenerAdapter - Downloaded https://repo.maven.apache.org/maven2/org/apache/maven/maven-settings/2.0.6/maven-settings-2.0.6.jar
2022-09-26 19:39:03,199 [AetherRepositoryConnector-repo.maven.apache.org-0-4] INFO  o.e.m.c.i.e.AbstractTransferListenerAdapter - Downloaded https://repo.maven.apache.org/maven2/org/apache/maven/maven-artifact-manager/2.0.6/maven-artifact-manager-2.0.6.jar
2022-09-26 19:39:03,336 [AetherRepositoryConnector-repo.maven.apache.org-0-3] INFO  o.e.m.c.i.e.AbstractTransferListenerAdapter - Downloading https://repo.maven.apache.org/maven2/org/apache/maven/maven-plugin-registry/2.0.6/maven-plugin-registry-2.0.6.jar
2022-09-26 19:39:03,336 [AetherRepositoryConnector-repo.maven.apache.org-0-1] INFO  o.e.m.c.i.e.AbstractTransferListenerAdapter - Downloaded https://repo.maven.apache.org/maven2/org/apache/maven/maven-project/2.0.6/maven-project-2.0.6.jar
2022-09-26 19:39:03,470 [AetherRepositoryConnector-repo.maven.apache.org-0-4] INFO  o.e.m.c.i.e.AbstractTransferListenerAdapter - Downloading https://repo.maven.apache.org/maven2/classworlds/classworlds/1.1-alpha-2/classworlds-1.1-alpha-2.jar
2022-09-26 19:39:03,478 [AetherRepositoryConnector-repo.maven.apache.org-0-2] INFO  o.e.m.c.i.e.AbstractTransferListenerAdapter - Downloading https://repo.maven.apache.org/maven2/junit/junit/3.8.1/junit-3.8.1.jar
2022-09-26 19:39:03,478 [AetherRepositoryConnector-repo.maven.apache.org-0-0] INFO  o.e.m.c.i.e.AbstractTransferListenerAdapter - Downloaded https://repo.maven.apache.org/maven2/org/apache/maven/maven-repository-metadata/2.0.6/maven-repository-metadata-2.0.6.jar
2022-09-26 19:39:03,608 [AetherRepositoryConnector-repo.maven.apache.org-0-1] INFO  o.e.m.c.i.e.AbstractTransferListenerAdapter - Downloading https://repo.maven.apache.org/maven2/org/apache/maven/maven-model/2.0.6/maven-model-2.0.6.jar
2022-09-26 19:39:03,615 [AetherRepositoryConnector-repo.maven.apache.org-0-3] INFO  o.e.m.c.i.e.AbstractTransferListenerAdapter - Downloaded https://repo.maven.apache.org/maven2/org/apache/maven/maven-plugin-registry/2.0.6/maven-plugin-registry-2.0.6.jar
2022-09-26 19:39:03,746 [AetherRepositoryConnector-repo.maven.apache.org-0-4] INFO  o.e.m.c.i.e.AbstractTransferListenerAdapter - Downloaded https://repo.maven.apache.org/maven2/classworlds/classworlds/1.1-alpha-2/classworlds-1.1-alpha-2.jar
2022-09-26 19:39:03,748 [AetherRepositoryConnector-repo.maven.apache.org-0-0] INFO  o.e.m.c.i.e.AbstractTransferListenerAdapter - Downloading https://repo.maven.apache.org/maven2/org/apache/maven/maven-artifact/2.0.6/maven-artifact-2.0.6.jar
2022-09-26 19:39:03,761 [AetherRepositoryConnector-repo.maven.apache.org-0-2] INFO  o.e.m.c.i.e.AbstractTransferListenerAdapter - Downloaded https://repo.maven.apache.org/maven2/junit/junit/3.8.1/junit-3.8.1.jar
2022-09-26 19:39:03,883 [AetherRepositoryConnector-repo.maven.apache.org-0-3] INFO  o.e.m.c.i.e.AbstractTransferListenerAdapter - Downloading https://repo.maven.apache.org/maven2/org/apache/maven/maven-archiver/2.5/maven-archiver-2.5.jar
2022-09-26 19:39:03,887 [AetherRepositoryConnector-repo.maven.apache.org-0-1] INFO  o.e.m.c.i.e.AbstractTransferListenerAdapter - Downloaded https://repo.maven.apache.org/maven2/org/apache/maven/maven-model/2.0.6/maven-model-2.0.6.jar
2022-09-26 19:39:04,022 [AetherRepositoryConnector-repo.maven.apache.org-0-0] INFO  o.e.m.c.i.e.AbstractTransferListenerAdapter - Downloaded https://repo.maven.apache.org/maven2/org/apache/maven/maven-artifact/2.0.6/maven-artifact-2.0.6.jar
2022-09-26 19:39:04,022 [AetherRepositoryConnector-repo.maven.apache.org-0-2] INFO  o.e.m.c.i.e.AbstractTransferListenerAdapter - Downloading https://repo.maven.apache.org/maven2/org/apache/maven/maven-plugin-parameter-documenter/2.0.6/maven-plugin-parameter-documenter-2.0.6.jar
2022-09-26 19:39:04,024 [AetherRepositoryConnector-repo.maven.apache.org-0-4] INFO  o.e.m.c.i.e.AbstractTransferListenerAdapter - Downloading https://repo.maven.apache.org/maven2/org/apache/maven/maven-core/2.0.6/maven-core-2.0.6.jar
2022-09-26 19:39:04,163 [AetherRepositoryConnector-repo.maven.apache.org-0-1] INFO  o.e.m.c.i.e.AbstractTransferListenerAdapter - Downloading https://repo.maven.apache.org/maven2/org/apache/maven/reporting/maven-reporting-api/2.0.6/maven-reporting-api-2.0.6.jar
2022-09-26 19:39:04,164 [AetherRepositoryConnector-repo.maven.apache.org-0-3] INFO  o.e.m.c.i.e.AbstractTransferListenerAdapter - Downloaded https://repo.maven.apache.org/maven2/org/apache/maven/maven-archiver/2.5/maven-archiver-2.5.jar
2022-09-26 19:39:04,297 [AetherRepositoryConnector-repo.maven.apache.org-0-4] INFO  o.e.m.c.i.e.AbstractTransferListenerAdapter - Downloaded https://repo.maven.apache.org/maven2/org/apache/maven/maven-core/2.0.6/maven-core-2.0.6.jar
2022-09-26 19:39:04,297 [AetherRepositoryConnector-repo.maven.apache.org-0-2] INFO  o.e.m.c.i.e.AbstractTransferListenerAdapter - Downloaded https://repo.maven.apache.org/maven2/org/apache/maven/maven-plugin-parameter-documenter/2.0.6/maven-plugin-parameter-documenter-2.0.6.jar
2022-09-26 19:39:04,297 [AetherRepositoryConnector-repo.maven.apache.org-0-0] INFO  o.e.m.c.i.e.AbstractTransferListenerAdapter - Downloading https://repo.maven.apache.org/maven2/org/apache/maven/doxia/doxia-sink-api/1.0-alpha-7/doxia-sink-api-1.0-alpha-7.jar
2022-09-26 19:39:04,441 [AetherRepositoryConnector-repo.maven.apache.org-0-3] INFO  o.e.m.c.i.e.AbstractTransferListenerAdapter - Downloading https://repo.maven.apache.org/maven2/org/apache/maven/maven-error-diagnostics/2.0.6/maven-error-diagnostics-2.0.6.jar
2022-09-26 19:39:04,443 [AetherRepositoryConnector-repo.maven.apache.org-0-1] INFO  o.e.m.c.i.e.AbstractTransferListenerAdapter - Downloaded https://repo.maven.apache.org/maven2/org/apache/maven/reporting/maven-reporting-api/2.0.6/maven-reporting-api-2.0.6.jar
2022-09-26 19:39:04,577 [AetherRepositoryConnector-repo.maven.apache.org-0-2] INFO  o.e.m.c.i.e.AbstractTransferListenerAdapter - Downloading https://repo.maven.apache.org/maven2/commons-cli/commons-cli/1.0/commons-cli-1.0.jar
2022-09-26 19:39:04,582 [AetherRepositoryConnector-repo.maven.apache.org-0-4] INFO  o.e.m.c.i.e.AbstractTransferListenerAdapter - Downloading https://repo.maven.apache.org/maven2/org/apache/maven/maven-plugin-descriptor/2.0.6/maven-plugin-descriptor-2.0.6.jar
2022-09-26 19:39:04,589 [AetherRepositoryConnector-repo.maven.apache.org-0-0] INFO  o.e.m.c.i.e.AbstractTransferListenerAdapter - Downloaded https://repo.maven.apache.org/maven2/org/apache/maven/doxia/doxia-sink-api/1.0-alpha-7/doxia-sink-api-1.0-alpha-7.jar
2022-09-26 19:39:04,716 [AetherRepositoryConnector-repo.maven.apache.org-0-1] INFO  o.e.m.c.i.e.AbstractTransferListenerAdapter - Downloading https://repo.maven.apache.org/maven2/org/codehaus/plexus/plexus-interactivity-api/1.0-alpha-4/plexus-interactivity-api-1.0-alpha-4.jar
2022-09-26 19:39:04,718 [AetherRepositoryConnector-repo.maven.apache.org-0-3] INFO  o.e.m.c.i.e.AbstractTransferListenerAdapter - Downloaded https://repo.maven.apache.org/maven2/org/apache/maven/maven-error-diagnostics/2.0.6/maven-error-diagnostics-2.0.6.jar
2022-09-26 19:39:04,864 [AetherRepositoryConnector-repo.maven.apache.org-0-4] INFO  o.e.m.c.i.e.AbstractTransferListenerAdapter - Downloaded https://repo.maven.apache.org/maven2/org/apache/maven/maven-plugin-descriptor/2.0.6/maven-plugin-descriptor-2.0.6.jar
2022-09-26 19:39:04,865 [AetherRepositoryConnector-repo.maven.apache.org-0-0] INFO  o.e.m.c.i.e.AbstractTransferListenerAdapter - Downloading https://repo.maven.apache.org/maven2/org/apache/maven/maven-monitor/2.0.6/maven-monitor-2.0.6.jar
2022-09-26 19:39:04,865 [AetherRepositoryConnector-repo.maven.apache.org-0-2] INFO  o.e.m.c.i.e.AbstractTransferListenerAdapter - Downloaded https://repo.maven.apache.org/maven2/commons-cli/commons-cli/1.0/commons-cli-1.0.jar
2022-09-26 19:39:05,001 [AetherRepositoryConnector-repo.maven.apache.org-0-3] INFO  o.e.m.c.i.e.AbstractTransferListenerAdapter - Downloading https://repo.maven.apache.org/maven2/org/codehaus/plexus/plexus-interpolation/1.15/plexus-interpolation-1.15.jar
2022-09-26 19:39:05,001 [AetherRepositoryConnector-repo.maven.apache.org-0-1] INFO  o.e.m.c.i.e.AbstractTransferListenerAdapter - Downloaded https://repo.maven.apache.org/maven2/org/codehaus/plexus/plexus-interactivity-api/1.0-alpha-4/plexus-interactivity-api-1.0-alpha-4.jar
2022-09-26 19:39:05,153 [AetherRepositoryConnector-repo.maven.apache.org-0-2] INFO  o.e.m.c.i.e.AbstractTransferListenerAdapter - Downloading https://repo.maven.apache.org/maven2/org/codehaus/plexus/plexus-io/2.0.2/plexus-io-2.0.2.jar
2022-09-26 19:39:05,153 [AetherRepositoryConnector-repo.maven.apache.org-0-0] INFO  o.e.m.c.i.e.AbstractTransferListenerAdapter - Downloaded https://repo.maven.apache.org/maven2/org/apache/maven/maven-monitor/2.0.6/maven-monitor-2.0.6.jar
2022-09-26 19:39:05,163 [AetherRepositoryConnector-repo.maven.apache.org-0-4] INFO  o.e.m.c.i.e.AbstractTransferListenerAdapter - Downloading https://repo.maven.apache.org/maven2/org/codehaus/plexus/plexus-archiver/2.1/plexus-archiver-2.1.jar
2022-09-26 19:39:05,289 [AetherRepositoryConnector-repo.maven.apache.org-0-3] INFO  o.e.m.c.i.e.AbstractTransferListenerAdapter - Downloaded https://repo.maven.apache.org/maven2/org/codehaus/plexus/plexus-interpolation/1.15/plexus-interpolation-1.15.jar
2022-09-26 19:39:05,289 [AetherRepositoryConnector-repo.maven.apache.org-0-1] INFO  o.e.m.c.i.e.AbstractTransferListenerAdapter - Downloading https://repo.maven.apache.org/maven2/commons-lang/commons-lang/2.1/commons-lang-2.1.jar
2022-09-26 19:39:05,427 [AetherRepositoryConnector-repo.maven.apache.org-0-2] INFO  o.e.m.c.i.e.AbstractTransferListenerAdapter - Downloaded https://repo.maven.apache.org/maven2/org/codehaus/plexus/plexus-io/2.0.2/plexus-io-2.0.2.jar
2022-09-26 19:39:05,428 [AetherRepositoryConnector-repo.maven.apache.org-0-4] INFO  o.e.m.c.i.e.AbstractTransferListenerAdapter - Downloaded https://repo.maven.apache.org/maven2/org/codehaus/plexus/plexus-archiver/2.1/plexus-archiver-2.1.jar
2022-09-26 19:39:05,428 [AetherRepositoryConnector-repo.maven.apache.org-0-0] INFO  o.e.m.c.i.e.AbstractTransferListenerAdapter - Downloading https://repo.maven.apache.org/maven2/org/codehaus/plexus/plexus-utils/3.0/plexus-utils-3.0.jar
2022-09-26 19:39:05,564 [AetherRepositoryConnector-repo.maven.apache.org-0-1] INFO  o.e.m.c.i.e.AbstractTransferListenerAdapter - Downloaded https://repo.maven.apache.org/maven2/commons-lang/commons-lang/2.1/commons-lang-2.1.jar
2022-09-26 19:39:05,708 [AetherRepositoryConnector-repo.maven.apache.org-0-0] INFO  o.e.m.c.i.e.AbstractTransferListenerAdapter - Downloaded https://repo.maven.apache.org/maven2/org/codehaus/plexus/plexus-utils/3.0/plexus-utils-3.0.jar
2022-09-26 19:39:06,260 [Worker-29: Update Maven projects configuration] INFO  o.e.m.c.i.e.AbstractTransferListenerAdapter - Downloading https://repo.maven.apache.org/maven2/org/apache/maven/shared/maven-filtering/1.1/maven-filtering-1.1.pom
2022-09-26 19:39:06,395 [Worker-29: Update Maven projects configuration] INFO  o.e.m.c.i.e.AbstractTransferListenerAdapter - Downloaded https://repo.maven.apache.org/maven2/org/apache/maven/shared/maven-filtering/1.1/maven-filtering-1.1.pom
2022-09-26 19:39:06,537 [Worker-29: Update Maven projects configuration] INFO  o.e.m.c.i.e.AbstractTransferListenerAdapter - Downloading https://repo.maven.apache.org/maven2/org/codehaus/plexus/plexus-interpolation/1.12/plexus-interpolation-1.12.pom
2022-09-26 19:39:06,671 [Worker-29: Update Maven projects configuration] INFO  o.e.m.c.i.e.AbstractTransferListenerAdapter - Downloaded https://repo.maven.apache.org/maven2/org/codehaus/plexus/plexus-interpolation/1.12/plexus-interpolation-1.12.pom
2022-09-26 19:39:06,810 [Worker-29: Update Maven projects configuration] INFO  o.e.m.c.i.e.AbstractTransferListenerAdapter - Downloading https://repo.maven.apache.org/maven2/org/sonatype/plexus/plexus-build-api/0.0.4/plexus-build-api-0.0.4.pom
2022-09-26 19:39:06,952 [Worker-29: Update Maven projects configuration] INFO  o.e.m.c.i.e.AbstractTransferListenerAdapter - Downloaded https://repo.maven.apache.org/maven2/org/sonatype/plexus/plexus-build-api/0.0.4/plexus-build-api-0.0.4.pom
2022-09-26 19:39:07,090 [Worker-29: Update Maven projects configuration] INFO  o.e.m.c.i.e.AbstractTransferListenerAdapter - Downloading https://repo.maven.apache.org/maven2/org/sonatype/spice/spice-parent/10/spice-parent-10.pom
2022-09-26 19:39:07,233 [Worker-29: Update Maven projects configuration] INFO  o.e.m.c.i.e.AbstractTransferListenerAdapter - Downloaded https://repo.maven.apache.org/maven2/org/sonatype/spice/spice-parent/10/spice-parent-10.pom
2022-09-26 19:39:07,371 [Worker-29: Update Maven projects configuration] INFO  o.e.m.c.i.e.AbstractTransferListenerAdapter - Downloading https://repo.maven.apache.org/maven2/org/sonatype/forge/forge-parent/3/forge-parent-3.pom
2022-09-26 19:39:07,518 [Worker-29: Update Maven projects configuration] INFO  o.e.m.c.i.e.AbstractTransferListenerAdapter - Downloaded https://repo.maven.apache.org/maven2/org/sonatype/forge/forge-parent/3/forge-parent-3.pom
2022-09-26 19:39:07,659 [Worker-29: Update Maven projects configuration] INFO  o.e.m.c.i.e.AbstractTransferListenerAdapter - Downloading https://repo.maven.apache.org/maven2/org/codehaus/plexus/plexus-interpolation/1.13/plexus-interpolation-1.13.pom
2022-09-26 19:39:07,796 [Worker-29: Update Maven projects configuration] INFO  o.e.m.c.i.e.AbstractTransferListenerAdapter - Downloaded https://repo.maven.apache.org/maven2/org/codehaus/plexus/plexus-interpolation/1.13/plexus-interpolation-1.13.pom
2022-09-26 19:39:07,933 [Worker-29: Update Maven projects configuration] INFO  o.e.m.c.i.e.AbstractTransferListenerAdapter - Downloading https://repo.maven.apache.org/maven2/org/codehaus/plexus/plexus-components/1.1.15/plexus-components-1.1.15.pom
2022-09-26 19:39:08,076 [Worker-29: Update Maven projects configuration] INFO  o.e.m.c.i.e.AbstractTransferListenerAdapter - Downloaded https://repo.maven.apache.org/maven2/org/codehaus/plexus/plexus-components/1.1.15/plexus-components-1.1.15.pom
2022-09-26 19:39:08,218 [Worker-29: Update Maven projects configuration] INFO  o.e.m.c.i.e.AbstractTransferListenerAdapter - Downloading https://repo.maven.apache.org/maven2/org/codehaus/plexus/plexus/2.0.3/plexus-2.0.3.pom
2022-09-26 19:39:08,384 [Worker-29: Update Maven projects configuration] INFO  o.e.m.c.i.e.AbstractTransferListenerAdapter - Downloaded https://repo.maven.apache.org/maven2/org/codehaus/plexus/plexus/2.0.3/plexus-2.0.3.pom
2022-09-26 19:39:08,524 [AetherRepositoryConnector-repo.maven.apache.org-1-0] INFO  o.e.m.c.i.e.AbstractTransferListenerAdapter - Downloading https://repo.maven.apache.org/maven2/org/codehaus/plexus/plexus-utils/2.0.5/plexus-utils-2.0.5.jar
2022-09-26 19:39:08,671 [AetherRepositoryConnector-repo.maven.apache.org-1-3] INFO  o.e.m.c.i.e.AbstractTransferListenerAdapter - Downloading https://repo.maven.apache.org/maven2/org/codehaus/plexus/plexus-interpolation/1.13/plexus-interpolation-1.13.jar
2022-09-26 19:39:08,671 [AetherRepositoryConnector-repo.maven.apache.org-1-1] INFO  o.e.m.c.i.e.AbstractTransferListenerAdapter - Downloading https://repo.maven.apache.org/maven2/org/apache/maven/shared/maven-filtering/1.1/maven-filtering-1.1.jar
2022-09-26 19:39:08,671 [AetherRepositoryConnector-repo.maven.apache.org-1-2] INFO  o.e.m.c.i.e.AbstractTransferListenerAdapter - Downloading https://repo.maven.apache.org/maven2/org/sonatype/plexus/plexus-build-api/0.0.4/plexus-build-api-0.0.4.jar
2022-09-26 19:39:08,871 [AetherRepositoryConnector-repo.maven.apache.org-1-2] INFO  o.e.m.c.i.e.AbstractTransferListenerAdapter - Downloaded https://repo.maven.apache.org/maven2/org/sonatype/plexus/plexus-build-api/0.0.4/plexus-build-api-0.0.4.jar
2022-09-26 19:39:09,128 [AetherRepositoryConnector-repo.maven.apache.org-1-1] INFO  o.e.m.c.i.e.AbstractTransferListenerAdapter - Downloaded https://repo.maven.apache.org/maven2/org/apache/maven/shared/maven-filtering/1.1/maven-filtering-1.1.jar
2022-09-26 19:39:09,258 [AetherRepositoryConnector-repo.maven.apache.org-1-3] INFO  o.e.m.c.i.e.AbstractTransferListenerAdapter - Downloaded https://repo.maven.apache.org/maven2/org/codehaus/plexus/plexus-interpolation/1.13/plexus-interpolation-1.13.jar
2022-09-26 19:39:09,462 [AetherRepositoryConnector-repo.maven.apache.org-1-0] INFO  o.e.m.c.i.e.AbstractTransferListenerAdapter - Downloaded https://repo.maven.apache.org/maven2/org/codehaus/plexus/plexus-utils/2.0.5/plexus-utils-2.0.5.jar
2022-09-26 19:39:09,494 [Worker-31: Building] WARN  o.e.m.c.i.embedder.EclipseLogger - Using platform encoding (UTF-8 actually) to copy filtered resources, i.e. build is platform dependent!
2022-09-26 19:39:09,497 [Worker-31: Building] INFO  o.e.m.c.i.embedder.EclipseLogger - Copying 1 resource
2022-09-26 19:39:09,501 [Worker-31: Building] WARN  o.e.m.c.i.embedder.EclipseLogger - Using platform encoding (UTF-8 actually) to copy filtered resources, i.e. build is platform dependent!
2022-09-26 19:39:09,501 [Worker-31: Building] INFO  o.e.m.c.i.embedder.EclipseLogger - skip non existing resourceDirectory /home/igor/eclipse-workspace/design-patterns-main/src/test/resources
2022-09-26 19:39:09,521 [Worker-29: Update Maven projects configuration] INFO  o.e.m.j.i.AbstractJavaProjectConfigurator - Adding source folder /design-patterns-main/src/main/java
2022-09-26 19:39:09,522 [Worker-29: Update Maven projects configuration] INFO  o.e.m.j.i.AbstractJavaProjectConfigurator - Adding resource folder /design-patterns-main/src/main/resources
2022-09-26 19:39:09,523 [Worker-29: Update Maven projects configuration] INFO  o.e.m.j.i.AbstractJavaProjectConfigurator - Adding source folder /design-patterns-main/src/test/java
2022-09-26 19:39:10,176 [Worker-29: Update Maven projects configuration] INFO  o.e.m.c.i.p.ProjectConfigurationManager - Update completed: 23 sec
2022-09-26 19:39:10,762 [Worker-30: Building] WARN  o.e.m.c.i.embedder.EclipseLogger - Using platform encoding (UTF-8 actually) to copy filtered resources, i.e. build is platform dependent!
2022-09-26 19:39:10,764 [Worker-30: Building] INFO  o.e.m.c.i.embedder.EclipseLogger - Copying 1 resource
2022-09-26 19:39:10,766 [Worker-30: Building] WARN  o.e.m.c.i.embedder.EclipseLogger - Using platform encoding (UTF-8 actually) to copy filtered resources, i.e. build is platform dependent!
2022-09-26 19:39:10,766 [Worker-30: Building] INFO  o.e.m.c.i.embedder.EclipseLogger - skip non existing resourceDirectory /home/igor/eclipse-workspace/design-patterns-main/src/test/resources
2022-09-26 19:52:48,247 [Worker-33: Building] WARN  o.e.m.c.i.embedder.EclipseLogger - Using platform encoding (UTF-8 actually) to copy filtered resources, i.e. build is platform dependent!
2022-09-26 19:52:48,248 [Worker-33: Building] INFO  o.e.m.c.i.embedder.EclipseLogger - Copying 1 resource
2022-09-26 19:52:48,248 [Worker-33: Building] WARN  o.e.m.c.i.embedder.EclipseLogger - Using platform encoding (UTF-8 actually) to copy filtered resources, i.e. build is platform dependent!
2022-09-26 19:52:48,249 [Worker-33: Building] INFO  o.e.m.c.i.embedder.EclipseLogger - skip non existing resourceDirectory /home/igor/eclipse-workspace/design-patterns-main/src/test/resources
2022-09-26 20:33:41,022 [Worker-39: Building] WARN  o.e.m.c.i.embedder.EclipseLogger - Using platform encoding (UTF-8 actually) to copy filtered resources, i.e. build is platform dependent!
2022-09-26 20:33:41,022 [Worker-39: Building] INFO  o.e.m.c.i.embedder.EclipseLogger - Copying 1 resource
2022-09-26 20:33:41,023 [Worker-39: Building] WARN  o.e.m.c.i.embedder.EclipseLogger - Using platform encoding (UTF-8 actually) to copy filtered resources, i.e. build is platform dependent!
2022-09-26 20:33:41,023 [Worker-39: Building] INFO  o.e.m.c.i.embedder.EclipseLogger - skip non existing resourceDirectory /home/igor/eclipse-workspace/design-patterns-main/src/test/resources
2022-09-26 20:33:52,850 [Worker-44: Building] WARN  o.e.m.c.i.embedder.EclipseLogger - Using platform encoding (UTF-8 actually) to copy filtered resources, i.e. build is platform dependent!
2022-09-26 20:33:52,851 [Worker-44: Building] INFO  o.e.m.c.i.embedder.EclipseLogger - Copying 1 resource
2022-09-26 20:33:52,852 [Worker-44: Building] WARN  o.e.m.c.i.embedder.EclipseLogger - Using platform encoding (UTF-8 actually) to copy filtered resources, i.e. build is platform dependent!
2022-09-26 20:33:52,852 [Worker-44: Building] INFO  o.e.m.c.i.embedder.EclipseLogger - skip non existing resourceDirectory /home/igor/eclipse-workspace/design-patterns-main/src/test/resources
2022-09-26 20:49:30,296 [Worker-39: Building] WARN  o.e.m.c.i.embedder.EclipseLogger - Using platform encoding (UTF-8 actually) to copy filtered resources, i.e. build is platform dependent!
2022-09-26 20:49:30,297 [Worker-39: Building] INFO  o.e.m.c.i.embedder.EclipseLogger - Copying 1 resource
2022-09-26 20:49:30,297 [Worker-39: Building] WARN  o.e.m.c.i.embedder.EclipseLogger - Using platform encoding (UTF-8 actually) to copy filtered resources, i.e. build is platform dependent!
2022-09-26 20:49:30,298 [Worker-39: Building] INFO  o.e.m.c.i.embedder.EclipseLogger - skip non existing resourceDirectory /home/igor/eclipse-workspace/design-patterns-main/src/test/resources
2022-09-26 20:49:33,244 [Worker-47: Building] WARN  o.e.m.c.i.embedder.EclipseLogger - Using platform encoding (UTF-8 actually) to copy filtered resources, i.e. build is platform dependent!
2022-09-26 20:49:33,245 [Worker-47: Building] INFO  o.e.m.c.i.embedder.EclipseLogger - Copying 1 resource
2022-09-26 20:49:33,246 [Worker-47: Building] WARN  o.e.m.c.i.embedder.EclipseLogger - Using platform encoding (UTF-8 actually) to copy filtered resources, i.e. build is platform dependent!
2022-09-26 20:49:33,246 [Worker-47: Building] INFO  o.e.m.c.i.embedder.EclipseLogger - skip non existing resourceDirectory /home/igor/eclipse-workspace/design-patterns-main/src/test/resources
2022-09-26 21:00:27,972 [Worker-49: Building] WARN  o.e.m.c.i.embedder.EclipseLogger - Using platform encoding (UTF-8 actually) to copy filtered resources, i.e. build is platform dependent!
2022-09-26 21:00:27,973 [Worker-49: Building] INFO  o.e.m.c.i.embedder.EclipseLogger - Copying 1 resource
2022-09-26 21:00:27,974 [Worker-49: Building] WARN  o.e.m.c.i.embedder.EclipseLogger - Using platform encoding (UTF-8 actually) to copy filtered resources, i.e. build is platform dependent!
2022-09-26 21:00:27,974 [Worker-49: Building] INFO  o.e.m.c.i.embedder.EclipseLogger - skip non existing resourceDirectory /home/igor/eclipse-workspace/design-patterns-main/src/test/resources
2022-09-26 23:50:37,379 [Worker-57: Import Getting Started Content] INFO  o.e.m.c.i.e.AbstractTransferListenerAdapter - Downloading https://repo.maven.apache.org/maven2/org/springframework/boot/spring-boot-starter-parent/2.7.4/spring-boot-starter-parent-2.7.4.pom
2022-09-26 23:50:37,669 [Worker-57: Import Getting Started Content] INFO  o.e.m.c.i.e.AbstractTransferListenerAdapter - Downloaded https://repo.maven.apache.org/maven2/org/springframework/boot/spring-boot-starter-parent/2.7.4/spring-boot-starter-parent-2.7.4.pom
2022-09-26 23:50:37,822 [Worker-57: Import Getting Started Content] INFO  o.e.m.c.i.e.AbstractTransferListenerAdapter - Downloading https://repo.maven.apache.org/maven2/org/springframework/boot/spring-boot-dependencies/2.7.4/spring-boot-dependencies-2.7.4.pom
2022-09-26 23:50:38,266 [Worker-57: Import Getting Started Content] INFO  o.e.m.c.i.e.AbstractTransferListenerAdapter - Downloaded https://repo.maven.apache.org/maven2/org/springframework/boot/spring-boot-dependencies/2.7.4/spring-boot-dependencies-2.7.4.pom
2022-09-26 23:50:38,432 [Worker-57: Import Getting Started Content] INFO  o.e.m.c.i.e.AbstractTransferListenerAdapter - Downloading https://repo.maven.apache.org/maven2/io/dropwizard/metrics/metrics-bom/4.2.12/metrics-bom-4.2.12.pom
2022-09-26 23:50:38,585 [Worker-57: Import Getting Started Content] INFO  o.e.m.c.i.e.AbstractTransferListenerAdapter - Downloaded https://repo.maven.apache.org/maven2/io/dropwizard/metrics/metrics-bom/4.2.12/metrics-bom-4.2.12.pom
2022-09-26 23:50:38,737 [Worker-57: Import Getting Started Content] INFO  o.e.m.c.i.e.AbstractTransferListenerAdapter - Downloading https://repo.maven.apache.org/maven2/io/dropwizard/metrics/metrics-parent/4.2.12/metrics-parent-4.2.12.pom
2022-09-26 23:50:38,896 [Worker-57: Import Getting Started Content] INFO  o.e.m.c.i.e.AbstractTransferListenerAdapter - Downloaded https://repo.maven.apache.org/maven2/io/dropwizard/metrics/metrics-parent/4.2.12/metrics-parent-4.2.12.pom
2022-09-26 23:50:39,061 [Worker-57: Import Getting Started Content] INFO  o.e.m.c.i.e.AbstractTransferListenerAdapter - Downloading https://repo.maven.apache.org/maven2/org/codehaus/groovy/groovy-bom/3.0.13/groovy-bom-3.0.13.pom
2022-09-26 23:50:39,219 [Worker-57: Import Getting Started Content] INFO  o.e.m.c.i.e.AbstractTransferListenerAdapter - Downloaded https://repo.maven.apache.org/maven2/org/codehaus/groovy/groovy-bom/3.0.13/groovy-bom-3.0.13.pom
2022-09-26 23:50:39,378 [Worker-57: Import Getting Started Content] INFO  o.e.m.c.i.e.AbstractTransferListenerAdapter - Downloading https://repo.maven.apache.org/maven2/org/infinispan/infinispan-bom/13.0.11.Final/infinispan-bom-13.0.11.Final.pom
2022-09-26 23:50:39,527 [Worker-57: Import Getting Started Content] INFO  o.e.m.c.i.e.AbstractTransferListenerAdapter - Downloaded https://repo.maven.apache.org/maven2/org/infinispan/infinispan-bom/13.0.11.Final/infinispan-bom-13.0.11.Final.pom
2022-09-26 23:50:39,691 [Worker-57: Import Getting Started Content] INFO  o.e.m.c.i.e.AbstractTransferListenerAdapter - Downloading https://repo.maven.apache.org/maven2/org/infinispan/infinispan-build-configuration-parent/13.0.11.Final/infinispan-build-configuration-parent-13.0.11.Final.pom
2022-09-26 23:50:39,857 [Worker-57: Import Getting Started Content] INFO  o.e.m.c.i.e.AbstractTransferListenerAdapter - Downloaded https://repo.maven.apache.org/maven2/org/infinispan/infinispan-build-configuration-parent/13.0.11.Final/infinispan-build-configuration-parent-13.0.11.Final.pom
2022-09-26 23:50:40,020 [Worker-57: Import Getting Started Content] INFO  o.e.m.c.i.e.AbstractTransferListenerAdapter - Downloading https://repo.maven.apache.org/maven2/com/fasterxml/jackson/jackson-bom/2.13.4/jackson-bom-2.13.4.pom
2022-09-26 23:50:40,172 [Worker-57: Import Getting Started Content] INFO  o.e.m.c.i.e.AbstractTransferListenerAdapter - Downloaded https://repo.maven.apache.org/maven2/com/fasterxml/jackson/jackson-bom/2.13.4/jackson-bom-2.13.4.pom
2022-09-26 23:50:40,346 [Worker-57: Import Getting Started Content] INFO  o.e.m.c.i.e.AbstractTransferListenerAdapter - Downloading https://repo.maven.apache.org/maven2/org/eclipse/jetty/jetty-bom/9.4.49.v20220914/jetty-bom-9.4.49.v20220914.pom
2022-09-26 23:50:40,496 [Worker-57: Import Getting Started Content] INFO  o.e.m.c.i.e.AbstractTransferListenerAdapter - Downloaded https://repo.maven.apache.org/maven2/org/eclipse/jetty/jetty-bom/9.4.49.v20220914/jetty-bom-9.4.49.v20220914.pom
2022-09-26 23:50:40,675 [Worker-57: Import Getting Started Content] INFO  o.e.m.c.i.e.AbstractTransferListenerAdapter - Downloading https://repo.maven.apache.org/maven2/io/micrometer/micrometer-bom/1.9.4/micrometer-bom-1.9.4.pom
2022-09-26 23:50:40,825 [Worker-57: Import Getting Started Content] INFO  o.e.m.c.i.e.AbstractTransferListenerAdapter - Downloaded https://repo.maven.apache.org/maven2/io/micrometer/micrometer-bom/1.9.4/micrometer-bom-1.9.4.pom
2022-09-26 23:50:40,981 [Worker-57: Import Getting Started Content] INFO  o.e.m.c.i.e.AbstractTransferListenerAdapter - Downloading https://repo.maven.apache.org/maven2/io/netty/netty-bom/4.1.82.Final/netty-bom-4.1.82.Final.pom
2022-09-26 23:50:41,131 [Worker-57: Import Getting Started Content] INFO  o.e.m.c.i.e.AbstractTransferListenerAdapter - Downloaded https://repo.maven.apache.org/maven2/io/netty/netty-bom/4.1.82.Final/netty-bom-4.1.82.Final.pom
2022-09-26 23:50:41,290 [Worker-57: Import Getting Started Content] INFO  o.e.m.c.i.e.AbstractTransferListenerAdapter - Downloading https://repo.maven.apache.org/maven2/io/r2dbc/r2dbc-bom/Borca-SR2/r2dbc-bom-Borca-SR2.pom
2022-09-26 23:50:41,443 [Worker-57: Import Getting Started Content] INFO  o.e.m.c.i.e.AbstractTransferListenerAdapter - Downloaded https://repo.maven.apache.org/maven2/io/r2dbc/r2dbc-bom/Borca-SR2/r2dbc-bom-Borca-SR2.pom
2022-09-26 23:50:41,596 [Worker-57: Import Getting Started Content] INFO  o.e.m.c.i.e.AbstractTransferListenerAdapter - Downloading https://repo.maven.apache.org/maven2/io/projectreactor/reactor-bom/2020.0.23/reactor-bom-2020.0.23.pom
2022-09-26 23:50:41,747 [Worker-57: Import Getting Started Content] INFO  o.e.m.c.i.e.AbstractTransferListenerAdapter - Downloaded https://repo.maven.apache.org/maven2/io/projectreactor/reactor-bom/2020.0.23/reactor-bom-2020.0.23.pom
2022-09-26 23:50:41,902 [Worker-57: Import Getting Started Content] INFO  o.e.m.c.i.e.AbstractTransferListenerAdapter - Downloading https://repo.maven.apache.org/maven2/io/rsocket/rsocket-bom/1.1.3/rsocket-bom-1.1.3.pom
2022-09-26 23:50:42,072 [Worker-57: Import Getting Started Content] INFO  o.e.m.c.i.e.AbstractTransferListenerAdapter - Downloaded https://repo.maven.apache.org/maven2/io/rsocket/rsocket-bom/1.1.3/rsocket-bom-1.1.3.pom
2022-09-26 23:50:42,224 [Worker-57: Import Getting Started Content] INFO  o.e.m.c.i.e.AbstractTransferListenerAdapter - Downloading https://repo.maven.apache.org/maven2/org/springframework/data/spring-data-bom/2021.2.3/spring-data-bom-2021.2.3.pom
2022-09-26 23:50:42,374 [Worker-57: Import Getting Started Content] INFO  o.e.m.c.i.e.AbstractTransferListenerAdapter - Downloaded https://repo.maven.apache.org/maven2/org/springframework/data/spring-data-bom/2021.2.3/spring-data-bom-2021.2.3.pom
2022-09-26 23:50:42,527 [Worker-57: Import Getting Started Content] INFO  o.e.m.c.i.e.AbstractTransferListenerAdapter - Downloading https://repo.maven.apache.org/maven2/org/springframework/spring-framework-bom/5.3.23/spring-framework-bom-5.3.23.pom
2022-09-26 23:50:42,680 [Worker-57: Import Getting Started Content] INFO  o.e.m.c.i.e.AbstractTransferListenerAdapter - Downloaded https://repo.maven.apache.org/maven2/org/springframework/spring-framework-bom/5.3.23/spring-framework-bom-5.3.23.pom
2022-09-26 23:50:42,834 [Worker-57: Import Getting Started Content] INFO  o.e.m.c.i.e.AbstractTransferListenerAdapter - Downloading https://repo.maven.apache.org/maven2/org/springframework/integration/spring-integration-bom/5.5.15/spring-integration-bom-5.5.15.pom
2022-09-26 23:50:42,988 [Worker-57: Import Getting Started Content] INFO  o.e.m.c.i.e.AbstractTransferListenerAdapter - Downloaded https://repo.maven.apache.org/maven2/org/springframework/integration/spring-integration-bom/5.5.15/spring-integration-bom-5.5.15.pom
2022-09-26 23:50:44,070 [Worker-57: Import Getting Started Content] INFO  o.e.m.c.i.e.AbstractTransferListenerAdapter - Downloading https://repo.maven.apache.org/maven2/org/springframework/boot/spring-boot-maven-plugin/2.7.4/spring-boot-maven-plugin-2.7.4.pom
2022-09-26 23:50:44,383 [Worker-57: Import Getting Started Content] INFO  o.e.m.c.i.e.AbstractTransferListenerAdapter - Downloaded https://repo.maven.apache.org/maven2/org/springframework/boot/spring-boot-maven-plugin/2.7.4/spring-boot-maven-plugin-2.7.4.pom
2022-09-26 23:50:44,533 [Worker-57: Import Getting Started Content] INFO  o.e.m.c.i.e.AbstractTransferListenerAdapter - Downloading https://repo.maven.apache.org/maven2/org/springframework/boot/spring-boot-maven-plugin/2.7.4/spring-boot-maven-plugin-2.7.4.jar
2022-09-26 23:50:44,980 [Worker-57: Import Getting Started Content] INFO  o.e.m.c.i.e.AbstractTransferListenerAdapter - Downloaded https://repo.maven.apache.org/maven2/org/springframework/boot/spring-boot-maven-plugin/2.7.4/spring-boot-maven-plugin-2.7.4.jar
2022-09-26 23:50:45,077 [Worker-57: Import Getting Started Content] INFO  o.e.m.c.i.l.LifecycleMappingFactory - Using org.eclipse.m2e.jdt.JarLifecycleMapping lifecycle mapping for MavenProject: br.com.youtube:customer:0.0.1-SNAPSHOT @ /home/igor/eclipse-workspace/demo/pom.xml.
2022-09-26 23:50:45,239 [Worker-57: Import Getting Started Content] INFO  o.e.m.c.i.e.AbstractTransferListenerAdapter - Downloading https://repo.maven.apache.org/maven2/org/springframework/boot/spring-boot-starter-web/2.7.4/spring-boot-starter-web-2.7.4.pom
2022-09-26 23:50:45,392 [Worker-57: Import Getting Started Content] INFO  o.e.m.c.i.e.AbstractTransferListenerAdapter - Downloaded https://repo.maven.apache.org/maven2/org/springframework/boot/spring-boot-starter-web/2.7.4/spring-boot-starter-web-2.7.4.pom
2022-09-26 23:50:45,547 [Worker-57: Import Getting Started Content] INFO  o.e.m.c.i.e.AbstractTransferListenerAdapter - Downloading https://repo.maven.apache.org/maven2/org/springframework/boot/spring-boot-starter/2.7.4/spring-boot-starter-2.7.4.pom
2022-09-26 23:50:45,698 [Worker-57: Import Getting Started Content] INFO  o.e.m.c.i.e.AbstractTransferListenerAdapter - Downloaded https://repo.maven.apache.org/maven2/org/springframework/boot/spring-boot-starter/2.7.4/spring-boot-starter-2.7.4.pom
2022-09-26 23:50:45,849 [Worker-57: Import Getting Started Content] INFO  o.e.m.c.i.e.AbstractTransferListenerAdapter - Downloading https://repo.maven.apache.org/maven2/org/springframework/boot/spring-boot/2.7.4/spring-boot-2.7.4.pom
2022-09-26 23:50:45,996 [Worker-57: Import Getting Started Content] INFO  o.e.m.c.i.e.AbstractTransferListenerAdapter - Downloaded https://repo.maven.apache.org/maven2/org/springframework/boot/spring-boot/2.7.4/spring-boot-2.7.4.pom
2022-09-26 23:50:46,144 [Worker-57: Import Getting Started Content] INFO  o.e.m.c.i.e.AbstractTransferListenerAdapter - Downloading https://repo.maven.apache.org/maven2/org/springframework/spring-core/5.3.23/spring-core-5.3.23.pom
2022-09-26 23:50:46,293 [Worker-57: Import Getting Started Content] INFO  o.e.m.c.i.e.AbstractTransferListenerAdapter - Downloaded https://repo.maven.apache.org/maven2/org/springframework/spring-core/5.3.23/spring-core-5.3.23.pom
2022-09-26 23:50:46,444 [Worker-57: Import Getting Started Content] INFO  o.e.m.c.i.e.AbstractTransferListenerAdapter - Downloading https://repo.maven.apache.org/maven2/org/springframework/spring-jcl/5.3.23/spring-jcl-5.3.23.pom
2022-09-26 23:50:46,591 [Worker-57: Import Getting Started Content] INFO  o.e.m.c.i.e.AbstractTransferListenerAdapter - Downloaded https://repo.maven.apache.org/maven2/org/springframework/spring-jcl/5.3.23/spring-jcl-5.3.23.pom
2022-09-26 23:50:46,746 [Worker-57: Import Getting Started Content] INFO  o.e.m.c.i.e.AbstractTransferListenerAdapter - Downloading https://repo.maven.apache.org/maven2/org/springframework/spring-context/5.3.23/spring-context-5.3.23.pom
2022-09-26 23:50:46,896 [Worker-57: Import Getting Started Content] INFO  o.e.m.c.i.e.AbstractTransferListenerAdapter - Downloaded https://repo.maven.apache.org/maven2/org/springframework/spring-context/5.3.23/spring-context-5.3.23.pom
2022-09-26 23:50:47,051 [Worker-57: Import Getting Started Content] INFO  o.e.m.c.i.e.AbstractTransferListenerAdapter - Downloading https://repo.maven.apache.org/maven2/org/springframework/spring-aop/5.3.23/spring-aop-5.3.23.pom
2022-09-26 23:50:47,205 [Worker-57: Import Getting Started Content] INFO  o.e.m.c.i.e.AbstractTransferListenerAdapter - Downloaded https://repo.maven.apache.org/maven2/org/springframework/spring-aop/5.3.23/spring-aop-5.3.23.pom
2022-09-26 23:50:47,355 [Worker-57: Import Getting Started Content] INFO  o.e.m.c.i.e.AbstractTransferListenerAdapter - Downloading https://repo.maven.apache.org/maven2/org/springframework/spring-beans/5.3.23/spring-beans-5.3.23.pom
2022-09-26 23:50:47,502 [Worker-57: Import Getting Started Content] INFO  o.e.m.c.i.e.AbstractTransferListenerAdapter - Downloaded https://repo.maven.apache.org/maven2/org/springframework/spring-beans/5.3.23/spring-beans-5.3.23.pom
2022-09-26 23:50:47,653 [Worker-57: Import Getting Started Content] INFO  o.e.m.c.i.e.AbstractTransferListenerAdapter - Downloading https://repo.maven.apache.org/maven2/org/springframework/spring-expression/5.3.23/spring-expression-5.3.23.pom
2022-09-26 23:50:47,801 [Worker-57: Import Getting Started Content] INFO  o.e.m.c.i.e.AbstractTransferListenerAdapter - Downloaded https://repo.maven.apache.org/maven2/org/springframework/spring-expression/5.3.23/spring-expression-5.3.23.pom
2022-09-26 23:50:47,952 [Worker-57: Import Getting Started Content] INFO  o.e.m.c.i.e.AbstractTransferListenerAdapter - Downloading https://repo.maven.apache.org/maven2/org/springframework/boot/spring-boot-autoconfigure/2.7.4/spring-boot-autoconfigure-2.7.4.pom
2022-09-26 23:50:48,099 [Worker-57: Import Getting Started Content] INFO  o.e.m.c.i.e.AbstractTransferListenerAdapter - Downloaded https://repo.maven.apache.org/maven2/org/springframework/boot/spring-boot-autoconfigure/2.7.4/spring-boot-autoconfigure-2.7.4.pom
2022-09-26 23:50:48,259 [Worker-57: Import Getting Started Content] INFO  o.e.m.c.i.e.AbstractTransferListenerAdapter - Downloading https://repo.maven.apache.org/maven2/org/springframework/boot/spring-boot-starter-logging/2.7.4/spring-boot-starter-logging-2.7.4.pom
2022-09-26 23:50:48,407 [Worker-57: Import Getting Started Content] INFO  o.e.m.c.i.e.AbstractTransferListenerAdapter - Downloaded https://repo.maven.apache.org/maven2/org/springframework/boot/spring-boot-starter-logging/2.7.4/spring-boot-starter-logging-2.7.4.pom
2022-09-26 23:50:48,579 [Worker-57: Import Getting Started Content] INFO  o.e.m.c.i.e.AbstractTransferListenerAdapter - Downloading https://repo.maven.apache.org/maven2/org/springframework/boot/spring-boot-starter-json/2.7.4/spring-boot-starter-json-2.7.4.pom
2022-09-26 23:50:48,731 [Worker-57: Import Getting Started Content] INFO  o.e.m.c.i.e.AbstractTransferListenerAdapter - Downloaded https://repo.maven.apache.org/maven2/org/springframework/boot/spring-boot-starter-json/2.7.4/spring-boot-starter-json-2.7.4.pom
2022-09-26 23:50:48,881 [Worker-57: Import Getting Started Content] INFO  o.e.m.c.i.e.AbstractTransferListenerAdapter - Downloading https://repo.maven.apache.org/maven2/org/springframework/spring-web/5.3.23/spring-web-5.3.23.pom
2022-09-26 23:50:49,041 [Worker-57: Import Getting Started Content] INFO  o.e.m.c.i.e.AbstractTransferListenerAdapter - Downloaded https://repo.maven.apache.org/maven2/org/springframework/spring-web/5.3.23/spring-web-5.3.23.pom
2022-09-26 23:50:49,192 [Worker-57: Import Getting Started Content] INFO  o.e.m.c.i.e.AbstractTransferListenerAdapter - Downloading https://repo.maven.apache.org/maven2/com/fasterxml/jackson/core/jackson-databind/2.13.4/jackson-databind-2.13.4.pom
2022-09-26 23:50:49,350 [Worker-57: Import Getting Started Content] INFO  o.e.m.c.i.e.AbstractTransferListenerAdapter - Downloaded https://repo.maven.apache.org/maven2/com/fasterxml/jackson/core/jackson-databind/2.13.4/jackson-databind-2.13.4.pom
2022-09-26 23:50:49,508 [Worker-57: Import Getting Started Content] INFO  o.e.m.c.i.e.AbstractTransferListenerAdapter - Downloading https://repo.maven.apache.org/maven2/com/fasterxml/jackson/jackson-base/2.13.4/jackson-base-2.13.4.pom
2022-09-26 23:50:49,654 [Worker-57: Import Getting Started Content] INFO  o.e.m.c.i.e.AbstractTransferListenerAdapter - Downloaded https://repo.maven.apache.org/maven2/com/fasterxml/jackson/jackson-base/2.13.4/jackson-base-2.13.4.pom
2022-09-26 23:50:49,810 [Worker-57: Import Getting Started Content] INFO  o.e.m.c.i.e.AbstractTransferListenerAdapter - Downloading https://repo.maven.apache.org/maven2/com/fasterxml/jackson/core/jackson-annotations/2.13.4/jackson-annotations-2.13.4.pom
2022-09-26 23:50:49,958 [Worker-57: Import Getting Started Content] INFO  o.e.m.c.i.e.AbstractTransferListenerAdapter - Downloaded https://repo.maven.apache.org/maven2/com/fasterxml/jackson/core/jackson-annotations/2.13.4/jackson-annotations-2.13.4.pom
2022-09-26 23:50:50,111 [Worker-57: Import Getting Started Content] INFO  o.e.m.c.i.e.AbstractTransferListenerAdapter - Downloading https://repo.maven.apache.org/maven2/com/fasterxml/jackson/core/jackson-core/2.13.4/jackson-core-2.13.4.pom
2022-09-26 23:50:50,263 [Worker-57: Import Getting Started Content] INFO  o.e.m.c.i.e.AbstractTransferListenerAdapter - Downloaded https://repo.maven.apache.org/maven2/com/fasterxml/jackson/core/jackson-core/2.13.4/jackson-core-2.13.4.pom
2022-09-26 23:50:50,430 [Worker-57: Import Getting Started Content] INFO  o.e.m.c.i.e.AbstractTransferListenerAdapter - Downloading https://repo.maven.apache.org/maven2/com/fasterxml/jackson/datatype/jackson-datatype-jdk8/2.13.4/jackson-datatype-jdk8-2.13.4.pom
2022-09-26 23:50:50,583 [Worker-57: Import Getting Started Content] INFO  o.e.m.c.i.e.AbstractTransferListenerAdapter - Downloaded https://repo.maven.apache.org/maven2/com/fasterxml/jackson/datatype/jackson-datatype-jdk8/2.13.4/jackson-datatype-jdk8-2.13.4.pom
2022-09-26 23:50:50,735 [Worker-57: Import Getting Started Content] INFO  o.e.m.c.i.e.AbstractTransferListenerAdapter - Downloading https://repo.maven.apache.org/maven2/com/fasterxml/jackson/module/jackson-modules-java8/2.13.4/jackson-modules-java8-2.13.4.pom
2022-09-26 23:50:50,889 [Worker-57: Import Getting Started Content] INFO  o.e.m.c.i.e.AbstractTransferListenerAdapter - Downloaded https://repo.maven.apache.org/maven2/com/fasterxml/jackson/module/jackson-modules-java8/2.13.4/jackson-modules-java8-2.13.4.pom
2022-09-26 23:50:51,041 [Worker-57: Import Getting Started Content] INFO  o.e.m.c.i.e.AbstractTransferListenerAdapter - Downloading https://repo.maven.apache.org/maven2/com/fasterxml/jackson/datatype/jackson-datatype-jsr310/2.13.4/jackson-datatype-jsr310-2.13.4.pom
2022-09-26 23:50:51,194 [Worker-57: Import Getting Started Content] INFO  o.e.m.c.i.e.AbstractTransferListenerAdapter - Downloaded https://repo.maven.apache.org/maven2/com/fasterxml/jackson/datatype/jackson-datatype-jsr310/2.13.4/jackson-datatype-jsr310-2.13.4.pom
2022-09-26 23:50:51,349 [Worker-57: Import Getting Started Content] INFO  o.e.m.c.i.e.AbstractTransferListenerAdapter - Downloading https://repo.maven.apache.org/maven2/com/fasterxml/jackson/module/jackson-module-parameter-names/2.13.4/jackson-module-parameter-names-2.13.4.pom
2022-09-26 23:50:51,502 [Worker-57: Import Getting Started Content] INFO  o.e.m.c.i.e.AbstractTransferListenerAdapter - Downloaded https://repo.maven.apache.org/maven2/com/fasterxml/jackson/module/jackson-module-parameter-names/2.13.4/jackson-module-parameter-names-2.13.4.pom
2022-09-26 23:50:51,653 [Worker-57: Import Getting Started Content] INFO  o.e.m.c.i.e.AbstractTransferListenerAdapter - Downloading https://repo.maven.apache.org/maven2/org/springframework/boot/spring-boot-starter-tomcat/2.7.4/spring-boot-starter-tomcat-2.7.4.pom
2022-09-26 23:50:51,805 [Worker-57: Import Getting Started Content] INFO  o.e.m.c.i.e.AbstractTransferListenerAdapter - Downloaded https://repo.maven.apache.org/maven2/org/springframework/boot/spring-boot-starter-tomcat/2.7.4/spring-boot-starter-tomcat-2.7.4.pom
2022-09-26 23:50:51,965 [Worker-57: Import Getting Started Content] INFO  o.e.m.c.i.e.AbstractTransferListenerAdapter - Downloading https://repo.maven.apache.org/maven2/org/springframework/spring-webmvc/5.3.23/spring-webmvc-5.3.23.pom
2022-09-26 23:50:52,118 [Worker-57: Import Getting Started Content] INFO  o.e.m.c.i.e.AbstractTransferListenerAdapter - Downloaded https://repo.maven.apache.org/maven2/org/springframework/spring-webmvc/5.3.23/spring-webmvc-5.3.23.pom
2022-09-26 23:50:52,269 [Worker-57: Import Getting Started Content] INFO  o.e.m.c.i.e.AbstractTransferListenerAdapter - Downloading https://repo.maven.apache.org/maven2/org/springframework/boot/spring-boot-starter-test/2.7.4/spring-boot-starter-test-2.7.4.pom
2022-09-26 23:50:52,421 [Worker-57: Import Getting Started Content] INFO  o.e.m.c.i.e.AbstractTransferListenerAdapter - Downloaded https://repo.maven.apache.org/maven2/org/springframework/boot/spring-boot-starter-test/2.7.4/spring-boot-starter-test-2.7.4.pom
2022-09-26 23:50:52,572 [Worker-57: Import Getting Started Content] INFO  o.e.m.c.i.e.AbstractTransferListenerAdapter - Downloading https://repo.maven.apache.org/maven2/org/springframework/boot/spring-boot-test/2.7.4/spring-boot-test-2.7.4.pom
2022-09-26 23:50:52,718 [Worker-57: Import Getting Started Content] INFO  o.e.m.c.i.e.AbstractTransferListenerAdapter - Downloaded https://repo.maven.apache.org/maven2/org/springframework/boot/spring-boot-test/2.7.4/spring-boot-test-2.7.4.pom
2022-09-26 23:50:52,866 [Worker-57: Import Getting Started Content] INFO  o.e.m.c.i.e.AbstractTransferListenerAdapter - Downloading https://repo.maven.apache.org/maven2/org/springframework/boot/spring-boot-test-autoconfigure/2.7.4/spring-boot-test-autoconfigure-2.7.4.pom
2022-09-26 23:50:53,022 [Worker-57: Import Getting Started Content] INFO  o.e.m.c.i.e.AbstractTransferListenerAdapter - Downloaded https://repo.maven.apache.org/maven2/org/springframework/boot/spring-boot-test-autoconfigure/2.7.4/spring-boot-test-autoconfigure-2.7.4.pom
2022-09-26 23:50:53,207 [Worker-57: Import Getting Started Content] INFO  o.e.m.c.i.e.AbstractTransferListenerAdapter - Downloading https://repo.maven.apache.org/maven2/net/bytebuddy/byte-buddy/1.12.17/byte-buddy-1.12.17.pom
2022-09-26 23:50:53,361 [Worker-57: Import Getting Started Content] INFO  o.e.m.c.i.e.AbstractTransferListenerAdapter - Downloaded https://repo.maven.apache.org/maven2/net/bytebuddy/byte-buddy/1.12.17/byte-buddy-1.12.17.pom
2022-09-26 23:50:53,512 [Worker-57: Import Getting Started Content] INFO  o.e.m.c.i.e.AbstractTransferListenerAdapter - Downloading https://repo.maven.apache.org/maven2/net/bytebuddy/byte-buddy-parent/1.12.17/byte-buddy-parent-1.12.17.pom
2022-09-26 23:50:53,694 [Worker-57: Import Getting Started Content] INFO  o.e.m.c.i.e.AbstractTransferListenerAdapter - Downloaded https://repo.maven.apache.org/maven2/net/bytebuddy/byte-buddy-parent/1.12.17/byte-buddy-parent-1.12.17.pom
2022-09-26 23:50:53,848 [Worker-57: Import Getting Started Content] INFO  o.e.m.c.i.e.AbstractTransferListenerAdapter - Downloading https://repo.maven.apache.org/maven2/net/bytebuddy/byte-buddy-agent/1.12.17/byte-buddy-agent-1.12.17.pom
2022-09-26 23:50:53,996 [Worker-57: Import Getting Started Content] INFO  o.e.m.c.i.e.AbstractTransferListenerAdapter - Downloaded https://repo.maven.apache.org/maven2/net/bytebuddy/byte-buddy-agent/1.12.17/byte-buddy-agent-1.12.17.pom
2022-09-26 23:50:54,151 [Worker-57: Import Getting Started Content] INFO  o.e.m.c.i.e.AbstractTransferListenerAdapter - Downloading https://repo.maven.apache.org/maven2/org/springframework/spring-test/5.3.23/spring-test-5.3.23.pom
2022-09-26 23:50:54,301 [Worker-57: Import Getting Started Content] INFO  o.e.m.c.i.e.AbstractTransferListenerAdapter - Downloaded https://repo.maven.apache.org/maven2/org/springframework/spring-test/5.3.23/spring-test-5.3.23.pom
2022-09-26 23:50:54,454 [AetherRepositoryConnector-repo.maven.apache.org-2-4] INFO  o.e.m.c.i.e.AbstractTransferListenerAdapter - Downloading https://repo.maven.apache.org/maven2/org/springframework/boot/spring-boot-starter-logging/2.7.4/spring-boot-starter-logging-2.7.4.jar
2022-09-26 23:50:54,459 [AetherRepositoryConnector-repo.maven.apache.org-2-0] INFO  o.e.m.c.i.e.AbstractTransferListenerAdapter - Downloading https://repo.maven.apache.org/maven2/org/springframework/boot/spring-boot-starter-web/2.7.4/spring-boot-starter-web-2.7.4.jar
2022-09-26 23:50:54,468 [AetherRepositoryConnector-repo.maven.apache.org-2-3] INFO  o.e.m.c.i.e.AbstractTransferListenerAdapter - Downloading https://repo.maven.apache.org/maven2/org/springframework/boot/spring-boot-autoconfigure/2.7.4/spring-boot-autoconfigure-2.7.4.jar
2022-09-26 23:50:54,670 [AetherRepositoryConnector-repo.maven.apache.org-2-1] INFO  o.e.m.c.i.e.AbstractTransferListenerAdapter - Downloading https://repo.maven.apache.org/maven2/org/springframework/boot/spring-boot-starter/2.7.4/spring-boot-starter-2.7.4.jar
2022-09-26 23:50:54,670 [AetherRepositoryConnector-repo.maven.apache.org-2-2] INFO  o.e.m.c.i.e.AbstractTransferListenerAdapter - Downloading https://repo.maven.apache.org/maven2/org/springframework/boot/spring-boot/2.7.4/spring-boot-2.7.4.jar
2022-09-26 23:50:54,811 [AetherRepositoryConnector-repo.maven.apache.org-2-4] INFO  o.e.m.c.i.e.AbstractTransferListenerAdapter - Downloaded https://repo.maven.apache.org/maven2/org/springframework/boot/spring-boot-starter-logging/2.7.4/spring-boot-starter-logging-2.7.4.jar
2022-09-26 23:50:54,811 [AetherRepositoryConnector-repo.maven.apache.org-2-0] INFO  o.e.m.c.i.e.AbstractTransferListenerAdapter - Downloaded https://repo.maven.apache.org/maven2/org/springframework/boot/spring-boot-starter-web/2.7.4/spring-boot-starter-web-2.7.4.jar
2022-09-26 23:50:54,966 [AetherRepositoryConnector-repo.maven.apache.org-2-1] INFO  o.e.m.c.i.e.AbstractTransferListenerAdapter - Downloaded https://repo.maven.apache.org/maven2/org/springframework/boot/spring-boot-starter/2.7.4/spring-boot-starter-2.7.4.jar
2022-09-26 23:50:55,125 [AetherRepositoryConnector-repo.maven.apache.org-2-4] INFO  o.e.m.c.i.e.AbstractTransferListenerAdapter - Downloading https://repo.maven.apache.org/maven2/org/springframework/boot/spring-boot-starter-json/2.7.4/spring-boot-starter-json-2.7.4.jar
2022-09-26 23:50:55,125 [AetherRepositoryConnector-repo.maven.apache.org-2-0] INFO  o.e.m.c.i.e.AbstractTransferListenerAdapter - Downloading https://repo.maven.apache.org/maven2/com/fasterxml/jackson/core/jackson-databind/2.13.4/jackson-databind-2.13.4.jar
2022-09-26 23:50:55,230 [AetherRepositoryConnector-repo.maven.apache.org-2-1] INFO  o.e.m.c.i.e.AbstractTransferListenerAdapter - Downloading https://repo.maven.apache.org/maven2/com/fasterxml/jackson/core/jackson-annotations/2.13.4/jackson-annotations-2.13.4.jar
2022-09-26 23:50:55,328 [AetherRepositoryConnector-repo.maven.apache.org-2-3] INFO  o.e.m.c.i.e.AbstractTransferListenerAdapter - Downloaded https://repo.maven.apache.org/maven2/org/springframework/boot/spring-boot-autoconfigure/2.7.4/spring-boot-autoconfigure-2.7.4.jar
2022-09-26 23:50:55,328 [AetherRepositoryConnector-repo.maven.apache.org-2-4] INFO  o.e.m.c.i.e.AbstractTransferListenerAdapter - Downloaded https://repo.maven.apache.org/maven2/org/springframework/boot/spring-boot-starter-json/2.7.4/spring-boot-starter-json-2.7.4.jar
2022-09-26 23:50:55,328 [AetherRepositoryConnector-repo.maven.apache.org-2-2] INFO  o.e.m.c.i.e.AbstractTransferListenerAdapter - Downloaded https://repo.maven.apache.org/maven2/org/springframework/boot/spring-boot/2.7.4/spring-boot-2.7.4.jar
2022-09-26 23:50:55,472 [AetherRepositoryConnector-repo.maven.apache.org-2-0] INFO  o.e.m.c.i.e.AbstractTransferListenerAdapter - Downloaded https://repo.maven.apache.org/maven2/com/fasterxml/jackson/core/jackson-databind/2.13.4/jackson-databind-2.13.4.jar
2022-09-26 23:50:55,472 [AetherRepositoryConnector-repo.maven.apache.org-2-1] INFO  o.e.m.c.i.e.AbstractTransferListenerAdapter - Downloaded https://repo.maven.apache.org/maven2/com/fasterxml/jackson/core/jackson-annotations/2.13.4/jackson-annotations-2.13.4.jar
2022-09-26 23:50:55,618 [AetherRepositoryConnector-repo.maven.apache.org-2-3] INFO  o.e.m.c.i.e.AbstractTransferListenerAdapter - Downloading https://repo.maven.apache.org/maven2/com/fasterxml/jackson/datatype/jackson-datatype-jdk8/2.13.4/jackson-datatype-jdk8-2.13.4.jar
2022-09-26 23:50:55,619 [AetherRepositoryConnector-repo.maven.apache.org-2-2] INFO  o.e.m.c.i.e.AbstractTransferListenerAdapter - Downloading https://repo.maven.apache.org/maven2/com/fasterxml/jackson/datatype/jackson-datatype-jsr310/2.13.4/jackson-datatype-jsr310-2.13.4.jar
2022-09-26 23:50:55,619 [AetherRepositoryConnector-repo.maven.apache.org-2-4] INFO  o.e.m.c.i.e.AbstractTransferListenerAdapter - Downloading https://repo.maven.apache.org/maven2/com/fasterxml/jackson/core/jackson-core/2.13.4/jackson-core-2.13.4.jar
2022-09-26 23:50:55,762 [AetherRepositoryConnector-repo.maven.apache.org-2-1] INFO  o.e.m.c.i.e.AbstractTransferListenerAdapter - Downloading https://repo.maven.apache.org/maven2/com/fasterxml/jackson/module/jackson-module-parameter-names/2.13.4/jackson-module-parameter-names-2.13.4.jar
2022-09-26 23:50:55,762 [AetherRepositoryConnector-repo.maven.apache.org-2-0] INFO  o.e.m.c.i.e.AbstractTransferListenerAdapter - Downloading https://repo.maven.apache.org/maven2/org/springframework/boot/spring-boot-starter-tomcat/2.7.4/spring-boot-starter-tomcat-2.7.4.jar
2022-09-26 23:50:55,906 [AetherRepositoryConnector-repo.maven.apache.org-2-2] INFO  o.e.m.c.i.e.AbstractTransferListenerAdapter - Downloaded https://repo.maven.apache.org/maven2/com/fasterxml/jackson/datatype/jackson-datatype-jsr310/2.13.4/jackson-datatype-jsr310-2.13.4.jar
2022-09-26 23:50:55,906 [AetherRepositoryConnector-repo.maven.apache.org-2-3] INFO  o.e.m.c.i.e.AbstractTransferListenerAdapter - Downloaded https://repo.maven.apache.org/maven2/com/fasterxml/jackson/datatype/jackson-datatype-jdk8/2.13.4/jackson-datatype-jdk8-2.13.4.jar
2022-09-26 23:50:55,906 [AetherRepositoryConnector-repo.maven.apache.org-2-4] INFO  o.e.m.c.i.e.AbstractTransferListenerAdapter - Downloaded https://repo.maven.apache.org/maven2/com/fasterxml/jackson/core/jackson-core/2.13.4/jackson-core-2.13.4.jar
2022-09-26 23:50:56,053 [AetherRepositoryConnector-repo.maven.apache.org-2-1] INFO  o.e.m.c.i.e.AbstractTransferListenerAdapter - Downloaded https://repo.maven.apache.org/maven2/com/fasterxml/jackson/module/jackson-module-parameter-names/2.13.4/jackson-module-parameter-names-2.13.4.jar
2022-09-26 23:50:56,053 [AetherRepositoryConnector-repo.maven.apache.org-2-0] INFO  o.e.m.c.i.e.AbstractTransferListenerAdapter - Downloaded https://repo.maven.apache.org/maven2/org/springframework/boot/spring-boot-starter-tomcat/2.7.4/spring-boot-starter-tomcat-2.7.4.jar
2022-09-26 23:50:56,199 [AetherRepositoryConnector-repo.maven.apache.org-2-2] INFO  o.e.m.c.i.e.AbstractTransferListenerAdapter - Downloading https://repo.maven.apache.org/maven2/org/springframework/spring-beans/5.3.23/spring-beans-5.3.23.jar
2022-09-26 23:50:56,210 [AetherRepositoryConnector-repo.maven.apache.org-2-4] INFO  o.e.m.c.i.e.AbstractTransferListenerAdapter - Downloading https://repo.maven.apache.org/maven2/org/springframework/spring-webmvc/5.3.23/spring-webmvc-5.3.23.jar
2022-09-26 23:50:56,236 [AetherRepositoryConnector-repo.maven.apache.org-2-3] INFO  o.e.m.c.i.e.AbstractTransferListenerAdapter - Downloading https://repo.maven.apache.org/maven2/org/springframework/spring-web/5.3.23/spring-web-5.3.23.jar
2022-09-26 23:50:56,357 [AetherRepositoryConnector-repo.maven.apache.org-2-1] INFO  o.e.m.c.i.e.AbstractTransferListenerAdapter - Downloading https://repo.maven.apache.org/maven2/org/springframework/spring-aop/5.3.23/spring-aop-5.3.23.jar
2022-09-26 23:50:56,365 [AetherRepositoryConnector-repo.maven.apache.org-2-0] INFO  o.e.m.c.i.e.AbstractTransferListenerAdapter - Downloading https://repo.maven.apache.org/maven2/org/springframework/spring-context/5.3.23/spring-context-5.3.23.jar
2022-09-26 23:50:56,486 [AetherRepositoryConnector-repo.maven.apache.org-2-4] INFO  o.e.m.c.i.e.AbstractTransferListenerAdapter - Downloaded https://repo.maven.apache.org/maven2/org/springframework/spring-webmvc/5.3.23/spring-webmvc-5.3.23.jar
2022-09-26 23:50:56,486 [AetherRepositoryConnector-repo.maven.apache.org-2-2] INFO  o.e.m.c.i.e.AbstractTransferListenerAdapter - Downloaded https://repo.maven.apache.org/maven2/org/springframework/spring-beans/5.3.23/spring-beans-5.3.23.jar
2022-09-26 23:50:56,635 [AetherRepositoryConnector-repo.maven.apache.org-2-0] INFO  o.e.m.c.i.e.AbstractTransferListenerAdapter - Downloaded https://repo.maven.apache.org/maven2/org/springframework/spring-context/5.3.23/spring-context-5.3.23.jar
2022-09-26 23:50:56,635 [AetherRepositoryConnector-repo.maven.apache.org-2-1] INFO  o.e.m.c.i.e.AbstractTransferListenerAdapter - Downloaded https://repo.maven.apache.org/maven2/org/springframework/spring-aop/5.3.23/spring-aop-5.3.23.jar
2022-09-26 23:50:56,635 [AetherRepositoryConnector-repo.maven.apache.org-2-3] INFO  o.e.m.c.i.e.AbstractTransferListenerAdapter - Downloaded https://repo.maven.apache.org/maven2/org/springframework/spring-web/5.3.23/spring-web-5.3.23.jar
2022-09-26 23:50:56,783 [AetherRepositoryConnector-repo.maven.apache.org-2-4] INFO  o.e.m.c.i.e.AbstractTransferListenerAdapter - Downloading https://repo.maven.apache.org/maven2/org/springframework/boot/spring-boot-starter-test/2.7.4/spring-boot-starter-test-2.7.4.jar
2022-09-26 23:50:56,784 [AetherRepositoryConnector-repo.maven.apache.org-2-2] INFO  o.e.m.c.i.e.AbstractTransferListenerAdapter - Downloading https://repo.maven.apache.org/maven2/org/springframework/spring-expression/5.3.23/spring-expression-5.3.23.jar
2022-09-26 23:50:56,926 [AetherRepositoryConnector-repo.maven.apache.org-2-1] INFO  o.e.m.c.i.e.AbstractTransferListenerAdapter - Downloading https://repo.maven.apache.org/maven2/org/springframework/boot/spring-boot-test/2.7.4/spring-boot-test-2.7.4.jar
2022-09-26 23:50:56,933 [AetherRepositoryConnector-repo.maven.apache.org-2-0] INFO  o.e.m.c.i.e.AbstractTransferListenerAdapter - Downloading https://repo.maven.apache.org/maven2/net/bytebuddy/byte-buddy/1.12.17/byte-buddy-1.12.17.jar
2022-09-26 23:50:56,933 [AetherRepositoryConnector-repo.maven.apache.org-2-3] INFO  o.e.m.c.i.e.AbstractTransferListenerAdapter - Downloading https://repo.maven.apache.org/maven2/org/springframework/boot/spring-boot-test-autoconfigure/2.7.4/spring-boot-test-autoconfigure-2.7.4.jar
2022-09-26 23:50:57,105 [AetherRepositoryConnector-repo.maven.apache.org-2-4] INFO  o.e.m.c.i.e.AbstractTransferListenerAdapter - Downloaded https://repo.maven.apache.org/maven2/org/springframework/boot/spring-boot-starter-test/2.7.4/spring-boot-starter-test-2.7.4.jar
2022-09-26 23:50:57,105 [AetherRepositoryConnector-repo.maven.apache.org-2-2] INFO  o.e.m.c.i.e.AbstractTransferListenerAdapter - Downloaded https://repo.maven.apache.org/maven2/org/springframework/spring-expression/5.3.23/spring-expression-5.3.23.jar
2022-09-26 23:50:57,224 [AetherRepositoryConnector-repo.maven.apache.org-2-1] INFO  o.e.m.c.i.e.AbstractTransferListenerAdapter - Downloaded https://repo.maven.apache.org/maven2/org/springframework/boot/spring-boot-test/2.7.4/spring-boot-test-2.7.4.jar
2022-09-26 23:50:57,224 [AetherRepositoryConnector-repo.maven.apache.org-2-3] INFO  o.e.m.c.i.e.AbstractTransferListenerAdapter - Downloaded https://repo.maven.apache.org/maven2/org/springframework/boot/spring-boot-test-autoconfigure/2.7.4/spring-boot-test-autoconfigure-2.7.4.jar
2022-09-26 23:50:57,362 [AetherRepositoryConnector-repo.maven.apache.org-2-0] INFO  o.e.m.c.i.e.AbstractTransferListenerAdapter - Downloaded https://repo.maven.apache.org/maven2/net/bytebuddy/byte-buddy/1.12.17/byte-buddy-1.12.17.jar
2022-09-26 23:50:57,362 [AetherRepositoryConnector-repo.maven.apache.org-2-2] INFO  o.e.m.c.i.e.AbstractTransferListenerAdapter - Downloading https://repo.maven.apache.org/maven2/net/bytebuddy/byte-buddy-agent/1.12.17/byte-buddy-agent-1.12.17.jar
2022-09-26 23:50:57,366 [AetherRepositoryConnector-repo.maven.apache.org-2-4] INFO  o.e.m.c.i.e.AbstractTransferListenerAdapter - Downloading https://repo.maven.apache.org/maven2/org/springframework/spring-core/5.3.23/spring-core-5.3.23.jar
2022-09-26 23:50:57,508 [AetherRepositoryConnector-repo.maven.apache.org-2-1] INFO  o.e.m.c.i.e.AbstractTransferListenerAdapter - Downloading https://repo.maven.apache.org/maven2/org/springframework/spring-test/5.3.23/spring-test-5.3.23.jar
2022-09-26 23:50:57,514 [AetherRepositoryConnector-repo.maven.apache.org-2-3] INFO  o.e.m.c.i.e.AbstractTransferListenerAdapter - Downloading https://repo.maven.apache.org/maven2/org/springframework/spring-jcl/5.3.23/spring-jcl-5.3.23.jar
2022-09-26 23:50:57,650 [AetherRepositoryConnector-repo.maven.apache.org-2-4] INFO  o.e.m.c.i.e.AbstractTransferListenerAdapter - Downloaded https://repo.maven.apache.org/maven2/org/springframework/spring-core/5.3.23/spring-core-5.3.23.jar
2022-09-26 23:50:57,650 [AetherRepositoryConnector-repo.maven.apache.org-2-2] INFO  o.e.m.c.i.e.AbstractTransferListenerAdapter - Downloaded https://repo.maven.apache.org/maven2/net/bytebuddy/byte-buddy-agent/1.12.17/byte-buddy-agent-1.12.17.jar
2022-09-26 23:50:57,794 [AetherRepositoryConnector-repo.maven.apache.org-2-1] INFO  o.e.m.c.i.e.AbstractTransferListenerAdapter - Downloaded https://repo.maven.apache.org/maven2/org/springframework/spring-test/5.3.23/spring-test-5.3.23.jar
2022-09-26 23:50:57,794 [AetherRepositoryConnector-repo.maven.apache.org-2-3] INFO  o.e.m.c.i.e.AbstractTransferListenerAdapter - Downloaded https://repo.maven.apache.org/maven2/org/springframework/spring-jcl/5.3.23/spring-jcl-5.3.23.jar
2022-09-26 23:50:58,128 [Worker-57: Import Getting Started Content] INFO  o.e.m.j.i.AbstractJavaProjectConfigurator - Adding source folder /demo/src/main/java
2022-09-26 23:50:58,128 [Worker-57: Import Getting Started Content] INFO  o.e.m.j.i.AbstractJavaProjectConfigurator - Adding resource folder /demo/src/main/resources
2022-09-26 23:50:58,129 [Worker-57: Import Getting Started Content] INFO  o.e.m.j.i.AbstractJavaProjectConfigurator - Adding resource folder /demo/src/main/resources
2022-09-26 23:50:58,130 [Worker-57: Import Getting Started Content] INFO  o.e.m.j.i.AbstractJavaProjectConfigurator - Adding source folder /demo/src/test/java
2022-09-26 23:50:58,193 [Worker-57: Import Getting Started Content] INFO  o.e.m.c.i.p.ProjectConfigurationManager - Imported and configured 1 project(s) in 21 sec
2022-09-26 23:50:58,194 [Worker-57: Import Getting Started Content] INFO  o.e.m.c.i.p.ProjectConfigurationManager - Update started
2022-09-26 23:50:58,287 [Worker-57: Import Getting Started Content] INFO  o.e.m.c.i.l.LifecycleMappingFactory - Using org.eclipse.m2e.jdt.JarLifecycleMapping lifecycle mapping for MavenProject: br.com.youtube:customer:0.0.1-SNAPSHOT @ /home/igor/eclipse-workspace/demo/pom.xml.
2022-09-26 23:50:58,390 [Worker-57: Import Getting Started Content] INFO  o.e.m.j.i.AbstractJavaProjectConfigurator - Adding source folder /demo/src/main/java
2022-09-26 23:50:58,391 [Worker-57: Import Getting Started Content] INFO  o.e.m.j.i.AbstractJavaProjectConfigurator - Adding resource folder /demo/src/main/resources
2022-09-26 23:50:58,391 [Worker-57: Import Getting Started Content] INFO  o.e.m.j.i.AbstractJavaProjectConfigurator - Adding resource folder /demo/src/main/resources
2022-09-26 23:50:58,391 [Worker-57: Import Getting Started Content] INFO  o.e.m.j.i.AbstractJavaProjectConfigurator - Adding source folder /demo/src/test/java
2022-09-26 23:50:58,464 [Worker-57: Import Getting Started Content] INFO  o.e.m.c.i.p.ProjectConfigurationManager - Update completed: 0 sec
2022-09-26 23:50:58,867 [Worker-60: Building] INFO  o.e.m.c.i.embedder.EclipseLogger - Using 'UTF-8' encoding to copy filtered resources.
2022-09-26 23:50:58,867 [Worker-60: Building] INFO  o.e.m.c.i.embedder.EclipseLogger - Using 'UTF-8' encoding to copy filtered properties files.
2022-09-26 23:50:58,868 [Worker-60: Building] INFO  o.e.m.c.i.embedder.EclipseLogger - Copying 1 resource
2022-09-26 23:50:58,875 [Worker-60: Building] INFO  o.e.m.c.i.embedder.EclipseLogger - Copying 0 resource
2022-09-26 23:50:58,878 [Worker-60: Building] INFO  o.e.m.c.i.embedder.EclipseLogger - Using 'UTF-8' encoding to copy filtered resources.
2022-09-26 23:50:58,878 [Worker-60: Building] INFO  o.e.m.c.i.embedder.EclipseLogger - Using 'UTF-8' encoding to copy filtered properties files.
2022-09-26 23:50:58,878 [Worker-60: Building] INFO  o.e.m.c.i.embedder.EclipseLogger - skip non existing resourceDirectory /home/igor/eclipse-workspace/demo/src/test/resources
2022-09-26 23:51:00,092 [Worker-59: Download sources and javadoc] INFO  o.e.m.c.i.e.AbstractTransferListenerAdapter - Downloading https://repo.maven.apache.org/maven2/org/springframework/boot/spring-boot-starter-web/2.7.4/spring-boot-starter-web-2.7.4-sources.jar
2022-09-26 23:51:00,369 [Worker-59: Download sources and javadoc] INFO  o.e.m.c.i.e.AbstractTransferListenerAdapter - Downloaded https://repo.maven.apache.org/maven2/org/springframework/boot/spring-boot-starter-web/2.7.4/spring-boot-starter-web-2.7.4-sources.jar
2022-09-26 23:51:00,369 [Worker-59: Download sources and javadoc] INFO  o.e.m.j.internal.DownloadSourcesJob - Downloaded sources for org.springframework.boot:spring-boot-starter-web:2.7.4
2022-09-26 23:51:01,449 [Worker-59: Download sources and javadoc] INFO  o.e.m.c.i.e.AbstractTransferListenerAdapter - Downloading https://repo.maven.apache.org/maven2/org/springframework/boot/spring-boot-starter/2.7.4/spring-boot-starter-2.7.4-sources.jar
2022-09-26 23:51:01,741 [Worker-59: Download sources and javadoc] INFO  o.e.m.c.i.e.AbstractTransferListenerAdapter - Downloaded https://repo.maven.apache.org/maven2/org/springframework/boot/spring-boot-starter/2.7.4/spring-boot-starter-2.7.4-sources.jar
2022-09-26 23:51:01,742 [Worker-59: Download sources and javadoc] INFO  o.e.m.j.internal.DownloadSourcesJob - Downloaded sources for org.springframework.boot:spring-boot-starter:2.7.4
2022-09-26 23:51:02,730 [Worker-59: Download sources and javadoc] INFO  o.e.m.c.i.e.AbstractTransferListenerAdapter - Downloading https://repo.maven.apache.org/maven2/org/springframework/boot/spring-boot/2.7.4/spring-boot-2.7.4-sources.jar
2022-09-26 23:51:03,555 [Worker-59: Download sources and javadoc] INFO  o.e.m.c.i.e.AbstractTransferListenerAdapter - Downloaded https://repo.maven.apache.org/maven2/org/springframework/boot/spring-boot/2.7.4/spring-boot-2.7.4-sources.jar
2022-09-26 23:51:03,556 [Worker-59: Download sources and javadoc] INFO  o.e.m.j.internal.DownloadSourcesJob - Downloaded sources for org.springframework.boot:spring-boot:2.7.4
2022-09-26 23:51:04,568 [Worker-59: Download sources and javadoc] INFO  o.e.m.c.i.e.AbstractTransferListenerAdapter - Downloading https://repo.maven.apache.org/maven2/org/springframework/boot/spring-boot-autoconfigure/2.7.4/spring-boot-autoconfigure-2.7.4-sources.jar
2022-09-26 23:51:05,403 [Worker-59: Download sources and javadoc] INFO  o.e.m.c.i.e.AbstractTransferListenerAdapter - Downloaded https://repo.maven.apache.org/maven2/org/springframework/boot/spring-boot-autoconfigure/2.7.4/spring-boot-autoconfigure-2.7.4-sources.jar
2022-09-26 23:51:05,404 [Worker-59: Download sources and javadoc] INFO  o.e.m.j.internal.DownloadSourcesJob - Downloaded sources for org.springframework.boot:spring-boot-autoconfigure:2.7.4
2022-09-26 23:51:06,475 [Worker-59: Download sources and javadoc] INFO  o.e.m.c.i.e.AbstractTransferListenerAdapter - Downloading https://repo.maven.apache.org/maven2/org/springframework/boot/spring-boot-starter-logging/2.7.4/spring-boot-starter-logging-2.7.4-sources.jar
2022-09-26 23:51:06,766 [Worker-59: Download sources and javadoc] INFO  o.e.m.c.i.e.AbstractTransferListenerAdapter - Downloaded https://repo.maven.apache.org/maven2/org/springframework/boot/spring-boot-starter-logging/2.7.4/spring-boot-starter-logging-2.7.4-sources.jar
2022-09-26 23:51:06,767 [Worker-59: Download sources and javadoc] INFO  o.e.m.j.internal.DownloadSourcesJob - Downloaded sources for org.springframework.boot:spring-boot-starter-logging:2.7.4
2022-09-26 23:51:07,842 [Worker-59: Download sources and javadoc] INFO  o.e.m.c.i.e.AbstractTransferListenerAdapter - Downloading https://repo.maven.apache.org/maven2/org/springframework/boot/spring-boot-starter-json/2.7.4/spring-boot-starter-json-2.7.4-sources.jar
2022-09-26 23:51:08,127 [Worker-59: Download sources and javadoc] INFO  o.e.m.c.i.e.AbstractTransferListenerAdapter - Downloaded https://repo.maven.apache.org/maven2/org/springframework/boot/spring-boot-starter-json/2.7.4/spring-boot-starter-json-2.7.4-sources.jar
2022-09-26 23:51:08,128 [Worker-59: Download sources and javadoc] INFO  o.e.m.j.internal.DownloadSourcesJob - Downloaded sources for org.springframework.boot:spring-boot-starter-json:2.7.4
2022-09-26 23:51:08,736 [Worker-59: Download sources and javadoc] INFO  o.e.m.c.i.e.AbstractTransferListenerAdapter - Downloading https://repo.maven.apache.org/maven2/com/fasterxml/jackson/core/jackson-databind/2.13.4/jackson-databind-2.13.4-sources.jar
2022-09-26 23:51:12,229 [Worker-57: Building] INFO  o.e.m.c.i.l.LifecycleMappingFactory - Using org.eclipse.m2e.jdt.JarLifecycleMapping lifecycle mapping for MavenProject: br.com.youtube:customer:0.0.1-SNAPSHOT @ /home/igor/eclipse-workspace/Costumer/pom.xml.
2022-09-26 23:51:12,280 [Worker-57: Building] INFO  o.e.m.c.i.embedder.EclipseLogger - Using 'UTF-8' encoding to copy filtered resources.
2022-09-26 23:51:12,280 [Worker-57: Building] INFO  o.e.m.c.i.embedder.EclipseLogger - Using 'UTF-8' encoding to copy filtered properties files.
2022-09-26 23:51:12,281 [Worker-57: Building] INFO  o.e.m.c.i.embedder.EclipseLogger - Copying 1 resource
2022-09-26 23:51:12,281 [Worker-57: Building] INFO  o.e.m.c.i.embedder.EclipseLogger - Copying 0 resource
2022-09-26 23:51:12,282 [Worker-57: Building] INFO  o.e.m.c.i.embedder.EclipseLogger - Using 'UTF-8' encoding to copy filtered resources.
2022-09-26 23:51:12,282 [Worker-57: Building] INFO  o.e.m.c.i.embedder.EclipseLogger - Using 'UTF-8' encoding to copy filtered properties files.
2022-09-26 23:51:12,282 [Worker-57: Building] INFO  o.e.m.c.i.embedder.EclipseLogger - skip non existing resourceDirectory /home/igor/eclipse-workspace/Costumer/src/test/resources
2022-09-26 23:51:13,452 [Worker-54: Building] INFO  o.e.m.c.i.embedder.EclipseLogger - Using 'UTF-8' encoding to copy filtered resources.
2022-09-26 23:51:13,452 [Worker-54: Building] INFO  o.e.m.c.i.embedder.EclipseLogger - Using 'UTF-8' encoding to copy filtered properties files.
2022-09-26 23:51:13,453 [Worker-54: Building] INFO  o.e.m.c.i.embedder.EclipseLogger - Copying 1 resource
2022-09-26 23:51:13,454 [Worker-54: Building] INFO  o.e.m.c.i.embedder.EclipseLogger - Copying 0 resource
2022-09-26 23:51:13,454 [Worker-54: Building] INFO  o.e.m.c.i.embedder.EclipseLogger - Using 'UTF-8' encoding to copy filtered resources.
2022-09-26 23:51:13,454 [Worker-54: Building] INFO  o.e.m.c.i.embedder.EclipseLogger - Using 'UTF-8' encoding to copy filtered properties files.
2022-09-26 23:51:13,454 [Worker-54: Building] INFO  o.e.m.c.i.embedder.EclipseLogger - skip non existing resourceDirectory /home/igor/eclipse-workspace/Costumer/src/test/resources
2022-09-26 23:51:23,450 [Worker-59: Download sources and javadoc] INFO  o.e.m.c.i.e.AbstractTransferListenerAdapter - Downloaded https://repo.maven.apache.org/maven2/com/fasterxml/jackson/core/jackson-databind/2.13.4/jackson-databind-2.13.4-sources.jar
2022-09-26 23:51:23,451 [Worker-59: Download sources and javadoc] INFO  o.e.m.j.internal.DownloadSourcesJob - Downloaded sources for com.fasterxml.jackson.core:jackson-databind:2.13.4
2022-09-26 23:51:24,483 [Worker-59: Download sources and javadoc] INFO  o.e.m.c.i.e.AbstractTransferListenerAdapter - Downloading https://repo.maven.apache.org/maven2/com/fasterxml/jackson/core/jackson-annotations/2.13.4/jackson-annotations-2.13.4-sources.jar
2022-09-26 23:51:24,889 [Worker-59: Download sources and javadoc] INFO  o.e.m.c.i.e.AbstractTransferListenerAdapter - Downloaded https://repo.maven.apache.org/maven2/com/fasterxml/jackson/core/jackson-annotations/2.13.4/jackson-annotations-2.13.4-sources.jar
2022-09-26 23:51:24,889 [Worker-59: Download sources and javadoc] INFO  o.e.m.j.internal.DownloadSourcesJob - Downloaded sources for com.fasterxml.jackson.core:jackson-annotations:2.13.4
2022-09-26 23:51:24,889 [Worker-59: Download sources and javadoc] WARN  o.e.m.j.internal.DownloadSourcesJob - IPackageFragmentRoot is missing, skipping javadoc/source attachment for project P/demo
2022-09-26 23:51:25,447 [Worker-59: Download sources and javadoc] INFO  o.e.m.c.i.e.AbstractTransferListenerAdapter - Downloading https://repo.maven.apache.org/maven2/com/fasterxml/jackson/core/jackson-core/2.13.4/jackson-core-2.13.4-sources.jar
2022-09-26 23:51:26,051 [Worker-59: Download sources and javadoc] INFO  o.e.m.c.i.e.AbstractTransferListenerAdapter - Downloaded https://repo.maven.apache.org/maven2/com/fasterxml/jackson/core/jackson-core/2.13.4/jackson-core-2.13.4-sources.jar
2022-09-26 23:51:26,052 [Worker-59: Download sources and javadoc] INFO  o.e.m.j.internal.DownloadSourcesJob - Downloaded sources for com.fasterxml.jackson.core:jackson-core:2.13.4
2022-09-26 23:51:26,052 [Worker-59: Download sources and javadoc] WARN  o.e.m.j.internal.DownloadSourcesJob - IPackageFragmentRoot is missing, skipping javadoc/source attachment for project P/demo
2022-09-26 23:51:26,643 [Worker-59: Download sources and javadoc] INFO  o.e.m.c.i.e.AbstractTransferListenerAdapter - Downloading https://repo.maven.apache.org/maven2/com/fasterxml/jackson/datatype/jackson-datatype-jdk8/2.13.4/jackson-datatype-jdk8-2.13.4-sources.jar
2022-09-26 23:51:26,930 [Worker-59: Download sources and javadoc] INFO  o.e.m.c.i.e.AbstractTransferListenerAdapter - Downloaded https://repo.maven.apache.org/maven2/com/fasterxml/jackson/datatype/jackson-datatype-jdk8/2.13.4/jackson-datatype-jdk8-2.13.4-sources.jar
2022-09-26 23:51:26,930 [Worker-59: Download sources and javadoc] INFO  o.e.m.j.internal.DownloadSourcesJob - Downloaded sources for com.fasterxml.jackson.datatype:jackson-datatype-jdk8:2.13.4
2022-09-26 23:51:26,930 [Worker-59: Download sources and javadoc] WARN  o.e.m.j.internal.DownloadSourcesJob - IPackageFragmentRoot is missing, skipping javadoc/source attachment for project P/demo
2022-09-26 23:51:28,016 [Worker-59: Download sources and javadoc] INFO  o.e.m.c.i.e.AbstractTransferListenerAdapter - Downloading https://repo.maven.apache.org/maven2/com/fasterxml/jackson/datatype/jackson-datatype-jsr310/2.13.4/jackson-datatype-jsr310-2.13.4-sources.jar
2022-09-26 23:51:28,450 [Worker-59: Download sources and javadoc] INFO  o.e.m.c.i.e.AbstractTransferListenerAdapter - Downloaded https://repo.maven.apache.org/maven2/com/fasterxml/jackson/datatype/jackson-datatype-jsr310/2.13.4/jackson-datatype-jsr310-2.13.4-sources.jar
2022-09-26 23:51:28,451 [Worker-59: Download sources and javadoc] INFO  o.e.m.j.internal.DownloadSourcesJob - Downloaded sources for com.fasterxml.jackson.datatype:jackson-datatype-jsr310:2.13.4
2022-09-26 23:51:28,451 [Worker-59: Download sources and javadoc] WARN  o.e.m.j.internal.DownloadSourcesJob - IPackageFragmentRoot is missing, skipping javadoc/source attachment for project P/demo
2022-09-26 23:51:29,528 [Worker-59: Download sources and javadoc] INFO  o.e.m.c.i.e.AbstractTransferListenerAdapter - Downloading https://repo.maven.apache.org/maven2/com/fasterxml/jackson/module/jackson-module-parameter-names/2.13.4/jackson-module-parameter-names-2.13.4-sources.jar
2022-09-26 23:51:29,815 [Worker-59: Download sources and javadoc] INFO  o.e.m.c.i.e.AbstractTransferListenerAdapter - Downloaded https://repo.maven.apache.org/maven2/com/fasterxml/jackson/module/jackson-module-parameter-names/2.13.4/jackson-module-parameter-names-2.13.4-sources.jar
2022-09-26 23:51:29,816 [Worker-59: Download sources and javadoc] INFO  o.e.m.j.internal.DownloadSourcesJob - Downloaded sources for com.fasterxml.jackson.module:jackson-module-parameter-names:2.13.4
2022-09-26 23:51:29,816 [Worker-59: Download sources and javadoc] WARN  o.e.m.j.internal.DownloadSourcesJob - IPackageFragmentRoot is missing, skipping javadoc/source attachment for project P/demo
2022-09-26 23:51:31,044 [Worker-59: Download sources and javadoc] INFO  o.e.m.c.i.e.AbstractTransferListenerAdapter - Downloading https://repo.maven.apache.org/maven2/org/springframework/boot/spring-boot-starter-tomcat/2.7.4/spring-boot-starter-tomcat-2.7.4-sources.jar
2022-09-26 23:51:31,191 [Worker-59: Download sources and javadoc] INFO  o.e.m.c.i.e.AbstractTransferListenerAdapter - Downloaded https://repo.maven.apache.org/maven2/org/springframework/boot/spring-boot-starter-tomcat/2.7.4/spring-boot-starter-tomcat-2.7.4-sources.jar
2022-09-26 23:51:31,192 [Worker-59: Download sources and javadoc] INFO  o.e.m.j.internal.DownloadSourcesJob - Downloaded sources for org.springframework.boot:spring-boot-starter-tomcat:2.7.4
2022-09-26 23:51:31,192 [Worker-59: Download sources and javadoc] WARN  o.e.m.j.internal.DownloadSourcesJob - IPackageFragmentRoot is missing, skipping javadoc/source attachment for project P/demo
2022-09-26 23:51:32,224 [Worker-59: Download sources and javadoc] INFO  o.e.m.c.i.e.AbstractTransferListenerAdapter - Downloading https://repo.maven.apache.org/maven2/org/springframework/spring-web/5.3.23/spring-web-5.3.23-sources.jar
2022-09-26 23:51:33,158 [Worker-59: Download sources and javadoc] INFO  o.e.m.c.i.e.AbstractTransferListenerAdapter - Downloaded https://repo.maven.apache.org/maven2/org/springframework/spring-web/5.3.23/spring-web-5.3.23-sources.jar
2022-09-26 23:51:33,158 [Worker-59: Download sources and javadoc] INFO  o.e.m.j.internal.DownloadSourcesJob - Downloaded sources for org.springframework:spring-web:5.3.23
2022-09-26 23:51:33,158 [Worker-59: Download sources and javadoc] WARN  o.e.m.j.internal.DownloadSourcesJob - IPackageFragmentRoot is missing, skipping javadoc/source attachment for project P/demo
2022-09-26 23:51:33,780 [Worker-59: Download sources and javadoc] INFO  o.e.m.c.i.e.AbstractTransferListenerAdapter - Downloading https://repo.maven.apache.org/maven2/org/springframework/spring-beans/5.3.23/spring-beans-5.3.23-sources.jar
2022-09-26 23:51:34,510 [Worker-59: Download sources and javadoc] INFO  o.e.m.c.i.e.AbstractTransferListenerAdapter - Downloaded https://repo.maven.apache.org/maven2/org/springframework/spring-beans/5.3.23/spring-beans-5.3.23-sources.jar
2022-09-26 23:51:34,510 [Worker-59: Download sources and javadoc] INFO  o.e.m.j.internal.DownloadSourcesJob - Downloaded sources for org.springframework:spring-beans:5.3.23
2022-09-26 23:51:34,510 [Worker-59: Download sources and javadoc] WARN  o.e.m.j.internal.DownloadSourcesJob - IPackageFragmentRoot is missing, skipping javadoc/source attachment for project P/demo
2022-09-26 23:51:35,509 [Worker-59: Download sources and javadoc] INFO  o.e.m.c.i.e.AbstractTransferListenerAdapter - Downloading https://repo.maven.apache.org/maven2/org/springframework/spring-webmvc/5.3.23/spring-webmvc-5.3.23-sources.jar
2022-09-26 23:51:36,297 [Worker-59: Download sources and javadoc] INFO  o.e.m.c.i.e.AbstractTransferListenerAdapter - Downloaded https://repo.maven.apache.org/maven2/org/springframework/spring-webmvc/5.3.23/spring-webmvc-5.3.23-sources.jar
2022-09-26 23:51:36,298 [Worker-59: Download sources and javadoc] INFO  o.e.m.j.internal.DownloadSourcesJob - Downloaded sources for org.springframework:spring-webmvc:5.3.23
2022-09-26 23:51:36,298 [Worker-59: Download sources and javadoc] WARN  o.e.m.j.internal.DownloadSourcesJob - IPackageFragmentRoot is missing, skipping javadoc/source attachment for project P/demo
2022-09-26 23:51:37,303 [Worker-59: Download sources and javadoc] INFO  o.e.m.c.i.e.AbstractTransferListenerAdapter - Downloading https://repo.maven.apache.org/maven2/org/springframework/spring-aop/5.3.23/spring-aop-5.3.23-sources.jar
2022-09-26 23:51:37,943 [Worker-59: Download sources and javadoc] INFO  o.e.m.c.i.e.AbstractTransferListenerAdapter - Downloaded https://repo.maven.apache.org/maven2/org/springframework/spring-aop/5.3.23/spring-aop-5.3.23-sources.jar
2022-09-26 23:51:37,944 [Worker-59: Download sources and javadoc] INFO  o.e.m.j.internal.DownloadSourcesJob - Downloaded sources for org.springframework:spring-aop:5.3.23
2022-09-26 23:51:37,944 [Worker-59: Download sources and javadoc] WARN  o.e.m.j.internal.DownloadSourcesJob - IPackageFragmentRoot is missing, skipping javadoc/source attachment for project P/demo
2022-09-26 23:51:38,999 [Worker-59: Download sources and javadoc] INFO  o.e.m.c.i.e.AbstractTransferListenerAdapter - Downloading https://repo.maven.apache.org/maven2/org/springframework/spring-context/5.3.23/spring-context-5.3.23-sources.jar
2022-09-26 23:51:39,876 [Worker-59: Download sources and javadoc] INFO  o.e.m.c.i.e.AbstractTransferListenerAdapter - Downloaded https://repo.maven.apache.org/maven2/org/springframework/spring-context/5.3.23/spring-context-5.3.23-sources.jar
2022-09-26 23:51:39,877 [Worker-59: Download sources and javadoc] INFO  o.e.m.j.internal.DownloadSourcesJob - Downloaded sources for org.springframework:spring-context:5.3.23
2022-09-26 23:51:39,877 [Worker-59: Download sources and javadoc] WARN  o.e.m.j.internal.DownloadSourcesJob - IPackageFragmentRoot is missing, skipping javadoc/source attachment for project P/demo
2022-09-26 23:51:40,882 [Worker-59: Download sources and javadoc] INFO  o.e.m.c.i.e.AbstractTransferListenerAdapter - Downloading https://repo.maven.apache.org/maven2/org/springframework/spring-expression/5.3.23/spring-expression-5.3.23-sources.jar
2022-09-26 23:51:41,416 [Worker-59: Download sources and javadoc] INFO  o.e.m.c.i.e.AbstractTransferListenerAdapter - Downloaded https://repo.maven.apache.org/maven2/org/springframework/spring-expression/5.3.23/spring-expression-5.3.23-sources.jar
2022-09-26 23:51:41,417 [Worker-59: Download sources and javadoc] INFO  o.e.m.j.internal.DownloadSourcesJob - Downloaded sources for org.springframework:spring-expression:5.3.23
2022-09-26 23:51:41,417 [Worker-59: Download sources and javadoc] WARN  o.e.m.j.internal.DownloadSourcesJob - IPackageFragmentRoot is missing, skipping javadoc/source attachment for project P/demo
2022-09-26 23:51:42,528 [Worker-59: Download sources and javadoc] INFO  o.e.m.c.i.e.AbstractTransferListenerAdapter - Downloading https://repo.maven.apache.org/maven2/org/springframework/boot/spring-boot-starter-test/2.7.4/spring-boot-starter-test-2.7.4-sources.jar
2022-09-26 23:51:42,836 [Worker-59: Download sources and javadoc] INFO  o.e.m.c.i.e.AbstractTransferListenerAdapter - Downloaded https://repo.maven.apache.org/maven2/org/springframework/boot/spring-boot-starter-test/2.7.4/spring-boot-starter-test-2.7.4-sources.jar
2022-09-26 23:51:42,837 [Worker-59: Download sources and javadoc] INFO  o.e.m.j.internal.DownloadSourcesJob - Downloaded sources for org.springframework.boot:spring-boot-starter-test:2.7.4
2022-09-26 23:51:42,837 [Worker-59: Download sources and javadoc] WARN  o.e.m.j.internal.DownloadSourcesJob - IPackageFragmentRoot is missing, skipping javadoc/source attachment for project P/demo
2022-09-26 23:51:43,874 [Worker-59: Download sources and javadoc] INFO  o.e.m.c.i.e.AbstractTransferListenerAdapter - Downloading https://repo.maven.apache.org/maven2/org/springframework/boot/spring-boot-test/2.7.4/spring-boot-test-2.7.4-sources.jar
2022-09-26 23:51:44,728 [Worker-59: Download sources and javadoc] INFO  o.e.m.c.i.e.AbstractTransferListenerAdapter - Downloaded https://repo.maven.apache.org/maven2/org/springframework/boot/spring-boot-test/2.7.4/spring-boot-test-2.7.4-sources.jar
2022-09-26 23:51:44,728 [Worker-59: Download sources and javadoc] INFO  o.e.m.j.internal.DownloadSourcesJob - Downloaded sources for org.springframework.boot:spring-boot-test:2.7.4
2022-09-26 23:51:44,729 [Worker-59: Download sources and javadoc] WARN  o.e.m.j.internal.DownloadSourcesJob - IPackageFragmentRoot is missing, skipping javadoc/source attachment for project P/demo
2022-09-26 23:51:45,298 [Worker-59: Download sources and javadoc] INFO  o.e.m.c.i.e.AbstractTransferListenerAdapter - Downloading https://repo.maven.apache.org/maven2/org/springframework/boot/spring-boot-test-autoconfigure/2.7.4/spring-boot-test-autoconfigure-2.7.4-sources.jar
2022-09-26 23:51:45,785 [Worker-59: Download sources and javadoc] INFO  o.e.m.c.i.e.AbstractTransferListenerAdapter - Downloaded https://repo.maven.apache.org/maven2/org/springframework/boot/spring-boot-test-autoconfigure/2.7.4/spring-boot-test-autoconfigure-2.7.4-sources.jar
2022-09-26 23:51:45,785 [Worker-59: Download sources and javadoc] INFO  o.e.m.j.internal.DownloadSourcesJob - Downloaded sources for org.springframework.boot:spring-boot-test-autoconfigure:2.7.4
2022-09-26 23:51:45,785 [Worker-59: Download sources and javadoc] WARN  o.e.m.j.internal.DownloadSourcesJob - IPackageFragmentRoot is missing, skipping javadoc/source attachment for project P/demo
2022-09-26 23:51:46,808 [Worker-59: Download sources and javadoc] INFO  o.e.m.c.i.e.AbstractTransferListenerAdapter - Downloading https://repo.maven.apache.org/maven2/net/bytebuddy/byte-buddy/1.12.17/byte-buddy-1.12.17-sources.jar
2022-09-26 23:51:47,738 [Worker-59: Download sources and javadoc] INFO  o.e.m.c.i.e.AbstractTransferListenerAdapter - Downloaded https://repo.maven.apache.org/maven2/net/bytebuddy/byte-buddy/1.12.17/byte-buddy-1.12.17-sources.jar
2022-09-26 23:51:47,739 [Worker-59: Download sources and javadoc] INFO  o.e.m.j.internal.DownloadSourcesJob - Downloaded sources for net.bytebuddy:byte-buddy:1.12.17
2022-09-26 23:51:47,739 [Worker-59: Download sources and javadoc] WARN  o.e.m.j.internal.DownloadSourcesJob - IPackageFragmentRoot is missing, skipping javadoc/source attachment for project P/demo
2022-09-26 23:51:48,725 [Worker-59: Download sources and javadoc] INFO  o.e.m.c.i.e.AbstractTransferListenerAdapter - Downloading https://repo.maven.apache.org/maven2/net/bytebuddy/byte-buddy-agent/1.12.17/byte-buddy-agent-1.12.17-sources.jar
2022-09-26 23:51:49,272 [Worker-59: Download sources and javadoc] INFO  o.e.m.c.i.e.AbstractTransferListenerAdapter - Downloaded https://repo.maven.apache.org/maven2/net/bytebuddy/byte-buddy-agent/1.12.17/byte-buddy-agent-1.12.17-sources.jar
2022-09-26 23:51:49,273 [Worker-59: Download sources and javadoc] INFO  o.e.m.j.internal.DownloadSourcesJob - Downloaded sources for net.bytebuddy:byte-buddy-agent:1.12.17
2022-09-26 23:51:49,273 [Worker-59: Download sources and javadoc] WARN  o.e.m.j.internal.DownloadSourcesJob - IPackageFragmentRoot is missing, skipping javadoc/source attachment for project P/demo
2022-09-26 23:51:50,262 [Worker-59: Download sources and javadoc] INFO  o.e.m.c.i.e.AbstractTransferListenerAdapter - Downloading https://repo.maven.apache.org/maven2/org/springframework/spring-core/5.3.23/spring-core-5.3.23-sources.jar
2022-09-26 23:51:51,088 [Worker-59: Download sources and javadoc] INFO  o.e.m.c.i.e.AbstractTransferListenerAdapter - Downloaded https://repo.maven.apache.org/maven2/org/springframework/spring-core/5.3.23/spring-core-5.3.23-sources.jar
2022-09-26 23:51:51,089 [Worker-59: Download sources and javadoc] INFO  o.e.m.j.internal.DownloadSourcesJob - Downloaded sources for org.springframework:spring-core:5.3.23
2022-09-26 23:51:51,089 [Worker-59: Download sources and javadoc] WARN  o.e.m.j.internal.DownloadSourcesJob - IPackageFragmentRoot is missing, skipping javadoc/source attachment for project P/demo
2022-09-26 23:51:52,091 [Worker-59: Download sources and javadoc] INFO  o.e.m.c.i.e.AbstractTransferListenerAdapter - Downloading https://repo.maven.apache.org/maven2/org/springframework/spring-jcl/5.3.23/spring-jcl-5.3.23-sources.jar
2022-09-26 23:51:52,370 [Worker-59: Download sources and javadoc] INFO  o.e.m.c.i.e.AbstractTransferListenerAdapter - Downloaded https://repo.maven.apache.org/maven2/org/springframework/spring-jcl/5.3.23/spring-jcl-5.3.23-sources.jar
2022-09-26 23:51:52,370 [Worker-59: Download sources and javadoc] INFO  o.e.m.j.internal.DownloadSourcesJob - Downloaded sources for org.springframework:spring-jcl:5.3.23
2022-09-26 23:51:52,370 [Worker-59: Download sources and javadoc] WARN  o.e.m.j.internal.DownloadSourcesJob - IPackageFragmentRoot is missing, skipping javadoc/source attachment for project P/demo
2022-09-26 23:51:53,464 [Worker-59: Download sources and javadoc] INFO  o.e.m.c.i.e.AbstractTransferListenerAdapter - Downloading https://repo.maven.apache.org/maven2/org/springframework/spring-test/5.3.23/spring-test-5.3.23-sources.jar
2022-09-26 23:52:00,699 [Worker-59: Download sources and javadoc] INFO  o.e.m.c.i.e.AbstractTransferListenerAdapter - Downloaded https://repo.maven.apache.org/maven2/org/springframework/spring-test/5.3.23/spring-test-5.3.23-sources.jar
2022-09-26 23:52:00,700 [Worker-59: Download sources and javadoc] INFO  o.e.m.j.internal.DownloadSourcesJob - Downloaded sources for org.springframework:spring-test:5.3.23
2022-09-26 23:52:00,700 [Worker-59: Download sources and javadoc] WARN  o.e.m.j.internal.DownloadSourcesJob - IPackageFragmentRoot is missing, skipping javadoc/source attachment for project P/demo
2022-09-26 23:52:00,701 [Worker-59: Download sources and javadoc] INFO  o.e.m.j.internal.DownloadSourcesJob - Downloaded sources for com.fasterxml.jackson.core:jackson-databind:2.13.4
2022-09-26 23:52:00,702 [Worker-59: Download sources and javadoc] INFO  o.e.m.j.internal.DownloadSourcesJob - Downloaded sources for com.fasterxml.jackson.core:jackson-annotations:2.13.4
2022-09-26 23:52:00,703 [Worker-59: Download sources and javadoc] INFO  o.e.m.j.internal.DownloadSourcesJob - Downloaded sources for com.fasterxml.jackson.core:jackson-core:2.13.4
2022-09-26 23:52:00,704 [Worker-59: Download sources and javadoc] INFO  o.e.m.j.internal.DownloadSourcesJob - Downloaded sources for com.fasterxml.jackson.datatype:jackson-datatype-jdk8:2.13.4
2022-09-26 23:52:00,704 [Worker-59: Download sources and javadoc] INFO  o.e.m.j.internal.DownloadSourcesJob - Downloaded sources for com.fasterxml.jackson.datatype:jackson-datatype-jsr310:2.13.4
2022-09-26 23:52:00,705 [Worker-59: Download sources and javadoc] INFO  o.e.m.j.internal.DownloadSourcesJob - Downloaded sources for com.fasterxml.jackson.module:jackson-module-parameter-names:2.13.4
2022-09-26 23:52:00,705 [Worker-59: Download sources and javadoc] INFO  o.e.m.j.internal.DownloadSourcesJob - Downloaded sources for org.springframework.boot:spring-boot-starter-tomcat:2.7.4
2022-09-26 23:52:00,706 [Worker-59: Download sources and javadoc] INFO  o.e.m.j.internal.DownloadSourcesJob - Downloaded sources for org.springframework:spring-web:5.3.23
2022-09-26 23:52:00,707 [Worker-59: Download sources and javadoc] INFO  o.e.m.j.internal.DownloadSourcesJob - Downloaded sources for org.springframework:spring-beans:5.3.23
2022-09-26 23:52:00,707 [Worker-59: Download sources and javadoc] INFO  o.e.m.j.internal.DownloadSourcesJob - Downloaded sources for org.springframework:spring-webmvc:5.3.23
2022-09-26 23:52:00,708 [Worker-59: Download sources and javadoc] INFO  o.e.m.j.internal.DownloadSourcesJob - Downloaded sources for org.springframework:spring-aop:5.3.23
2022-09-26 23:52:00,709 [Worker-59: Download sources and javadoc] INFO  o.e.m.j.internal.DownloadSourcesJob - Downloaded sources for org.springframework:spring-context:5.3.23
2022-09-26 23:52:00,710 [Worker-59: Download sources and javadoc] INFO  o.e.m.j.internal.DownloadSourcesJob - Downloaded sources for org.springframework:spring-expression:5.3.23
2022-09-26 23:52:00,710 [Worker-59: Download sources and javadoc] INFO  o.e.m.j.internal.DownloadSourcesJob - Downloaded sources for org.springframework.boot:spring-boot-starter-test:2.7.4
2022-09-26 23:52:00,711 [Worker-59: Download sources and javadoc] INFO  o.e.m.j.internal.DownloadSourcesJob - Downloaded sources for org.springframework.boot:spring-boot-test:2.7.4
2022-09-26 23:52:00,711 [Worker-59: Download sources and javadoc] INFO  o.e.m.j.internal.DownloadSourcesJob - Downloaded sources for org.springframework.boot:spring-boot-test-autoconfigure:2.7.4
2022-09-26 23:52:00,712 [Worker-59: Download sources and javadoc] INFO  o.e.m.j.internal.DownloadSourcesJob - Downloaded sources for net.bytebuddy:byte-buddy:1.12.17
2022-09-26 23:52:00,713 [Worker-59: Download sources and javadoc] INFO  o.e.m.j.internal.DownloadSourcesJob - Downloaded sources for net.bytebuddy:byte-buddy-agent:1.12.17
2022-09-26 23:52:00,714 [Worker-59: Download sources and javadoc] INFO  o.e.m.j.internal.DownloadSourcesJob - Downloaded sources for org.springframework:spring-core:5.3.23
2022-09-26 23:52:00,714 [Worker-59: Download sources and javadoc] INFO  o.e.m.j.internal.DownloadSourcesJob - Downloaded sources for org.springframework:spring-jcl:5.3.23
2022-09-26 23:52:00,715 [Worker-59: Download sources and javadoc] INFO  o.e.m.j.internal.DownloadSourcesJob - Downloaded sources for org.springframework:spring-test:5.3.23
2022-09-26 23:52:00,899 [Worker-54: Building] INFO  o.e.m.c.i.embedder.EclipseLogger - Using 'UTF-8' encoding to copy filtered resources.
2022-09-26 23:52:00,899 [Worker-54: Building] INFO  o.e.m.c.i.embedder.EclipseLogger - Using 'UTF-8' encoding to copy filtered properties files.
2022-09-26 23:52:00,899 [Worker-54: Building] INFO  o.e.m.c.i.embedder.EclipseLogger - Copying 0 resource
2022-09-26 23:52:00,899 [Worker-54: Building] INFO  o.e.m.c.i.embedder.EclipseLogger - Copying 0 resource
2022-09-26 23:52:00,900 [Worker-54: Building] INFO  o.e.m.c.i.embedder.EclipseLogger - Using 'UTF-8' encoding to copy filtered resources.
2022-09-26 23:52:00,900 [Worker-54: Building] INFO  o.e.m.c.i.embedder.EclipseLogger - Using 'UTF-8' encoding to copy filtered properties files.
2022-09-26 23:52:00,900 [Worker-54: Building] INFO  o.e.m.c.i.embedder.EclipseLogger - skip non existing resourceDirectory /home/igor/eclipse-workspace/Costumer/src/test/resources
2022-09-26 23:53:32,757 [Worker-57: Building] INFO  o.e.m.c.i.embedder.EclipseLogger - Using 'UTF-8' encoding to copy filtered resources.
2022-09-26 23:53:32,757 [Worker-57: Building] INFO  o.e.m.c.i.embedder.EclipseLogger - Using 'UTF-8' encoding to copy filtered properties files.
2022-09-26 23:53:32,757 [Worker-57: Building] INFO  o.e.m.c.i.embedder.EclipseLogger - Copying 1 resource
2022-09-26 23:53:32,759 [Worker-57: Building] INFO  o.e.m.c.i.embedder.EclipseLogger - Copying 0 resource
2022-09-26 23:53:32,760 [Worker-57: Building] INFO  o.e.m.c.i.embedder.EclipseLogger - Using 'UTF-8' encoding to copy filtered resources.
2022-09-26 23:53:32,760 [Worker-57: Building] INFO  o.e.m.c.i.embedder.EclipseLogger - Using 'UTF-8' encoding to copy filtered properties files.
2022-09-26 23:53:32,760 [Worker-57: Building] INFO  o.e.m.c.i.embedder.EclipseLogger - skip non existing resourceDirectory /home/igor/eclipse-workspace/Costumer/src/test/resources
2022-09-26 23:55:38,117 [Worker-61: Building] INFO  o.e.m.c.i.embedder.EclipseLogger - Using 'UTF-8' encoding to copy filtered resources.
2022-09-26 23:55:38,117 [Worker-61: Building] INFO  o.e.m.c.i.embedder.EclipseLogger - Using 'UTF-8' encoding to copy filtered properties files.
2022-09-26 23:55:38,117 [Worker-61: Building] INFO  o.e.m.c.i.embedder.EclipseLogger - Copying 1 resource
2022-09-26 23:55:38,119 [Worker-61: Building] INFO  o.e.m.c.i.embedder.EclipseLogger - Copying 0 resource
2022-09-26 23:55:38,121 [Worker-61: Building] INFO  o.e.m.c.i.embedder.EclipseLogger - Using 'UTF-8' encoding to copy filtered resources.
2022-09-26 23:55:38,121 [Worker-61: Building] INFO  o.e.m.c.i.embedder.EclipseLogger - Using 'UTF-8' encoding to copy filtered properties files.
2022-09-26 23:55:38,121 [Worker-61: Building] INFO  o.e.m.c.i.embedder.EclipseLogger - skip non existing resourceDirectory /home/igor/eclipse-workspace/Costumer/src/test/resources
2022-09-26 23:55:50,961 [Worker-59: Building] INFO  o.e.m.c.i.embedder.EclipseLogger - Using 'UTF-8' encoding to copy filtered resources.
2022-09-26 23:55:50,961 [Worker-59: Building] INFO  o.e.m.c.i.embedder.EclipseLogger - Using 'UTF-8' encoding to copy filtered properties files.
2022-09-26 23:55:50,961 [Worker-59: Building] INFO  o.e.m.c.i.embedder.EclipseLogger - Copying 1 resource
2022-09-26 23:55:50,963 [Worker-59: Building] INFO  o.e.m.c.i.embedder.EclipseLogger - Copying 0 resource
2022-09-26 23:55:50,964 [Worker-59: Building] INFO  o.e.m.c.i.embedder.EclipseLogger - Using 'UTF-8' encoding to copy filtered resources.
2022-09-26 23:55:50,964 [Worker-59: Building] INFO  o.e.m.c.i.embedder.EclipseLogger - Using 'UTF-8' encoding to copy filtered properties files.
2022-09-26 23:55:50,964 [Worker-59: Building] INFO  o.e.m.c.i.embedder.EclipseLogger - skip non existing resourceDirectory /home/igor/eclipse-workspace/Costumer/src/test/resources
2022-09-26 23:56:03,471 [Worker-63: Building] INFO  o.e.m.c.i.embedder.EclipseLogger - Using 'UTF-8' encoding to copy filtered resources.
2022-09-26 23:56:03,471 [Worker-63: Building] INFO  o.e.m.c.i.embedder.EclipseLogger - Using 'UTF-8' encoding to copy filtered properties files.
2022-09-26 23:56:03,471 [Worker-63: Building] INFO  o.e.m.c.i.embedder.EclipseLogger - Copying 1 resource
2022-09-26 23:56:03,473 [Worker-63: Building] INFO  o.e.m.c.i.embedder.EclipseLogger - Copying 0 resource
2022-09-26 23:56:03,476 [Worker-63: Building] INFO  o.e.m.c.i.embedder.EclipseLogger - Using 'UTF-8' encoding to copy filtered resources.
2022-09-26 23:56:03,476 [Worker-63: Building] INFO  o.e.m.c.i.embedder.EclipseLogger - Using 'UTF-8' encoding to copy filtered properties files.
2022-09-26 23:56:03,476 [Worker-63: Building] INFO  o.e.m.c.i.embedder.EclipseLogger - skip non existing resourceDirectory /home/igor/eclipse-workspace/Costumer/src/test/resources
2022-09-26 23:56:24,317 [Worker-61: Building] INFO  o.e.m.c.i.embedder.EclipseLogger - Using 'UTF-8' encoding to copy filtered resources.
2022-09-26 23:56:24,317 [Worker-61: Building] INFO  o.e.m.c.i.embedder.EclipseLogger - Using 'UTF-8' encoding to copy filtered properties files.
2022-09-26 23:56:24,318 [Worker-61: Building] INFO  o.e.m.c.i.embedder.EclipseLogger - Copying 1 resource
2022-09-26 23:56:24,329 [Worker-61: Building] INFO  o.e.m.c.i.embedder.EclipseLogger - Copying 0 resource
2022-09-26 23:56:24,331 [Worker-61: Building] INFO  o.e.m.c.i.embedder.EclipseLogger - Using 'UTF-8' encoding to copy filtered resources.
2022-09-26 23:56:24,331 [Worker-61: Building] INFO  o.e.m.c.i.embedder.EclipseLogger - Using 'UTF-8' encoding to copy filtered properties files.
2022-09-26 23:56:24,331 [Worker-61: Building] INFO  o.e.m.c.i.embedder.EclipseLogger - skip non existing resourceDirectory /home/igor/eclipse-workspace/Costumer/src/test/resources
2022-09-26 23:56:48,699 [Worker-59: Building] INFO  o.e.m.c.i.embedder.EclipseLogger - Using 'UTF-8' encoding to copy filtered resources.
2022-09-26 23:56:48,699 [Worker-59: Building] INFO  o.e.m.c.i.embedder.EclipseLogger - Using 'UTF-8' encoding to copy filtered properties files.
2022-09-26 23:56:48,699 [Worker-59: Building] INFO  o.e.m.c.i.embedder.EclipseLogger - Copying 1 resource
2022-09-26 23:56:48,701 [Worker-59: Building] INFO  o.e.m.c.i.embedder.EclipseLogger - Copying 0 resource
2022-09-26 23:56:48,702 [Worker-59: Building] INFO  o.e.m.c.i.embedder.EclipseLogger - Using 'UTF-8' encoding to copy filtered resources.
2022-09-26 23:56:48,702 [Worker-59: Building] INFO  o.e.m.c.i.embedder.EclipseLogger - Using 'UTF-8' encoding to copy filtered properties files.
2022-09-26 23:56:48,702 [Worker-59: Building] INFO  o.e.m.c.i.embedder.EclipseLogger - skip non existing resourceDirectory /home/igor/eclipse-workspace/Costumer/src/test/resources
2022-09-26 23:57:01,376 [Worker-62: Building] INFO  o.e.m.c.i.embedder.EclipseLogger - Using 'UTF-8' encoding to copy filtered resources.
2022-09-26 23:57:01,376 [Worker-62: Building] INFO  o.e.m.c.i.embedder.EclipseLogger - Using 'UTF-8' encoding to copy filtered properties files.
2022-09-26 23:57:01,376 [Worker-62: Building] INFO  o.e.m.c.i.embedder.EclipseLogger - Copying 1 resource
2022-09-26 23:57:01,377 [Worker-62: Building] INFO  o.e.m.c.i.embedder.EclipseLogger - Copying 0 resource
2022-09-26 23:57:01,378 [Worker-62: Building] INFO  o.e.m.c.i.embedder.EclipseLogger - Using 'UTF-8' encoding to copy filtered resources.
2022-09-26 23:57:01,378 [Worker-62: Building] INFO  o.e.m.c.i.embedder.EclipseLogger - Using 'UTF-8' encoding to copy filtered properties files.
2022-09-26 23:57:01,378 [Worker-62: Building] INFO  o.e.m.c.i.embedder.EclipseLogger - skip non existing resourceDirectory /home/igor/eclipse-workspace/Costumer/src/test/resources
2022-09-26 23:57:28,005 [Worker-62: Building] INFO  o.e.m.c.i.embedder.EclipseLogger - Using 'UTF-8' encoding to copy filtered resources.
2022-09-26 23:57:28,005 [Worker-62: Building] INFO  o.e.m.c.i.embedder.EclipseLogger - Using 'UTF-8' encoding to copy filtered properties files.
2022-09-26 23:57:28,005 [Worker-62: Building] INFO  o.e.m.c.i.embedder.EclipseLogger - Copying 1 resource
2022-09-26 23:57:28,007 [Worker-62: Building] INFO  o.e.m.c.i.embedder.EclipseLogger - Copying 0 resource
2022-09-26 23:57:28,008 [Worker-62: Building] INFO  o.e.m.c.i.embedder.EclipseLogger - Using 'UTF-8' encoding to copy filtered resources.
2022-09-26 23:57:28,008 [Worker-62: Building] INFO  o.e.m.c.i.embedder.EclipseLogger - Using 'UTF-8' encoding to copy filtered properties files.
2022-09-26 23:57:28,008 [Worker-62: Building] INFO  o.e.m.c.i.embedder.EclipseLogger - skip non existing resourceDirectory /home/igor/eclipse-workspace/Costumer/src/test/resources
2022-09-26 23:57:37,687 [Worker-59: Building] INFO  o.e.m.c.i.embedder.EclipseLogger - Using 'UTF-8' encoding to copy filtered resources.
2022-09-26 23:57:37,687 [Worker-59: Building] INFO  o.e.m.c.i.embedder.EclipseLogger - Using 'UTF-8' encoding to copy filtered properties files.
2022-09-26 23:57:37,687 [Worker-59: Building] INFO  o.e.m.c.i.embedder.EclipseLogger - Copying 1 resource
2022-09-26 23:57:37,689 [Worker-59: Building] INFO  o.e.m.c.i.embedder.EclipseLogger - Copying 0 resource
2022-09-26 23:57:37,690 [Worker-59: Building] INFO  o.e.m.c.i.embedder.EclipseLogger - Using 'UTF-8' encoding to copy filtered resources.
2022-09-26 23:57:37,690 [Worker-59: Building] INFO  o.e.m.c.i.embedder.EclipseLogger - Using 'UTF-8' encoding to copy filtered properties files.
2022-09-26 23:57:37,690 [Worker-59: Building] INFO  o.e.m.c.i.embedder.EclipseLogger - skip non existing resourceDirectory /home/igor/eclipse-workspace/Costumer/src/test/resources
2022-09-26 23:58:12,819 [Worker-61: Building] INFO  o.e.m.c.i.embedder.EclipseLogger - Using 'UTF-8' encoding to copy filtered resources.
2022-09-26 23:58:12,819 [Worker-61: Building] INFO  o.e.m.c.i.embedder.EclipseLogger - Using 'UTF-8' encoding to copy filtered properties files.
2022-09-26 23:58:12,819 [Worker-61: Building] INFO  o.e.m.c.i.embedder.EclipseLogger - Copying 1 resource
2022-09-26 23:58:12,821 [Worker-61: Building] INFO  o.e.m.c.i.embedder.EclipseLogger - Copying 0 resource
2022-09-26 23:58:12,824 [Worker-61: Building] INFO  o.e.m.c.i.embedder.EclipseLogger - Using 'UTF-8' encoding to copy filtered resources.
2022-09-26 23:58:12,824 [Worker-61: Building] INFO  o.e.m.c.i.embedder.EclipseLogger - Using 'UTF-8' encoding to copy filtered properties files.
2022-09-26 23:58:12,824 [Worker-61: Building] INFO  o.e.m.c.i.embedder.EclipseLogger - skip non existing resourceDirectory /home/igor/eclipse-workspace/Costumer/src/test/resources
2022-09-26 23:59:45,782 [Worker-64: Building] INFO  o.e.m.c.i.embedder.EclipseLogger - Using 'UTF-8' encoding to copy filtered resources.
2022-09-26 23:59:45,782 [Worker-64: Building] INFO  o.e.m.c.i.embedder.EclipseLogger - Using 'UTF-8' encoding to copy filtered properties files.
2022-09-26 23:59:45,782 [Worker-64: Building] INFO  o.e.m.c.i.embedder.EclipseLogger - Copying 1 resource
2022-09-26 23:59:45,784 [Worker-64: Building] INFO  o.e.m.c.i.embedder.EclipseLogger - Copying 0 resource
2022-09-26 23:59:45,785 [Worker-64: Building] INFO  o.e.m.c.i.embedder.EclipseLogger - Using 'UTF-8' encoding to copy filtered resources.
2022-09-26 23:59:45,785 [Worker-64: Building] INFO  o.e.m.c.i.embedder.EclipseLogger - Using 'UTF-8' encoding to copy filtered properties files.
2022-09-26 23:59:45,785 [Worker-64: Building] INFO  o.e.m.c.i.embedder.EclipseLogger - skip non existing resourceDirectory /home/igor/eclipse-workspace/Costumer/src/test/resources
2022-09-27 00:09:01,219 [Worker-59: Building] INFO  o.e.m.c.i.embedder.EclipseLogger - Using 'UTF-8' encoding to copy filtered resources.
2022-09-27 00:09:01,219 [Worker-59: Building] INFO  o.e.m.c.i.embedder.EclipseLogger - Using 'UTF-8' encoding to copy filtered properties files.
2022-09-27 00:09:01,219 [Worker-59: Building] INFO  o.e.m.c.i.embedder.EclipseLogger - Copying 1 resource
2022-09-27 00:09:01,221 [Worker-59: Building] INFO  o.e.m.c.i.embedder.EclipseLogger - Copying 0 resource
2022-09-27 00:09:01,222 [Worker-59: Building] INFO  o.e.m.c.i.embedder.EclipseLogger - Using 'UTF-8' encoding to copy filtered resources.
2022-09-27 00:09:01,222 [Worker-59: Building] INFO  o.e.m.c.i.embedder.EclipseLogger - Using 'UTF-8' encoding to copy filtered properties files.
2022-09-27 00:09:01,222 [Worker-59: Building] INFO  o.e.m.c.i.embedder.EclipseLogger - skip non existing resourceDirectory /home/igor/eclipse-workspace/Costumer/src/test/resources
2022-09-27 00:09:01,239 [Worker-59: Building] WARN  o.e.m.c.i.embedder.EclipseLogger - Using platform encoding (UTF-8 actually) to copy filtered resources, i.e. build is platform dependent!
2022-09-27 00:09:01,242 [Worker-59: Building] INFO  o.e.m.c.i.embedder.EclipseLogger - Copying 1 resource
2022-09-27 00:09:01,243 [Worker-59: Building] WARN  o.e.m.c.i.embedder.EclipseLogger - Using platform encoding (UTF-8 actually) to copy filtered resources, i.e. build is platform dependent!
2022-09-27 00:09:01,243 [Worker-59: Building] INFO  o.e.m.c.i.embedder.EclipseLogger - skip non existing resourceDirectory /home/igor/eclipse-workspace/design-patterns-main/src/test/resources
2022-09-27 00:10:10,048 [Worker-4: Loading available Gradle versions] INFO  o.e.b.c.i.u.g.PublishedGradleVersions - Gradle version information cache is up-to-date. Trying to read.
2022-09-27 00:11:55,817 [Worker-3: Building] INFO  o.e.m.c.i.embedder.EclipseLogger - Using 'UTF-8' encoding to copy filtered resources.
2022-09-27 00:11:55,818 [Worker-3: Building] INFO  o.e.m.c.i.embedder.EclipseLogger - Using 'UTF-8' encoding to copy filtered properties files.
2022-09-27 00:11:55,820 [Worker-3: Building] INFO  o.e.m.c.i.embedder.EclipseLogger - Copying 1 resource
2022-09-27 00:11:55,834 [Worker-3: Building] INFO  o.e.m.c.i.embedder.EclipseLogger - Copying 0 resource
2022-09-27 00:11:55,836 [Worker-3: Building] INFO  o.e.m.c.i.embedder.EclipseLogger - Using 'UTF-8' encoding to copy filtered resources.
2022-09-27 00:11:55,836 [Worker-3: Building] INFO  o.e.m.c.i.embedder.EclipseLogger - Using 'UTF-8' encoding to copy filtered properties files.
2022-09-27 00:11:55,836 [Worker-3: Building] INFO  o.e.m.c.i.embedder.EclipseLogger - skip non existing resourceDirectory /home/igor/eclipse-workspace/Costumer/src/test/resources
2022-09-27 00:15:14,709 [Worker-8: Building] INFO  o.e.m.c.i.embedder.EclipseLogger - Using 'UTF-8' encoding to copy filtered resources.
2022-09-27 00:15:14,709 [Worker-8: Building] INFO  o.e.m.c.i.embedder.EclipseLogger - Using 'UTF-8' encoding to copy filtered properties files.
2022-09-27 00:15:14,710 [Worker-8: Building] INFO  o.e.m.c.i.embedder.EclipseLogger - Copying 0 resource
2022-09-27 00:15:14,710 [Worker-8: Building] INFO  o.e.m.c.i.embedder.EclipseLogger - Copying 0 resource
2022-09-27 00:15:14,712 [Worker-8: Building] INFO  o.e.m.c.i.embedder.EclipseLogger - Using 'UTF-8' encoding to copy filtered resources.
2022-09-27 00:15:14,713 [Worker-8: Building] INFO  o.e.m.c.i.embedder.EclipseLogger - Using 'UTF-8' encoding to copy filtered properties files.
2022-09-27 00:15:14,713 [Worker-8: Building] INFO  o.e.m.c.i.embedder.EclipseLogger - skip non existing resourceDirectory /home/igor/eclipse-workspace/Costumer/src/test/resources
2022-09-27 00:15:58,762 [Worker-11: Building] INFO  o.e.m.c.i.embedder.EclipseLogger - Using 'UTF-8' encoding to copy filtered resources.
2022-09-27 00:15:58,762 [Worker-11: Building] INFO  o.e.m.c.i.embedder.EclipseLogger - Using 'UTF-8' encoding to copy filtered properties files.
2022-09-27 00:15:58,762 [Worker-11: Building] INFO  o.e.m.c.i.embedder.EclipseLogger - Copying 0 resource
2022-09-27 00:15:58,763 [Worker-11: Building] INFO  o.e.m.c.i.embedder.EclipseLogger - Copying 0 resource
2022-09-27 00:15:58,763 [Worker-11: Building] INFO  o.e.m.c.i.embedder.EclipseLogger - Using 'UTF-8' encoding to copy filtered resources.
2022-09-27 00:15:58,763 [Worker-11: Building] INFO  o.e.m.c.i.embedder.EclipseLogger - Using 'UTF-8' encoding to copy filtered properties files.
2022-09-27 00:15:58,763 [Worker-11: Building] INFO  o.e.m.c.i.embedder.EclipseLogger - skip non existing resourceDirectory /home/igor/eclipse-workspace/Costumer/src/test/resources
2022-09-27 00:19:52,390 [Worker-25: Building] INFO  o.e.m.c.i.l.LifecycleMappingFactory - Using org.eclipse.m2e.jdt.JarLifecycleMapping lifecycle mapping for MavenProject: br.com.youtube:customer:0.0.1-SNAPSHOT @ /home/igor/eclipse-workspace/Costumer/pom.xml.
2022-09-27 00:19:53,903 [Worker-25: Building] INFO  o.e.m.c.i.e.AbstractTransferListenerAdapter - Downloading https://repo.maven.apache.org/maven2/org/springframework/boot/spring-boot-devtools/2.7.4/spring-boot-devtools-2.7.4.pom
2022-09-27 00:19:54,187 [Worker-25: Building] INFO  o.e.m.c.i.e.AbstractTransferListenerAdapter - Downloaded https://repo.maven.apache.org/maven2/org/springframework/boot/spring-boot-devtools/2.7.4/spring-boot-devtools-2.7.4.pom
2022-09-27 00:19:54,342 [Worker-25: Building] INFO  o.e.m.c.i.e.AbstractTransferListenerAdapter - Downloading https://repo.maven.apache.org/maven2/org/springframework/boot/spring-boot-devtools/2.7.4/spring-boot-devtools-2.7.4.jar
2022-09-27 00:19:55,050 [Worker-25: Building] INFO  o.e.m.c.i.e.AbstractTransferListenerAdapter - Downloaded https://repo.maven.apache.org/maven2/org/springframework/boot/spring-boot-devtools/2.7.4/spring-boot-devtools-2.7.4.jar
2022-09-27 00:19:55,376 [Worker-25: Building] INFO  o.e.m.c.i.embedder.EclipseLogger - Using 'UTF-8' encoding to copy filtered resources.
2022-09-27 00:19:55,376 [Worker-25: Building] INFO  o.e.m.c.i.embedder.EclipseLogger - Using 'UTF-8' encoding to copy filtered properties files.
2022-09-27 00:19:55,378 [Worker-25: Building] INFO  o.e.m.c.i.embedder.EclipseLogger - Copying 0 resource
2022-09-27 00:19:55,378 [Worker-25: Building] INFO  o.e.m.c.i.embedder.EclipseLogger - Copying 0 resource
2022-09-27 00:19:55,381 [Worker-25: Building] INFO  o.e.m.c.i.embedder.EclipseLogger - Using 'UTF-8' encoding to copy filtered resources.
2022-09-27 00:19:55,381 [Worker-25: Building] INFO  o.e.m.c.i.embedder.EclipseLogger - Using 'UTF-8' encoding to copy filtered properties files.
2022-09-27 00:19:55,381 [Worker-25: Building] INFO  o.e.m.c.i.embedder.EclipseLogger - skip non existing resourceDirectory /home/igor/eclipse-workspace/Costumer/src/test/resources
2022-09-27 00:19:55,808 [Worker-27: Building] INFO  o.e.m.c.i.embedder.EclipseLogger - Using 'UTF-8' encoding to copy filtered resources.
2022-09-27 00:19:55,808 [Worker-27: Building] INFO  o.e.m.c.i.embedder.EclipseLogger - Using 'UTF-8' encoding to copy filtered properties files.
2022-09-27 00:19:55,809 [Worker-27: Building] INFO  o.e.m.c.i.embedder.EclipseLogger - Copying 1 resource
2022-09-27 00:19:55,814 [Worker-27: Building] INFO  o.e.m.c.i.embedder.EclipseLogger - Copying 0 resource
2022-09-27 00:19:55,816 [Worker-27: Building] INFO  o.e.m.c.i.embedder.EclipseLogger - Using 'UTF-8' encoding to copy filtered resources.
2022-09-27 00:19:55,817 [Worker-27: Building] INFO  o.e.m.c.i.embedder.EclipseLogger - Using 'UTF-8' encoding to copy filtered properties files.
2022-09-27 00:19:55,817 [Worker-27: Building] INFO  o.e.m.c.i.embedder.EclipseLogger - skip non existing resourceDirectory /home/igor/eclipse-workspace/Costumer/src/test/resources
2022-09-27 00:19:57,352 [Worker-27: Download sources and javadoc] INFO  o.e.m.c.i.e.AbstractTransferListenerAdapter - Downloading https://repo.maven.apache.org/maven2/org/springframework/boot/spring-boot-devtools/2.7.4/spring-boot-devtools-2.7.4-sources.jar
2022-09-27 00:19:57,889 [Worker-27: Download sources and javadoc] INFO  o.e.m.c.i.e.AbstractTransferListenerAdapter - Downloaded https://repo.maven.apache.org/maven2/org/springframework/boot/spring-boot-devtools/2.7.4/spring-boot-devtools-2.7.4-sources.jar
2022-09-27 00:19:57,951 [Worker-27: Download sources and javadoc] INFO  o.e.m.j.internal.DownloadSourcesJob - Downloaded sources for org.springframework.boot:spring-boot-devtools:2.7.4
2022-09-27 00:19:58,210 [Worker-12: Building] INFO  o.e.m.c.i.embedder.EclipseLogger - Using 'UTF-8' encoding to copy filtered resources.
2022-09-27 00:19:58,210 [Worker-12: Building] INFO  o.e.m.c.i.embedder.EclipseLogger - Using 'UTF-8' encoding to copy filtered properties files.
2022-09-27 00:19:58,210 [Worker-12: Building] INFO  o.e.m.c.i.embedder.EclipseLogger - Copying 0 resource
2022-09-27 00:19:58,210 [Worker-12: Building] INFO  o.e.m.c.i.embedder.EclipseLogger - Copying 0 resource
2022-09-27 00:19:58,211 [Worker-12: Building] INFO  o.e.m.c.i.embedder.EclipseLogger - Using 'UTF-8' encoding to copy filtered resources.
2022-09-27 00:19:58,211 [Worker-12: Building] INFO  o.e.m.c.i.embedder.EclipseLogger - Using 'UTF-8' encoding to copy filtered properties files.
2022-09-27 00:19:58,212 [Worker-12: Building] INFO  o.e.m.c.i.embedder.EclipseLogger - skip non existing resourceDirectory /home/igor/eclipse-workspace/Costumer/src/test/resources
2022-09-27 00:20:04,651 [Worker-30: Building] INFO  o.e.m.c.i.embedder.EclipseLogger - Using 'UTF-8' encoding to copy filtered resources.
2022-09-27 00:20:04,651 [Worker-30: Building] INFO  o.e.m.c.i.embedder.EclipseLogger - Using 'UTF-8' encoding to copy filtered properties files.
2022-09-27 00:20:04,652 [Worker-30: Building] INFO  o.e.m.c.i.embedder.EclipseLogger - Copying 0 resource
2022-09-27 00:20:04,652 [Worker-30: Building] INFO  o.e.m.c.i.embedder.EclipseLogger - Copying 0 resource
2022-09-27 00:20:04,653 [Worker-30: Building] INFO  o.e.m.c.i.embedder.EclipseLogger - Using 'UTF-8' encoding to copy filtered resources.
2022-09-27 00:20:04,653 [Worker-30: Building] INFO  o.e.m.c.i.embedder.EclipseLogger - Using 'UTF-8' encoding to copy filtered properties files.
2022-09-27 00:20:04,653 [Worker-30: Building] INFO  o.e.m.c.i.embedder.EclipseLogger - skip non existing resourceDirectory /home/igor/eclipse-workspace/Costumer/src/test/resources
2022-09-27 00:20:05,923 [Worker-16: Building] INFO  o.e.m.c.i.l.LifecycleMappingFactory - Using org.eclipse.m2e.jdt.JarLifecycleMapping lifecycle mapping for MavenProject: br.com.youtube:customer:0.0.1-SNAPSHOT @ /home/igor/eclipse-workspace/Costumer/pom.xml.
2022-09-27 00:20:06,077 [Worker-16: Building] INFO  o.e.m.c.i.embedder.EclipseLogger - Using 'UTF-8' encoding to copy filtered resources.
2022-09-27 00:20:06,077 [Worker-16: Building] INFO  o.e.m.c.i.embedder.EclipseLogger - Using 'UTF-8' encoding to copy filtered properties files.
2022-09-27 00:20:06,078 [Worker-16: Building] INFO  o.e.m.c.i.embedder.EclipseLogger - Copying 1 resource
2022-09-27 00:20:06,092 [Worker-16: Building] INFO  o.e.m.c.i.embedder.EclipseLogger - Copying 0 resource
2022-09-27 00:20:06,096 [Worker-16: Building] INFO  o.e.m.c.i.embedder.EclipseLogger - Using 'UTF-8' encoding to copy filtered resources.
2022-09-27 00:20:06,096 [Worker-16: Building] INFO  o.e.m.c.i.embedder.EclipseLogger - Using 'UTF-8' encoding to copy filtered properties files.
2022-09-27 00:20:06,096 [Worker-16: Building] INFO  o.e.m.c.i.embedder.EclipseLogger - skip non existing resourceDirectory /home/igor/eclipse-workspace/Costumer/src/test/resources
2022-09-27 00:21:28,267 [Worker-30: Building] INFO  o.e.m.c.i.embedder.EclipseLogger - Using 'UTF-8' encoding to copy filtered resources.
2022-09-27 00:21:28,267 [Worker-30: Building] INFO  o.e.m.c.i.embedder.EclipseLogger - Using 'UTF-8' encoding to copy filtered properties files.
2022-09-27 00:21:28,267 [Worker-30: Building] INFO  o.e.m.c.i.embedder.EclipseLogger - Copying 1 resource
2022-09-27 00:21:28,269 [Worker-30: Building] INFO  o.e.m.c.i.embedder.EclipseLogger - Copying 0 resource
2022-09-27 00:21:28,271 [Worker-30: Building] INFO  o.e.m.c.i.embedder.EclipseLogger - Using 'UTF-8' encoding to copy filtered resources.
2022-09-27 00:21:28,271 [Worker-30: Building] INFO  o.e.m.c.i.embedder.EclipseLogger - Using 'UTF-8' encoding to copy filtered properties files.
2022-09-27 00:21:28,271 [Worker-30: Building] INFO  o.e.m.c.i.embedder.EclipseLogger - skip non existing resourceDirectory /home/igor/eclipse-workspace/Costumer/src/test/resources
2022-09-27 00:26:51,245 [Worker-31: Building] INFO  o.e.m.c.i.embedder.EclipseLogger - Using 'UTF-8' encoding to copy filtered resources.
2022-09-27 00:26:51,245 [Worker-31: Building] INFO  o.e.m.c.i.embedder.EclipseLogger - Using 'UTF-8' encoding to copy filtered properties files.
2022-09-27 00:26:51,246 [Worker-31: Building] INFO  o.e.m.c.i.embedder.EclipseLogger - Copying 1 resource
2022-09-27 00:26:51,247 [Worker-31: Building] INFO  o.e.m.c.i.embedder.EclipseLogger - Copying 0 resource
2022-09-27 00:26:51,248 [Worker-31: Building] INFO  o.e.m.c.i.embedder.EclipseLogger - Using 'UTF-8' encoding to copy filtered resources.
2022-09-27 00:26:51,248 [Worker-31: Building] INFO  o.e.m.c.i.embedder.EclipseLogger - Using 'UTF-8' encoding to copy filtered properties files.
2022-09-27 00:26:51,248 [Worker-31: Building] INFO  o.e.m.c.i.embedder.EclipseLogger - skip non existing resourceDirectory /home/igor/eclipse-workspace/Costumer/src/test/resources
2022-09-27 00:27:06,099 [Worker-31: Building] INFO  o.e.m.c.i.embedder.EclipseLogger - Using 'UTF-8' encoding to copy filtered resources.
2022-09-27 00:27:06,099 [Worker-31: Building] INFO  o.e.m.c.i.embedder.EclipseLogger - Using 'UTF-8' encoding to copy filtered properties files.
2022-09-27 00:27:06,099 [Worker-31: Building] INFO  o.e.m.c.i.embedder.EclipseLogger - Copying 1 resource
2022-09-27 00:27:06,101 [Worker-31: Building] INFO  o.e.m.c.i.embedder.EclipseLogger - Copying 0 resource
2022-09-27 00:27:06,102 [Worker-31: Building] INFO  o.e.m.c.i.embedder.EclipseLogger - Using 'UTF-8' encoding to copy filtered resources.
2022-09-27 00:27:06,102 [Worker-31: Building] INFO  o.e.m.c.i.embedder.EclipseLogger - Using 'UTF-8' encoding to copy filtered properties files.
2022-09-27 00:27:06,102 [Worker-31: Building] INFO  o.e.m.c.i.embedder.EclipseLogger - skip non existing resourceDirectory /home/igor/eclipse-workspace/Costumer/src/test/resources
2022-09-27 06:30:30,465 [Worker-5: Loading available Gradle versions] INFO  o.e.b.c.i.u.g.PublishedGradleVersions - Gradle version information cache is up-to-date. Trying to read.
2022-09-27 06:34:48,031 [Worker-15: Building] INFO  o.e.m.c.i.l.LifecycleMappingFactory - Using org.eclipse.m2e.jdt.JarLifecycleMapping lifecycle mapping for MavenProject: br.com.youtube:customer:0.0.1-SNAPSHOT @ /home/igor/eclipse-workspace/Costumer/pom.xml.
2022-09-27 06:34:48,365 [Worker-15: Building] INFO  o.e.m.c.i.embedder.EclipseLogger - Using 'UTF-8' encoding to copy filtered resources.
2022-09-27 06:34:48,365 [Worker-15: Building] INFO  o.e.m.c.i.embedder.EclipseLogger - Using 'UTF-8' encoding to copy filtered properties files.
2022-09-27 06:34:48,367 [Worker-15: Building] INFO  o.e.m.c.i.embedder.EclipseLogger - Copying 1 resource
2022-09-27 06:34:48,381 [Worker-15: Building] INFO  o.e.m.c.i.embedder.EclipseLogger - Copying 0 resource
2022-09-27 06:34:48,383 [Worker-15: Building] INFO  o.e.m.c.i.embedder.EclipseLogger - Using 'UTF-8' encoding to copy filtered resources.
2022-09-27 06:34:48,383 [Worker-15: Building] INFO  o.e.m.c.i.embedder.EclipseLogger - Using 'UTF-8' encoding to copy filtered properties files.
2022-09-27 06:34:48,383 [Worker-15: Building] INFO  o.e.m.c.i.embedder.EclipseLogger - skip non existing resourceDirectory /home/igor/eclipse-workspace/Costumer/src/test/resources
2022-09-27 06:34:49,987 [Worker-9: Building] INFO  o.e.m.c.i.embedder.EclipseLogger - Using 'UTF-8' encoding to copy filtered resources.
2022-09-27 06:34:49,988 [Worker-9: Building] INFO  o.e.m.c.i.embedder.EclipseLogger - Using 'UTF-8' encoding to copy filtered properties files.
2022-09-27 06:34:49,989 [Worker-9: Building] INFO  o.e.m.c.i.embedder.EclipseLogger - Copying 1 resource
2022-09-27 06:34:49,990 [Worker-9: Building] INFO  o.e.m.c.i.embedder.EclipseLogger - Copying 0 resource
2022-09-27 06:34:49,992 [Worker-9: Building] INFO  o.e.m.c.i.embedder.EclipseLogger - Using 'UTF-8' encoding to copy filtered resources.
2022-09-27 06:34:49,992 [Worker-9: Building] INFO  o.e.m.c.i.embedder.EclipseLogger - Using 'UTF-8' encoding to copy filtered properties files.
2022-09-27 06:34:49,992 [Worker-9: Building] INFO  o.e.m.c.i.embedder.EclipseLogger - skip non existing resourceDirectory /home/igor/eclipse-workspace/Costumer/src/test/resources
2022-09-27 06:34:50,939 [Worker-28: Download sources and javadoc] INFO  o.e.m.c.i.e.AbstractTransferListenerAdapter - Downloading https://repo.maven.apache.org/maven2/org/springframework/boot/spring-boot-starter-data-jpa/2.7.4/spring-boot-starter-data-jpa-2.7.4-sources.jar
2022-09-27 06:34:51,195 [Worker-28: Download sources and javadoc] INFO  o.e.m.c.i.e.AbstractTransferListenerAdapter - Downloaded https://repo.maven.apache.org/maven2/org/springframework/boot/spring-boot-starter-data-jpa/2.7.4/spring-boot-starter-data-jpa-2.7.4-sources.jar
2022-09-27 06:34:51,266 [Worker-28: Download sources and javadoc] INFO  o.e.m.j.internal.DownloadSourcesJob - Downloaded sources for org.springframework.boot:spring-boot-starter-data-jpa:2.7.4
2022-09-27 06:34:52,226 [Worker-28: Download sources and javadoc] INFO  o.e.m.c.i.e.AbstractTransferListenerAdapter - Downloading https://repo.maven.apache.org/maven2/org/springframework/boot/spring-boot-starter-aop/2.7.4/spring-boot-starter-aop-2.7.4-sources.jar
2022-09-27 06:34:52,500 [Worker-28: Download sources and javadoc] INFO  o.e.m.c.i.e.AbstractTransferListenerAdapter - Downloaded https://repo.maven.apache.org/maven2/org/springframework/boot/spring-boot-starter-aop/2.7.4/spring-boot-starter-aop-2.7.4-sources.jar
2022-09-27 06:34:52,573 [Worker-28: Download sources and javadoc] INFO  o.e.m.j.internal.DownloadSourcesJob - Downloaded sources for org.springframework.boot:spring-boot-starter-aop:2.7.4
2022-09-27 06:34:53,476 [Worker-28: Download sources and javadoc] INFO  o.e.m.c.i.e.AbstractTransferListenerAdapter - Downloading https://repo.maven.apache.org/maven2/org/aspectj/aspectjweaver/1.9.7/aspectjweaver-1.9.7-sources.jar
2022-09-27 06:34:54,334 [Worker-28: Download sources and javadoc] INFO  o.e.m.c.i.e.AbstractTransferListenerAdapter - Downloaded https://repo.maven.apache.org/maven2/org/aspectj/aspectjweaver/1.9.7/aspectjweaver-1.9.7-sources.jar
2022-09-27 06:34:54,420 [Worker-28: Download sources and javadoc] INFO  o.e.m.j.internal.DownloadSourcesJob - Downloaded sources for org.aspectj:aspectjweaver:1.9.7
2022-09-27 06:34:55,341 [Worker-28: Download sources and javadoc] INFO  o.e.m.c.i.e.AbstractTransferListenerAdapter - Downloading https://repo.maven.apache.org/maven2/org/springframework/boot/spring-boot-starter-jdbc/2.7.4/spring-boot-starter-jdbc-2.7.4-sources.jar
2022-09-27 06:34:55,602 [Worker-28: Download sources and javadoc] INFO  o.e.m.c.i.e.AbstractTransferListenerAdapter - Downloaded https://repo.maven.apache.org/maven2/org/springframework/boot/spring-boot-starter-jdbc/2.7.4/spring-boot-starter-jdbc-2.7.4-sources.jar
2022-09-27 06:34:55,687 [Worker-28: Download sources and javadoc] INFO  o.e.m.j.internal.DownloadSourcesJob - Downloaded sources for org.springframework.boot:spring-boot-starter-jdbc:2.7.4
2022-09-27 06:34:56,570 [Worker-28: Download sources and javadoc] INFO  o.e.m.c.i.e.AbstractTransferListenerAdapter - Downloading https://repo.maven.apache.org/maven2/com/zaxxer/HikariCP/4.0.3/HikariCP-4.0.3-sources.jar
2022-09-27 06:34:57,057 [Worker-28: Download sources and javadoc] INFO  o.e.m.c.i.e.AbstractTransferListenerAdapter - Downloaded https://repo.maven.apache.org/maven2/com/zaxxer/HikariCP/4.0.3/HikariCP-4.0.3-sources.jar
2022-09-27 06:34:57,195 [Worker-28: Download sources and javadoc] INFO  o.e.m.j.internal.DownloadSourcesJob - Downloaded sources for com.zaxxer:HikariCP:4.0.3
2022-09-27 06:34:58,184 [Worker-28: Download sources and javadoc] INFO  o.e.m.c.i.e.AbstractTransferListenerAdapter - Downloading https://repo.maven.apache.org/maven2/org/springframework/spring-jdbc/5.3.23/spring-jdbc-5.3.23-sources.jar
2022-09-27 06:34:58,866 [Worker-28: Download sources and javadoc] INFO  o.e.m.c.i.e.AbstractTransferListenerAdapter - Downloaded https://repo.maven.apache.org/maven2/org/springframework/spring-jdbc/5.3.23/spring-jdbc-5.3.23-sources.jar
2022-09-27 06:34:58,944 [Worker-28: Download sources and javadoc] INFO  o.e.m.j.internal.DownloadSourcesJob - Downloaded sources for org.springframework:spring-jdbc:5.3.23
2022-09-27 06:34:59,846 [Worker-28: Download sources and javadoc] INFO  o.e.m.c.i.e.AbstractTransferListenerAdapter - Downloading https://repo.maven.apache.org/maven2/jakarta/transaction/jakarta.transaction-api/1.3.3/jakarta.transaction-api-1.3.3-sources.jar
2022-09-27 06:35:00,094 [Worker-28: Download sources and javadoc] INFO  o.e.m.c.i.e.AbstractTransferListenerAdapter - Downloaded https://repo.maven.apache.org/maven2/jakarta/transaction/jakarta.transaction-api/1.3.3/jakarta.transaction-api-1.3.3-sources.jar
2022-09-27 06:35:00,249 [Worker-28: Download sources and javadoc] INFO  o.e.m.j.internal.DownloadSourcesJob - Downloaded sources for jakarta.transaction:jakarta.transaction-api:1.3.3
2022-09-27 06:35:01,197 [Worker-28: Download sources and javadoc] INFO  o.e.m.c.i.e.AbstractTransferListenerAdapter - Downloading https://repo.maven.apache.org/maven2/jakarta/persistence/jakarta.persistence-api/2.2.3/jakarta.persistence-api-2.2.3-sources.jar
2022-09-27 06:35:02,284 [Worker-28: Download sources and javadoc] INFO  o.e.m.c.i.e.AbstractTransferListenerAdapter - Downloaded https://repo.maven.apache.org/maven2/jakarta/persistence/jakarta.persistence-api/2.2.3/jakarta.persistence-api-2.2.3-sources.jar
2022-09-27 06:35:02,379 [Worker-28: Download sources and javadoc] INFO  o.e.m.j.internal.DownloadSourcesJob - Downloaded sources for jakarta.persistence:jakarta.persistence-api:2.2.3
2022-09-27 06:35:03,330 [Worker-28: Download sources and javadoc] INFO  o.e.m.c.i.e.AbstractTransferListenerAdapter - Downloading https://repo.maven.apache.org/maven2/org/hibernate/hibernate-core/5.6.11.Final/hibernate-core-5.6.11.Final-sources.jar
2022-09-27 06:35:04,445 [Worker-28: Download sources and javadoc] INFO  o.e.m.c.i.e.AbstractTransferListenerAdapter - Downloaded https://repo.maven.apache.org/maven2/org/hibernate/hibernate-core/5.6.11.Final/hibernate-core-5.6.11.Final-sources.jar
2022-09-27 06:35:04,545 [Worker-28: Download sources and javadoc] INFO  o.e.m.j.internal.DownloadSourcesJob - Downloaded sources for org.hibernate:hibernate-core:5.6.11.Final
2022-09-27 06:35:05,059 [Worker-28: Download sources and javadoc] INFO  o.e.m.c.i.e.AbstractTransferListenerAdapter - Downloading https://repo.maven.apache.org/maven2/org/jboss/logging/jboss-logging/3.4.3.Final/jboss-logging-3.4.3.Final-sources.jar
2022-09-27 06:35:05,322 [Worker-28: Download sources and javadoc] INFO  o.e.m.c.i.e.AbstractTransferListenerAdapter - Downloaded https://repo.maven.apache.org/maven2/org/jboss/logging/jboss-logging/3.4.3.Final/jboss-logging-3.4.3.Final-sources.jar
2022-09-27 06:35:05,432 [Worker-28: Download sources and javadoc] INFO  o.e.m.j.internal.DownloadSourcesJob - Downloaded sources for org.jboss.logging:jboss-logging:3.4.3.Final
2022-09-27 06:35:05,964 [Worker-28: Download sources and javadoc] INFO  o.e.m.c.i.e.AbstractTransferListenerAdapter - Downloaded https://repo.maven.apache.org/maven2/antlr/antlr/2.7.7/antlr-2.7.7-sources.jar
2022-09-27 06:35:05,967 [Worker-28: Download sources and javadoc] ERROR o.e.m.j.internal.DownloadSourcesJob - Could not download sources for antlr:antlr:2.7.7
org.eclipse.core.runtime.CoreException: Could not resolve artifact antlr:antlr:jar:sources:2.7.7
	at org.eclipse.m2e.core.internal.embedder.MavenImpl.lambda$4(MavenImpl.java:828)
	at org.eclipse.m2e.core.internal.embedder.MavenExecutionContext.executeBare(MavenExecutionContext.java:182)
	at org.eclipse.m2e.core.internal.embedder.MavenExecutionContext.execute(MavenExecutionContext.java:117)
	at org.eclipse.m2e.core.internal.embedder.MavenExecutionContext.execute(MavenExecutionContext.java:103)
	at org.eclipse.m2e.core.internal.embedder.MavenImpl.resolve(MavenImpl.java:796)
	at org.eclipse.m2e.core.internal.embedder.MavenImpl.resolve(MavenImpl.java:773)
	at org.eclipse.m2e.jdt.internal.DownloadSourcesJob.download(DownloadSourcesJob.java:311)
	at org.eclipse.m2e.jdt.internal.DownloadSourcesJob.downloadAttachments(DownloadSourcesJob.java:285)
	at org.eclipse.m2e.jdt.internal.DownloadSourcesJob.downloadMaven(DownloadSourcesJob.java:255)
	at org.eclipse.m2e.jdt.internal.DownloadSourcesJob.downloadFilesAndPopulateToUpdate(DownloadSourcesJob.java:223)
	at org.eclipse.m2e.jdt.internal.DownloadSourcesJob.lambda$0(DownloadSourcesJob.java:152)
	at org.eclipse.m2e.core.internal.embedder.MavenExecutionContext.executeBare(MavenExecutionContext.java:182)
	at org.eclipse.m2e.core.internal.embedder.MavenExecutionContext.execute(MavenExecutionContext.java:156)
	at org.eclipse.m2e.core.internal.embedder.MavenExecutionContext.execute(MavenExecutionContext.java:103)
	at org.eclipse.m2e.core.internal.embedder.MavenImpl.execute(MavenImpl.java:1416)
	at org.eclipse.m2e.jdt.internal.DownloadSourcesJob.run(DownloadSourcesJob.java:152)
	at org.eclipse.core.internal.jobs.Worker.run(Worker.java:63)
2022-09-27 06:35:06,927 [Worker-28: Download sources and javadoc] INFO  o.e.m.c.i.e.AbstractTransferListenerAdapter - Downloading https://repo.maven.apache.org/maven2/org/jboss/jandex/2.4.2.Final/jandex-2.4.2.Final-sources.jar
2022-09-27 06:35:07,393 [Worker-28: Download sources and javadoc] INFO  o.e.m.c.i.e.AbstractTransferListenerAdapter - Downloaded https://repo.maven.apache.org/maven2/org/jboss/jandex/2.4.2.Final/jandex-2.4.2.Final-sources.jar
2022-09-27 06:35:07,508 [Worker-28: Download sources and javadoc] INFO  o.e.m.j.internal.DownloadSourcesJob - Downloaded sources for org.jboss:jandex:2.4.2.Final
2022-09-27 06:35:08,421 [Worker-28: Download sources and javadoc] INFO  o.e.m.c.i.e.AbstractTransferListenerAdapter - Downloading https://repo.maven.apache.org/maven2/com/fasterxml/classmate/1.5.1/classmate-1.5.1-sources.jar
2022-09-27 06:35:08,742 [Worker-28: Download sources and javadoc] INFO  o.e.m.c.i.e.AbstractTransferListenerAdapter - Downloaded https://repo.maven.apache.org/maven2/com/fasterxml/classmate/1.5.1/classmate-1.5.1-sources.jar
2022-09-27 06:35:08,829 [Worker-28: Download sources and javadoc] INFO  o.e.m.j.internal.DownloadSourcesJob - Downloaded sources for com.fasterxml:classmate:1.5.1
2022-09-27 06:35:09,718 [Worker-28: Download sources and javadoc] INFO  o.e.m.c.i.e.AbstractTransferListenerAdapter - Downloading https://repo.maven.apache.org/maven2/org/hibernate/common/hibernate-commons-annotations/5.1.2.Final/hibernate-commons-annotations-5.1.2.Final-sources.jar
2022-09-27 06:35:10,023 [Worker-28: Download sources and javadoc] INFO  o.e.m.c.i.e.AbstractTransferListenerAdapter - Downloaded https://repo.maven.apache.org/maven2/org/hibernate/common/hibernate-commons-annotations/5.1.2.Final/hibernate-commons-annotations-5.1.2.Final-sources.jar
2022-09-27 06:35:10,090 [Worker-28: Download sources and javadoc] INFO  o.e.m.j.internal.DownloadSourcesJob - Downloaded sources for org.hibernate.common:hibernate-commons-annotations:5.1.2.Final
2022-09-27 06:35:11,035 [Worker-28: Download sources and javadoc] INFO  o.e.m.c.i.e.AbstractTransferListenerAdapter - Downloading https://repo.maven.apache.org/maven2/org/glassfish/jaxb/jaxb-runtime/2.3.6/jaxb-runtime-2.3.6-sources.jar
2022-09-27 06:35:11,776 [Worker-28: Download sources and javadoc] INFO  o.e.m.c.i.e.AbstractTransferListenerAdapter - Downloaded https://repo.maven.apache.org/maven2/org/glassfish/jaxb/jaxb-runtime/2.3.6/jaxb-runtime-2.3.6-sources.jar
2022-09-27 06:35:11,849 [Worker-28: Download sources and javadoc] INFO  o.e.m.j.internal.DownloadSourcesJob - Downloaded sources for org.glassfish.jaxb:jaxb-runtime:2.3.6
2022-09-27 06:35:12,393 [Worker-28: Download sources and javadoc] INFO  o.e.m.c.i.e.AbstractTransferListenerAdapter - Downloading https://repo.maven.apache.org/maven2/org/glassfish/jaxb/txw2/2.3.6/txw2-2.3.6-sources.jar
2022-09-27 06:35:12,701 [Worker-28: Download sources and javadoc] INFO  o.e.m.c.i.e.AbstractTransferListenerAdapter - Downloaded https://repo.maven.apache.org/maven2/org/glassfish/jaxb/txw2/2.3.6/txw2-2.3.6-sources.jar
2022-09-27 06:35:12,778 [Worker-28: Download sources and javadoc] INFO  o.e.m.j.internal.DownloadSourcesJob - Downloaded sources for org.glassfish.jaxb:txw2:2.3.6
2022-09-27 06:35:13,320 [Worker-28: Download sources and javadoc] INFO  o.e.m.c.i.e.AbstractTransferListenerAdapter - Downloading https://repo.maven.apache.org/maven2/com/sun/istack/istack-commons-runtime/3.0.12/istack-commons-runtime-3.0.12-sources.jar
2022-09-27 06:35:13,585 [Worker-28: Download sources and javadoc] INFO  o.e.m.c.i.e.AbstractTransferListenerAdapter - Downloaded https://repo.maven.apache.org/maven2/com/sun/istack/istack-commons-runtime/3.0.12/istack-commons-runtime-3.0.12-sources.jar
2022-09-27 06:35:13,673 [Worker-28: Download sources and javadoc] INFO  o.e.m.j.internal.DownloadSourcesJob - Downloaded sources for com.sun.istack:istack-commons-runtime:3.0.12
2022-09-27 06:35:14,668 [Worker-28: Download sources and javadoc] INFO  o.e.m.c.i.e.AbstractTransferListenerAdapter - Downloading https://repo.maven.apache.org/maven2/com/sun/activation/jakarta.activation/1.2.2/jakarta.activation-1.2.2-sources.jar
2022-09-27 06:35:15,035 [Worker-28: Download sources and javadoc] INFO  o.e.m.c.i.e.AbstractTransferListenerAdapter - Downloaded https://repo.maven.apache.org/maven2/com/sun/activation/jakarta.activation/1.2.2/jakarta.activation-1.2.2-sources.jar
2022-09-27 06:35:15,132 [Worker-28: Download sources and javadoc] INFO  o.e.m.j.internal.DownloadSourcesJob - Downloaded sources for com.sun.activation:jakarta.activation:1.2.2
2022-09-27 06:35:15,637 [Worker-28: Download sources and javadoc] INFO  o.e.m.c.i.e.AbstractTransferListenerAdapter - Downloading https://repo.maven.apache.org/maven2/org/springframework/data/spring-data-jpa/2.7.3/spring-data-jpa-2.7.3-sources.jar
2022-09-27 06:35:16,300 [Worker-28: Download sources and javadoc] INFO  o.e.m.c.i.e.AbstractTransferListenerAdapter - Downloaded https://repo.maven.apache.org/maven2/org/springframework/data/spring-data-jpa/2.7.3/spring-data-jpa-2.7.3-sources.jar
2022-09-27 06:35:16,405 [Worker-28: Download sources and javadoc] INFO  o.e.m.j.internal.DownloadSourcesJob - Downloaded sources for org.springframework.data:spring-data-jpa:2.7.3
2022-09-27 06:35:17,306 [Worker-28: Download sources and javadoc] INFO  o.e.m.c.i.e.AbstractTransferListenerAdapter - Downloading https://repo.maven.apache.org/maven2/org/springframework/data/spring-data-commons/2.7.3/spring-data-commons-2.7.3-sources.jar
2022-09-27 06:35:18,022 [Worker-28: Download sources and javadoc] INFO  o.e.m.c.i.e.AbstractTransferListenerAdapter - Downloaded https://repo.maven.apache.org/maven2/org/springframework/data/spring-data-commons/2.7.3/spring-data-commons-2.7.3-sources.jar
2022-09-27 06:35:18,131 [Worker-28: Download sources and javadoc] INFO  o.e.m.j.internal.DownloadSourcesJob - Downloaded sources for org.springframework.data:spring-data-commons:2.7.3
2022-09-27 06:35:19,158 [Worker-28: Download sources and javadoc] INFO  o.e.m.c.i.e.AbstractTransferListenerAdapter - Downloading https://repo.maven.apache.org/maven2/org/springframework/spring-orm/5.3.23/spring-orm-5.3.23-sources.jar
2022-09-27 06:35:19,681 [Worker-28: Download sources and javadoc] INFO  o.e.m.c.i.e.AbstractTransferListenerAdapter - Downloaded https://repo.maven.apache.org/maven2/org/springframework/spring-orm/5.3.23/spring-orm-5.3.23-sources.jar
2022-09-27 06:35:19,743 [Worker-28: Download sources and javadoc] INFO  o.e.m.j.internal.DownloadSourcesJob - Downloaded sources for org.springframework:spring-orm:5.3.23
2022-09-27 06:35:20,271 [Worker-28: Download sources and javadoc] INFO  o.e.m.c.i.e.AbstractTransferListenerAdapter - Downloading https://repo.maven.apache.org/maven2/org/springframework/spring-tx/5.3.23/spring-tx-5.3.23-sources.jar
2022-09-27 06:35:20,796 [Worker-28: Download sources and javadoc] INFO  o.e.m.c.i.e.AbstractTransferListenerAdapter - Downloaded https://repo.maven.apache.org/maven2/org/springframework/spring-tx/5.3.23/spring-tx-5.3.23-sources.jar
2022-09-27 06:35:20,848 [Worker-28: Download sources and javadoc] INFO  o.e.m.j.internal.DownloadSourcesJob - Downloaded sources for org.springframework:spring-tx:5.3.23
2022-09-27 06:35:21,812 [Worker-28: Download sources and javadoc] INFO  o.e.m.c.i.e.AbstractTransferListenerAdapter - Downloading https://repo.maven.apache.org/maven2/org/springframework/spring-aspects/5.3.23/spring-aspects-5.3.23-sources.jar
2022-09-27 06:35:22,080 [Worker-28: Download sources and javadoc] INFO  o.e.m.c.i.e.AbstractTransferListenerAdapter - Downloaded https://repo.maven.apache.org/maven2/org/springframework/spring-aspects/5.3.23/spring-aspects-5.3.23-sources.jar
2022-09-27 06:35:22,139 [Worker-28: Download sources and javadoc] INFO  o.e.m.j.internal.DownloadSourcesJob - Downloaded sources for org.springframework:spring-aspects:5.3.23
2022-09-27 06:35:22,452 [Worker-9: Building] INFO  o.e.m.c.i.embedder.EclipseLogger - Using 'UTF-8' encoding to copy filtered resources.
2022-09-27 06:35:22,452 [Worker-9: Building] INFO  o.e.m.c.i.embedder.EclipseLogger - Using 'UTF-8' encoding to copy filtered properties files.
2022-09-27 06:35:22,453 [Worker-9: Building] INFO  o.e.m.c.i.embedder.EclipseLogger - Copying 0 resource
2022-09-27 06:35:22,453 [Worker-9: Building] INFO  o.e.m.c.i.embedder.EclipseLogger - Copying 0 resource
2022-09-27 06:35:22,454 [Worker-9: Building] INFO  o.e.m.c.i.embedder.EclipseLogger - Using 'UTF-8' encoding to copy filtered resources.
2022-09-27 06:35:22,454 [Worker-9: Building] INFO  o.e.m.c.i.embedder.EclipseLogger - Using 'UTF-8' encoding to copy filtered properties files.
2022-09-27 06:35:22,454 [Worker-9: Building] INFO  o.e.m.c.i.embedder.EclipseLogger - skip non existing resourceDirectory /home/igor/eclipse-workspace/Costumer/src/test/resources
2022-09-27 06:41:35,006 [Worker-33: Building] INFO  o.e.m.c.i.l.LifecycleMappingFactory - Using org.eclipse.m2e.jdt.JarLifecycleMapping lifecycle mapping for MavenProject: br.com.youtube:customer:0.0.1-SNAPSHOT @ /home/igor/eclipse-workspace/Costumer/pom.xml.
2022-09-27 06:41:35,226 [Worker-33: Building] INFO  o.e.m.c.i.embedder.EclipseLogger - Using 'UTF-8' encoding to copy filtered resources.
2022-09-27 06:41:35,226 [Worker-33: Building] INFO  o.e.m.c.i.embedder.EclipseLogger - Using 'UTF-8' encoding to copy filtered properties files.
2022-09-27 06:41:35,227 [Worker-33: Building] INFO  o.e.m.c.i.embedder.EclipseLogger - Copying 0 resource
2022-09-27 06:41:35,228 [Worker-33: Building] INFO  o.e.m.c.i.embedder.EclipseLogger - Copying 0 resource
2022-09-27 06:41:35,229 [Worker-33: Building] INFO  o.e.m.c.i.embedder.EclipseLogger - Using 'UTF-8' encoding to copy filtered resources.
2022-09-27 06:41:35,230 [Worker-33: Building] INFO  o.e.m.c.i.embedder.EclipseLogger - Using 'UTF-8' encoding to copy filtered properties files.
2022-09-27 06:41:35,230 [Worker-33: Building] INFO  o.e.m.c.i.embedder.EclipseLogger - skip non existing resourceDirectory /home/igor/eclipse-workspace/Costumer/src/test/resources
2022-09-27 06:41:36,621 [Worker-35: Building] INFO  o.e.m.c.i.embedder.EclipseLogger - Using 'UTF-8' encoding to copy filtered resources.
2022-09-27 06:41:36,621 [Worker-35: Building] INFO  o.e.m.c.i.embedder.EclipseLogger - Using 'UTF-8' encoding to copy filtered properties files.
2022-09-27 06:41:36,621 [Worker-35: Building] INFO  o.e.m.c.i.embedder.EclipseLogger - Copying 1 resource
2022-09-27 06:41:36,629 [Worker-35: Building] INFO  o.e.m.c.i.embedder.EclipseLogger - Copying 0 resource
2022-09-27 06:41:36,631 [Worker-35: Building] INFO  o.e.m.c.i.embedder.EclipseLogger - Using 'UTF-8' encoding to copy filtered resources.
2022-09-27 06:41:36,631 [Worker-35: Building] INFO  o.e.m.c.i.embedder.EclipseLogger - Using 'UTF-8' encoding to copy filtered properties files.
2022-09-27 06:41:36,631 [Worker-35: Building] INFO  o.e.m.c.i.embedder.EclipseLogger - skip non existing resourceDirectory /home/igor/eclipse-workspace/Costumer/src/test/resources
2022-09-27 06:41:37,235 [Worker-34: Download sources and javadoc] INFO  o.e.m.c.i.e.AbstractTransferListenerAdapter - Downloading https://repo.maven.apache.org/maven2/com/h2database/h2/2.1.214/h2-2.1.214-sources.jar
2022-09-27 06:41:38,142 [Worker-34: Download sources and javadoc] INFO  o.e.m.c.i.e.AbstractTransferListenerAdapter - Downloaded https://repo.maven.apache.org/maven2/com/h2database/h2/2.1.214/h2-2.1.214-sources.jar
2022-09-27 06:41:38,228 [Worker-34: Download sources and javadoc] INFO  o.e.m.j.internal.DownloadSourcesJob - Downloaded sources for com.h2database:h2:2.1.214
2022-09-27 06:41:39,242 [Worker-34: Download sources and javadoc] INFO  o.e.m.c.i.e.AbstractTransferListenerAdapter - Downloaded https://repo.maven.apache.org/maven2/antlr/antlr/2.7.7/antlr-2.7.7-javadoc.jar
2022-09-27 06:41:39,242 [Worker-34: Download sources and javadoc] ERROR o.e.m.j.internal.DownloadSourcesJob - Could not download javadoc for antlr:antlr:2.7.7
org.eclipse.core.runtime.CoreException: Could not resolve artifact antlr:antlr:jar:javadoc:2.7.7
	at org.eclipse.m2e.core.internal.embedder.MavenImpl.lambda$4(MavenImpl.java:828)
	at org.eclipse.m2e.core.internal.embedder.MavenExecutionContext.executeBare(MavenExecutionContext.java:182)
	at org.eclipse.m2e.core.internal.embedder.MavenExecutionContext.execute(MavenExecutionContext.java:117)
	at org.eclipse.m2e.core.internal.embedder.MavenExecutionContext.execute(MavenExecutionContext.java:103)
	at org.eclipse.m2e.core.internal.embedder.MavenImpl.resolve(MavenImpl.java:796)
	at org.eclipse.m2e.core.internal.embedder.MavenImpl.resolve(MavenImpl.java:773)
	at org.eclipse.m2e.jdt.internal.DownloadSourcesJob.download(DownloadSourcesJob.java:311)
	at org.eclipse.m2e.jdt.internal.DownloadSourcesJob.downloadAttachments(DownloadSourcesJob.java:297)
	at org.eclipse.m2e.jdt.internal.DownloadSourcesJob.downloadMaven(DownloadSourcesJob.java:255)
	at org.eclipse.m2e.jdt.internal.DownloadSourcesJob.downloadFilesAndPopulateToUpdate(DownloadSourcesJob.java:223)
	at org.eclipse.m2e.jdt.internal.DownloadSourcesJob.lambda$0(DownloadSourcesJob.java:152)
	at org.eclipse.m2e.core.internal.embedder.MavenExecutionContext.executeBare(MavenExecutionContext.java:182)
	at org.eclipse.m2e.core.internal.embedder.MavenExecutionContext.execute(MavenExecutionContext.java:156)
	at org.eclipse.m2e.core.internal.embedder.MavenExecutionContext.execute(MavenExecutionContext.java:103)
	at org.eclipse.m2e.core.internal.embedder.MavenImpl.execute(MavenImpl.java:1416)
	at org.eclipse.m2e.jdt.internal.DownloadSourcesJob.run(DownloadSourcesJob.java:152)
	at org.eclipse.core.internal.jobs.Worker.run(Worker.java:63)
2022-09-27 06:41:39,500 [Worker-32: Building] INFO  o.e.m.c.i.embedder.EclipseLogger - Using 'UTF-8' encoding to copy filtered resources.
2022-09-27 06:41:39,500 [Worker-32: Building] INFO  o.e.m.c.i.embedder.EclipseLogger - Using 'UTF-8' encoding to copy filtered properties files.
2022-09-27 06:41:39,500 [Worker-32: Building] INFO  o.e.m.c.i.embedder.EclipseLogger - Copying 0 resource
2022-09-27 06:41:39,501 [Worker-32: Building] INFO  o.e.m.c.i.embedder.EclipseLogger - Copying 0 resource
2022-09-27 06:41:39,502 [Worker-32: Building] INFO  o.e.m.c.i.embedder.EclipseLogger - Using 'UTF-8' encoding to copy filtered resources.
2022-09-27 06:41:39,502 [Worker-32: Building] INFO  o.e.m.c.i.embedder.EclipseLogger - Using 'UTF-8' encoding to copy filtered properties files.
2022-09-27 06:41:39,502 [Worker-32: Building] INFO  o.e.m.c.i.embedder.EclipseLogger - skip non existing resourceDirectory /home/igor/eclipse-workspace/Costumer/src/test/resources
2022-09-27 06:43:40,657 [Worker-33: Building] INFO  o.e.m.c.i.embedder.EclipseLogger - Using 'UTF-8' encoding to copy filtered resources.
2022-09-27 06:43:40,657 [Worker-33: Building] INFO  o.e.m.c.i.embedder.EclipseLogger - Using 'UTF-8' encoding to copy filtered properties files.
2022-09-27 06:43:40,658 [Worker-33: Building] INFO  o.e.m.c.i.embedder.EclipseLogger - Copying 1 resource
2022-09-27 06:43:40,672 [Worker-33: Building] INFO  o.e.m.c.i.embedder.EclipseLogger - Copying 0 resource
2022-09-27 06:43:40,674 [Worker-33: Building] INFO  o.e.m.c.i.embedder.EclipseLogger - Using 'UTF-8' encoding to copy filtered resources.
2022-09-27 06:43:40,674 [Worker-33: Building] INFO  o.e.m.c.i.embedder.EclipseLogger - Using 'UTF-8' encoding to copy filtered properties files.
2022-09-27 06:43:40,675 [Worker-33: Building] INFO  o.e.m.c.i.embedder.EclipseLogger - skip non existing resourceDirectory /home/igor/eclipse-workspace/Costumer/src/test/resources
2022-09-27 06:44:32,615 [Worker-33: Building] INFO  o.e.m.c.i.embedder.EclipseLogger - Using 'UTF-8' encoding to copy filtered resources.
2022-09-27 06:44:32,615 [Worker-33: Building] INFO  o.e.m.c.i.embedder.EclipseLogger - Using 'UTF-8' encoding to copy filtered properties files.
2022-09-27 06:44:32,615 [Worker-33: Building] INFO  o.e.m.c.i.embedder.EclipseLogger - Copying 1 resource
2022-09-27 06:44:32,617 [Worker-33: Building] INFO  o.e.m.c.i.embedder.EclipseLogger - Copying 0 resource
2022-09-27 06:44:32,619 [Worker-33: Building] INFO  o.e.m.c.i.embedder.EclipseLogger - Using 'UTF-8' encoding to copy filtered resources.
2022-09-27 06:44:32,619 [Worker-33: Building] INFO  o.e.m.c.i.embedder.EclipseLogger - Using 'UTF-8' encoding to copy filtered properties files.
2022-09-27 06:44:32,619 [Worker-33: Building] INFO  o.e.m.c.i.embedder.EclipseLogger - skip non existing resourceDirectory /home/igor/eclipse-workspace/Costumer/src/test/resources
2022-09-27 06:49:32,087 [Worker-36: Building] INFO  o.e.m.c.i.embedder.EclipseLogger - Using 'UTF-8' encoding to copy filtered resources.
2022-09-27 06:49:32,087 [Worker-36: Building] INFO  o.e.m.c.i.embedder.EclipseLogger - Using 'UTF-8' encoding to copy filtered properties files.
2022-09-27 06:49:32,087 [Worker-36: Building] INFO  o.e.m.c.i.embedder.EclipseLogger - Copying 1 resource
2022-09-27 06:49:32,089 [Worker-36: Building] INFO  o.e.m.c.i.embedder.EclipseLogger - Copying 0 resource
2022-09-27 06:49:32,091 [Worker-36: Building] INFO  o.e.m.c.i.embedder.EclipseLogger - Using 'UTF-8' encoding to copy filtered resources.
2022-09-27 06:49:32,091 [Worker-36: Building] INFO  o.e.m.c.i.embedder.EclipseLogger - Using 'UTF-8' encoding to copy filtered properties files.
2022-09-27 06:49:32,091 [Worker-36: Building] INFO  o.e.m.c.i.embedder.EclipseLogger - skip non existing resourceDirectory /home/igor/eclipse-workspace/Costumer/src/test/resources
2022-09-27 06:52:33,631 [Worker-39: Building] INFO  o.e.m.c.i.l.LifecycleMappingFactory - Using org.eclipse.m2e.jdt.JarLifecycleMapping lifecycle mapping for MavenProject: br.com.youtube:customer:0.0.1-SNAPSHOT @ /home/igor/eclipse-workspace/Costumer/pom.xml.
2022-09-27 06:52:34,670 [Worker-39: Building] INFO  o.e.m.c.i.e.AbstractTransferListenerAdapter - Downloading https://repo.maven.apache.org/maven2/org/apache/maven/maven/3.6.3/maven-3.6.3.pom
2022-09-27 06:52:34,945 [Worker-39: Building] INFO  o.e.m.c.i.e.AbstractTransferListenerAdapter - Downloaded https://repo.maven.apache.org/maven2/org/apache/maven/maven/3.6.3/maven-3.6.3.pom
2022-09-27 06:52:35,106 [Worker-39: Building] INFO  o.e.m.c.i.e.AbstractTransferListenerAdapter - Downloading https://repo.maven.apache.org/maven2/org/hibernate/validator/hibernate-validator/6.2.5.Final/hibernate-validator-6.2.5.Final.jar
2022-09-27 06:52:35,873 [Worker-39: Building] INFO  o.e.m.c.i.e.AbstractTransferListenerAdapter - Downloaded https://repo.maven.apache.org/maven2/org/hibernate/validator/hibernate-validator/6.2.5.Final/hibernate-validator-6.2.5.Final.jar
2022-09-27 06:52:36,107 [Worker-39: Building] INFO  o.e.m.c.i.embedder.EclipseLogger - Using 'UTF-8' encoding to copy filtered resources.
2022-09-27 06:52:36,107 [Worker-39: Building] INFO  o.e.m.c.i.embedder.EclipseLogger - Using 'UTF-8' encoding to copy filtered properties files.
2022-09-27 06:52:36,109 [Worker-39: Building] INFO  o.e.m.c.i.embedder.EclipseLogger - Copying 0 resource
2022-09-27 06:52:36,109 [Worker-39: Building] INFO  o.e.m.c.i.embedder.EclipseLogger - Copying 0 resource
2022-09-27 06:52:36,111 [Worker-39: Building] INFO  o.e.m.c.i.embedder.EclipseLogger - Using 'UTF-8' encoding to copy filtered resources.
2022-09-27 06:52:36,111 [Worker-39: Building] INFO  o.e.m.c.i.embedder.EclipseLogger - Using 'UTF-8' encoding to copy filtered properties files.
2022-09-27 06:52:36,111 [Worker-39: Building] INFO  o.e.m.c.i.embedder.EclipseLogger - skip non existing resourceDirectory /home/igor/eclipse-workspace/Costumer/src/test/resources
2022-09-27 06:52:36,711 [Worker-41: Building] INFO  o.e.m.c.i.embedder.EclipseLogger - Using 'UTF-8' encoding to copy filtered resources.
2022-09-27 06:52:36,711 [Worker-41: Building] INFO  o.e.m.c.i.embedder.EclipseLogger - Using 'UTF-8' encoding to copy filtered properties files.
2022-09-27 06:52:36,712 [Worker-41: Building] INFO  o.e.m.c.i.embedder.EclipseLogger - Copying 1 resource
2022-09-27 06:52:36,716 [Worker-41: Building] INFO  o.e.m.c.i.embedder.EclipseLogger - Copying 0 resource
2022-09-27 06:52:36,717 [Worker-41: Building] INFO  o.e.m.c.i.embedder.EclipseLogger - Using 'UTF-8' encoding to copy filtered resources.
2022-09-27 06:52:36,718 [Worker-41: Building] INFO  o.e.m.c.i.embedder.EclipseLogger - Using 'UTF-8' encoding to copy filtered properties files.
2022-09-27 06:52:36,718 [Worker-41: Building] INFO  o.e.m.c.i.embedder.EclipseLogger - skip non existing resourceDirectory /home/igor/eclipse-workspace/Costumer/src/test/resources
2022-09-27 06:52:38,066 [Worker-40: Download sources and javadoc] INFO  o.e.m.c.i.e.AbstractTransferListenerAdapter - Downloading https://repo.maven.apache.org/maven2/org/springframework/boot/spring-boot-starter-validation/2.7.4/spring-boot-starter-validation-2.7.4-sources.jar
2022-09-27 06:52:38,343 [Worker-40: Download sources and javadoc] INFO  o.e.m.c.i.e.AbstractTransferListenerAdapter - Downloaded https://repo.maven.apache.org/maven2/org/springframework/boot/spring-boot-starter-validation/2.7.4/spring-boot-starter-validation-2.7.4-sources.jar
2022-09-27 06:52:38,434 [Worker-40: Download sources and javadoc] INFO  o.e.m.j.internal.DownloadSourcesJob - Downloaded sources for org.springframework.boot:spring-boot-starter-validation:2.7.4
2022-09-27 06:52:38,866 [Worker-39: Building] INFO  o.e.m.c.i.l.LifecycleMappingFactory - Using org.eclipse.m2e.jdt.JarLifecycleMapping lifecycle mapping for MavenProject: br.com.youtube:customer:0.0.1-SNAPSHOT @ /home/igor/eclipse-workspace/Costumer/pom.xml.
2022-09-27 06:52:39,042 [Worker-39: Building] INFO  o.e.m.c.i.embedder.EclipseLogger - Using 'UTF-8' encoding to copy filtered resources.
2022-09-27 06:52:39,042 [Worker-39: Building] INFO  o.e.m.c.i.embedder.EclipseLogger - Using 'UTF-8' encoding to copy filtered properties files.
2022-09-27 06:52:39,043 [Worker-39: Building] INFO  o.e.m.c.i.embedder.EclipseLogger - Copying 0 resource
2022-09-27 06:52:39,043 [Worker-39: Building] INFO  o.e.m.c.i.embedder.EclipseLogger - Copying 0 resource
2022-09-27 06:52:39,044 [Worker-39: Building] INFO  o.e.m.c.i.embedder.EclipseLogger - Using 'UTF-8' encoding to copy filtered resources.
2022-09-27 06:52:39,045 [Worker-39: Building] INFO  o.e.m.c.i.embedder.EclipseLogger - Using 'UTF-8' encoding to copy filtered properties files.
2022-09-27 06:52:39,045 [Worker-39: Building] INFO  o.e.m.c.i.embedder.EclipseLogger - skip non existing resourceDirectory /home/igor/eclipse-workspace/Costumer/src/test/resources
2022-09-27 06:52:39,441 [Worker-40: Download sources and javadoc] INFO  o.e.m.c.i.e.AbstractTransferListenerAdapter - Downloading https://repo.maven.apache.org/maven2/org/hibernate/validator/hibernate-validator/6.2.5.Final/hibernate-validator-6.2.5.Final-sources.jar
2022-09-27 06:52:40,265 [Worker-40: Download sources and javadoc] INFO  o.e.m.c.i.e.AbstractTransferListenerAdapter - Downloaded https://repo.maven.apache.org/maven2/org/hibernate/validator/hibernate-validator/6.2.5.Final/hibernate-validator-6.2.5.Final-sources.jar
2022-09-27 06:52:40,378 [Worker-40: Download sources and javadoc] INFO  o.e.m.j.internal.DownloadSourcesJob - Downloaded sources for org.hibernate.validator:hibernate-validator:6.2.5.Final
2022-09-27 06:52:41,018 [Worker-40: Download sources and javadoc] INFO  o.e.m.c.i.e.AbstractTransferListenerAdapter - Downloading https://repo.maven.apache.org/maven2/jakarta/validation/jakarta.validation-api/2.0.2/jakarta.validation-api-2.0.2-sources.jar
2022-09-27 06:52:41,347 [Worker-40: Download sources and javadoc] INFO  o.e.m.c.i.e.AbstractTransferListenerAdapter - Downloaded https://repo.maven.apache.org/maven2/jakarta/validation/jakarta.validation-api/2.0.2/jakarta.validation-api-2.0.2-sources.jar
2022-09-27 06:52:41,457 [Worker-40: Download sources and javadoc] INFO  o.e.m.j.internal.DownloadSourcesJob - Downloaded sources for jakarta.validation:jakarta.validation-api:2.0.2
2022-09-27 06:52:41,713 [Worker-31: Building] INFO  o.e.m.c.i.embedder.EclipseLogger - Using 'UTF-8' encoding to copy filtered resources.
2022-09-27 06:52:41,713 [Worker-31: Building] INFO  o.e.m.c.i.embedder.EclipseLogger - Using 'UTF-8' encoding to copy filtered properties files.
2022-09-27 06:52:41,713 [Worker-31: Building] INFO  o.e.m.c.i.embedder.EclipseLogger - Copying 0 resource
2022-09-27 06:52:41,713 [Worker-31: Building] INFO  o.e.m.c.i.embedder.EclipseLogger - Copying 0 resource
2022-09-27 06:52:41,714 [Worker-31: Building] INFO  o.e.m.c.i.embedder.EclipseLogger - Using 'UTF-8' encoding to copy filtered resources.
2022-09-27 06:52:41,714 [Worker-31: Building] INFO  o.e.m.c.i.embedder.EclipseLogger - Using 'UTF-8' encoding to copy filtered properties files.
2022-09-27 06:52:41,714 [Worker-31: Building] INFO  o.e.m.c.i.embedder.EclipseLogger - skip non existing resourceDirectory /home/igor/eclipse-workspace/Costumer/src/test/resources
2022-09-27 06:54:51,742 [Worker-38: Updating Maven Project] INFO  o.e.m.c.i.p.ProjectConfigurationManager - Update started
2022-09-27 06:54:51,846 [Worker-38: Updating Maven Project] INFO  o.e.m.c.i.l.LifecycleMappingFactory - Using org.eclipse.m2e.jdt.JarLifecycleMapping lifecycle mapping for MavenProject: br.com.youtube:customer:0.0.1-SNAPSHOT @ /home/igor/eclipse-workspace/Costumer/pom.xml.
2022-09-27 06:54:52,000 [Worker-38: Updating Maven Project] INFO  o.e.m.j.i.AbstractJavaProjectConfigurator - Adding source folder /Costumer/src/main/java
2022-09-27 06:54:52,001 [Worker-38: Updating Maven Project] INFO  o.e.m.j.i.AbstractJavaProjectConfigurator - Adding resource folder /Costumer/src/main/resources
2022-09-27 06:54:52,001 [Worker-38: Updating Maven Project] INFO  o.e.m.j.i.AbstractJavaProjectConfigurator - Adding resource folder /Costumer/src/main/resources
2022-09-27 06:54:52,001 [Worker-38: Updating Maven Project] INFO  o.e.m.j.i.AbstractJavaProjectConfigurator - Adding source folder /Costumer/src/test/java
2022-09-27 06:54:52,076 [Worker-38: Updating Maven Project] INFO  o.e.m.c.i.p.ProjectConfigurationManager - Update completed: 0 sec
2022-09-27 06:54:52,407 [Worker-43: Building] INFO  o.e.m.c.i.embedder.EclipseLogger - Using 'UTF-8' encoding to copy filtered resources.
2022-09-27 06:54:52,407 [Worker-43: Building] INFO  o.e.m.c.i.embedder.EclipseLogger - Using 'UTF-8' encoding to copy filtered properties files.
2022-09-27 06:54:52,408 [Worker-43: Building] INFO  o.e.m.c.i.embedder.EclipseLogger - Copying 1 resource
2022-09-27 06:54:52,413 [Worker-43: Building] INFO  o.e.m.c.i.embedder.EclipseLogger - Copying 0 resource
2022-09-27 06:54:52,415 [Worker-43: Building] INFO  o.e.m.c.i.embedder.EclipseLogger - Using 'UTF-8' encoding to copy filtered resources.
2022-09-27 06:54:52,415 [Worker-43: Building] INFO  o.e.m.c.i.embedder.EclipseLogger - Using 'UTF-8' encoding to copy filtered properties files.
2022-09-27 06:54:52,415 [Worker-43: Building] INFO  o.e.m.c.i.embedder.EclipseLogger - skip non existing resourceDirectory /home/igor/eclipse-workspace/Costumer/src/test/resources
2022-09-27 06:55:23,750 [Worker-43: Building] INFO  o.e.m.c.i.embedder.EclipseLogger - Using 'UTF-8' encoding to copy filtered resources.
2022-09-27 06:55:23,750 [Worker-43: Building] INFO  o.e.m.c.i.embedder.EclipseLogger - Using 'UTF-8' encoding to copy filtered properties files.
2022-09-27 06:55:23,750 [Worker-43: Building] INFO  o.e.m.c.i.embedder.EclipseLogger - Copying 1 resource
2022-09-27 06:55:23,752 [Worker-43: Building] INFO  o.e.m.c.i.embedder.EclipseLogger - Copying 0 resource
2022-09-27 06:55:23,753 [Worker-43: Building] INFO  o.e.m.c.i.embedder.EclipseLogger - Using 'UTF-8' encoding to copy filtered resources.
2022-09-27 06:55:23,753 [Worker-43: Building] INFO  o.e.m.c.i.embedder.EclipseLogger - Using 'UTF-8' encoding to copy filtered properties files.
2022-09-27 06:55:23,753 [Worker-43: Building] INFO  o.e.m.c.i.embedder.EclipseLogger - skip non existing resourceDirectory /home/igor/eclipse-workspace/Costumer/src/test/resources
2022-09-27 06:55:40,832 [Worker-31: Building] INFO  o.e.m.c.i.embedder.EclipseLogger - Using 'UTF-8' encoding to copy filtered resources.
2022-09-27 06:55:40,832 [Worker-31: Building] INFO  o.e.m.c.i.embedder.EclipseLogger - Using 'UTF-8' encoding to copy filtered properties files.
2022-09-27 06:55:40,832 [Worker-31: Building] INFO  o.e.m.c.i.embedder.EclipseLogger - Copying 1 resource
2022-09-27 06:55:40,834 [Worker-31: Building] INFO  o.e.m.c.i.embedder.EclipseLogger - Copying 0 resource
2022-09-27 06:55:40,835 [Worker-31: Building] INFO  o.e.m.c.i.embedder.EclipseLogger - Using 'UTF-8' encoding to copy filtered resources.
2022-09-27 06:55:40,835 [Worker-31: Building] INFO  o.e.m.c.i.embedder.EclipseLogger - Using 'UTF-8' encoding to copy filtered properties files.
2022-09-27 06:55:40,835 [Worker-31: Building] INFO  o.e.m.c.i.embedder.EclipseLogger - skip non existing resourceDirectory /home/igor/eclipse-workspace/Costumer/src/test/resources
2022-09-27 06:56:14,770 [Worker-44: Building] INFO  o.e.m.c.i.embedder.EclipseLogger - Using 'UTF-8' encoding to copy filtered resources.
2022-09-27 06:56:14,770 [Worker-44: Building] INFO  o.e.m.c.i.embedder.EclipseLogger - Using 'UTF-8' encoding to copy filtered properties files.
2022-09-27 06:56:14,770 [Worker-44: Building] INFO  o.e.m.c.i.embedder.EclipseLogger - Copying 1 resource
2022-09-27 06:56:14,772 [Worker-44: Building] INFO  o.e.m.c.i.embedder.EclipseLogger - Copying 0 resource
2022-09-27 06:56:14,773 [Worker-44: Building] INFO  o.e.m.c.i.embedder.EclipseLogger - Using 'UTF-8' encoding to copy filtered resources.
2022-09-27 06:56:14,773 [Worker-44: Building] INFO  o.e.m.c.i.embedder.EclipseLogger - Using 'UTF-8' encoding to copy filtered properties files.
2022-09-27 06:56:14,773 [Worker-44: Building] INFO  o.e.m.c.i.embedder.EclipseLogger - skip non existing resourceDirectory /home/igor/eclipse-workspace/Costumer/src/test/resources
2022-09-27 06:57:32,353 [Worker-31: Building] INFO  o.e.m.c.i.embedder.EclipseLogger - Using 'UTF-8' encoding to copy filtered resources.
2022-09-27 06:57:32,353 [Worker-31: Building] INFO  o.e.m.c.i.embedder.EclipseLogger - Using 'UTF-8' encoding to copy filtered properties files.
2022-09-27 06:57:32,353 [Worker-31: Building] INFO  o.e.m.c.i.embedder.EclipseLogger - Copying 1 resource
2022-09-27 06:57:32,356 [Worker-31: Building] INFO  o.e.m.c.i.embedder.EclipseLogger - Copying 0 resource
2022-09-27 06:57:32,357 [Worker-31: Building] INFO  o.e.m.c.i.embedder.EclipseLogger - Using 'UTF-8' encoding to copy filtered resources.
2022-09-27 06:57:32,357 [Worker-31: Building] INFO  o.e.m.c.i.embedder.EclipseLogger - Using 'UTF-8' encoding to copy filtered properties files.
2022-09-27 06:57:32,357 [Worker-31: Building] INFO  o.e.m.c.i.embedder.EclipseLogger - skip non existing resourceDirectory /home/igor/eclipse-workspace/Costumer/src/test/resources
2022-09-27 06:58:06,737 [Worker-38: Building] INFO  o.e.m.c.i.embedder.EclipseLogger - Using 'UTF-8' encoding to copy filtered resources.
2022-09-27 06:58:06,737 [Worker-38: Building] INFO  o.e.m.c.i.embedder.EclipseLogger - Using 'UTF-8' encoding to copy filtered properties files.
2022-09-27 06:58:06,737 [Worker-38: Building] INFO  o.e.m.c.i.embedder.EclipseLogger - Copying 1 resource
2022-09-27 06:58:06,739 [Worker-38: Building] INFO  o.e.m.c.i.embedder.EclipseLogger - Copying 0 resource
2022-09-27 06:58:06,740 [Worker-38: Building] INFO  o.e.m.c.i.embedder.EclipseLogger - Using 'UTF-8' encoding to copy filtered resources.
2022-09-27 06:58:06,740 [Worker-38: Building] INFO  o.e.m.c.i.embedder.EclipseLogger - Using 'UTF-8' encoding to copy filtered properties files.
2022-09-27 06:58:06,740 [Worker-38: Building] INFO  o.e.m.c.i.embedder.EclipseLogger - skip non existing resourceDirectory /home/igor/eclipse-workspace/Costumer/src/test/resources
2022-09-27 06:59:48,567 [Worker-45: Building] INFO  o.e.m.c.i.embedder.EclipseLogger - Using 'UTF-8' encoding to copy filtered resources.
2022-09-27 06:59:48,567 [Worker-45: Building] INFO  o.e.m.c.i.embedder.EclipseLogger - Using 'UTF-8' encoding to copy filtered properties files.
2022-09-27 06:59:48,568 [Worker-45: Building] INFO  o.e.m.c.i.embedder.EclipseLogger - Copying 1 resource
2022-09-27 06:59:48,570 [Worker-45: Building] INFO  o.e.m.c.i.embedder.EclipseLogger - Copying 0 resource
2022-09-27 06:59:48,571 [Worker-45: Building] INFO  o.e.m.c.i.embedder.EclipseLogger - Using 'UTF-8' encoding to copy filtered resources.
2022-09-27 06:59:48,571 [Worker-45: Building] INFO  o.e.m.c.i.embedder.EclipseLogger - Using 'UTF-8' encoding to copy filtered properties files.
2022-09-27 06:59:48,571 [Worker-45: Building] INFO  o.e.m.c.i.embedder.EclipseLogger - skip non existing resourceDirectory /home/igor/eclipse-workspace/Costumer/src/test/resources
2022-09-27 07:00:05,451 [Worker-44: Building] INFO  o.e.m.c.i.embedder.EclipseLogger - Using 'UTF-8' encoding to copy filtered resources.
2022-09-27 07:00:05,451 [Worker-44: Building] INFO  o.e.m.c.i.embedder.EclipseLogger - Using 'UTF-8' encoding to copy filtered properties files.
2022-09-27 07:00:05,451 [Worker-44: Building] INFO  o.e.m.c.i.embedder.EclipseLogger - Copying 1 resource
2022-09-27 07:00:05,453 [Worker-44: Building] INFO  o.e.m.c.i.embedder.EclipseLogger - Copying 0 resource
2022-09-27 07:00:05,455 [Worker-44: Building] INFO  o.e.m.c.i.embedder.EclipseLogger - Using 'UTF-8' encoding to copy filtered resources.
2022-09-27 07:00:05,455 [Worker-44: Building] INFO  o.e.m.c.i.embedder.EclipseLogger - Using 'UTF-8' encoding to copy filtered properties files.
2022-09-27 07:00:05,455 [Worker-44: Building] INFO  o.e.m.c.i.embedder.EclipseLogger - skip non existing resourceDirectory /home/igor/eclipse-workspace/Costumer/src/test/resources
2022-09-27 07:00:52,080 [Worker-31: Building] INFO  o.e.m.c.i.embedder.EclipseLogger - Using 'UTF-8' encoding to copy filtered resources.
2022-09-27 07:00:52,080 [Worker-31: Building] INFO  o.e.m.c.i.embedder.EclipseLogger - Using 'UTF-8' encoding to copy filtered properties files.
2022-09-27 07:00:52,080 [Worker-31: Building] INFO  o.e.m.c.i.embedder.EclipseLogger - Copying 1 resource
2022-09-27 07:00:52,081 [Worker-31: Building] INFO  o.e.m.c.i.embedder.EclipseLogger - Copying 0 resource
2022-09-27 07:00:52,082 [Worker-31: Building] INFO  o.e.m.c.i.embedder.EclipseLogger - Using 'UTF-8' encoding to copy filtered resources.
2022-09-27 07:00:52,082 [Worker-31: Building] INFO  o.e.m.c.i.embedder.EclipseLogger - Using 'UTF-8' encoding to copy filtered properties files.
2022-09-27 07:00:52,082 [Worker-31: Building] INFO  o.e.m.c.i.embedder.EclipseLogger - skip non existing resourceDirectory /home/igor/eclipse-workspace/Costumer/src/test/resources
2022-09-27 07:01:52,169 [Worker-38: Building] INFO  o.e.m.c.i.embedder.EclipseLogger - Using 'UTF-8' encoding to copy filtered resources.
2022-09-27 07:01:52,169 [Worker-38: Building] INFO  o.e.m.c.i.embedder.EclipseLogger - Using 'UTF-8' encoding to copy filtered properties files.
2022-09-27 07:01:52,169 [Worker-38: Building] INFO  o.e.m.c.i.embedder.EclipseLogger - Copying 1 resource
2022-09-27 07:01:52,171 [Worker-38: Building] INFO  o.e.m.c.i.embedder.EclipseLogger - Copying 0 resource
2022-09-27 07:01:52,173 [Worker-38: Building] INFO  o.e.m.c.i.embedder.EclipseLogger - Using 'UTF-8' encoding to copy filtered resources.
2022-09-27 07:01:52,173 [Worker-38: Building] INFO  o.e.m.c.i.embedder.EclipseLogger - Using 'UTF-8' encoding to copy filtered properties files.
2022-09-27 07:01:52,173 [Worker-38: Building] INFO  o.e.m.c.i.embedder.EclipseLogger - skip non existing resourceDirectory /home/igor/eclipse-workspace/Costumer/src/test/resources
2022-09-27 07:02:13,582 [Worker-44: Building] INFO  o.e.m.c.i.embedder.EclipseLogger - Using 'UTF-8' encoding to copy filtered resources.
2022-09-27 07:02:13,583 [Worker-44: Building] INFO  o.e.m.c.i.embedder.EclipseLogger - Using 'UTF-8' encoding to copy filtered properties files.
2022-09-27 07:02:13,583 [Worker-44: Building] INFO  o.e.m.c.i.embedder.EclipseLogger - Copying 1 resource
2022-09-27 07:02:13,585 [Worker-44: Building] INFO  o.e.m.c.i.embedder.EclipseLogger - Copying 0 resource
2022-09-27 07:02:13,586 [Worker-44: Building] INFO  o.e.m.c.i.embedder.EclipseLogger - Using 'UTF-8' encoding to copy filtered resources.
2022-09-27 07:02:13,586 [Worker-44: Building] INFO  o.e.m.c.i.embedder.EclipseLogger - Using 'UTF-8' encoding to copy filtered properties files.
2022-09-27 07:02:13,586 [Worker-44: Building] INFO  o.e.m.c.i.embedder.EclipseLogger - skip non existing resourceDirectory /home/igor/eclipse-workspace/Costumer/src/test/resources
2022-09-27 07:02:50,176 [Worker-44: Building] INFO  o.e.m.c.i.embedder.EclipseLogger - Using 'UTF-8' encoding to copy filtered resources.
2022-09-27 07:02:50,176 [Worker-44: Building] INFO  o.e.m.c.i.embedder.EclipseLogger - Using 'UTF-8' encoding to copy filtered properties files.
2022-09-27 07:02:50,177 [Worker-44: Building] INFO  o.e.m.c.i.embedder.EclipseLogger - Copying 1 resource
2022-09-27 07:02:50,178 [Worker-44: Building] INFO  o.e.m.c.i.embedder.EclipseLogger - Copying 0 resource
2022-09-27 07:02:50,179 [Worker-44: Building] INFO  o.e.m.c.i.embedder.EclipseLogger - Using 'UTF-8' encoding to copy filtered resources.
2022-09-27 07:02:50,179 [Worker-44: Building] INFO  o.e.m.c.i.embedder.EclipseLogger - Using 'UTF-8' encoding to copy filtered properties files.
2022-09-27 07:02:50,179 [Worker-44: Building] INFO  o.e.m.c.i.embedder.EclipseLogger - skip non existing resourceDirectory /home/igor/eclipse-workspace/Costumer/src/test/resources
2022-09-27 07:02:59,637 [Worker-38: Building] INFO  o.e.m.c.i.embedder.EclipseLogger - Using 'UTF-8' encoding to copy filtered resources.
2022-09-27 07:02:59,637 [Worker-38: Building] INFO  o.e.m.c.i.embedder.EclipseLogger - Using 'UTF-8' encoding to copy filtered properties files.
2022-09-27 07:02:59,637 [Worker-38: Building] INFO  o.e.m.c.i.embedder.EclipseLogger - Copying 1 resource
2022-09-27 07:02:59,639 [Worker-38: Building] INFO  o.e.m.c.i.embedder.EclipseLogger - Copying 0 resource
2022-09-27 07:02:59,640 [Worker-38: Building] INFO  o.e.m.c.i.embedder.EclipseLogger - Using 'UTF-8' encoding to copy filtered resources.
2022-09-27 07:02:59,640 [Worker-38: Building] INFO  o.e.m.c.i.embedder.EclipseLogger - Using 'UTF-8' encoding to copy filtered properties files.
2022-09-27 07:02:59,640 [Worker-38: Building] INFO  o.e.m.c.i.embedder.EclipseLogger - skip non existing resourceDirectory /home/igor/eclipse-workspace/Costumer/src/test/resources
2022-09-27 07:03:21,642 [Worker-38: Building] INFO  o.e.m.c.i.embedder.EclipseLogger - Using 'UTF-8' encoding to copy filtered resources.
2022-09-27 07:03:21,642 [Worker-38: Building] INFO  o.e.m.c.i.embedder.EclipseLogger - Using 'UTF-8' encoding to copy filtered properties files.
2022-09-27 07:03:21,642 [Worker-38: Building] INFO  o.e.m.c.i.embedder.EclipseLogger - Copying 1 resource
2022-09-27 07:03:21,644 [Worker-38: Building] INFO  o.e.m.c.i.embedder.EclipseLogger - Copying 0 resource
2022-09-27 07:03:21,645 [Worker-38: Building] INFO  o.e.m.c.i.embedder.EclipseLogger - Using 'UTF-8' encoding to copy filtered resources.
2022-09-27 07:03:21,645 [Worker-38: Building] INFO  o.e.m.c.i.embedder.EclipseLogger - Using 'UTF-8' encoding to copy filtered properties files.
2022-09-27 07:03:21,645 [Worker-38: Building] INFO  o.e.m.c.i.embedder.EclipseLogger - skip non existing resourceDirectory /home/igor/eclipse-workspace/Costumer/src/test/resources
2022-09-27 07:03:42,084 [Worker-44: Building] INFO  o.e.m.c.i.embedder.EclipseLogger - Using 'UTF-8' encoding to copy filtered resources.
2022-09-27 07:03:42,084 [Worker-44: Building] INFO  o.e.m.c.i.embedder.EclipseLogger - Using 'UTF-8' encoding to copy filtered properties files.
2022-09-27 07:03:42,084 [Worker-44: Building] INFO  o.e.m.c.i.embedder.EclipseLogger - Copying 1 resource
2022-09-27 07:03:42,086 [Worker-44: Building] INFO  o.e.m.c.i.embedder.EclipseLogger - Copying 0 resource
2022-09-27 07:03:42,086 [Worker-44: Building] INFO  o.e.m.c.i.embedder.EclipseLogger - Using 'UTF-8' encoding to copy filtered resources.
2022-09-27 07:03:42,086 [Worker-44: Building] INFO  o.e.m.c.i.embedder.EclipseLogger - Using 'UTF-8' encoding to copy filtered properties files.
2022-09-27 07:03:42,086 [Worker-44: Building] INFO  o.e.m.c.i.embedder.EclipseLogger - skip non existing resourceDirectory /home/igor/eclipse-workspace/Costumer/src/test/resources
2022-09-27 07:04:02,185 [Worker-46: Building] INFO  o.e.m.c.i.embedder.EclipseLogger - Using 'UTF-8' encoding to copy filtered resources.
2022-09-27 07:04:02,185 [Worker-46: Building] INFO  o.e.m.c.i.embedder.EclipseLogger - Using 'UTF-8' encoding to copy filtered properties files.
2022-09-27 07:04:02,185 [Worker-46: Building] INFO  o.e.m.c.i.embedder.EclipseLogger - Copying 1 resource
2022-09-27 07:04:02,187 [Worker-46: Building] INFO  o.e.m.c.i.embedder.EclipseLogger - Copying 0 resource
2022-09-27 07:04:02,188 [Worker-46: Building] INFO  o.e.m.c.i.embedder.EclipseLogger - Using 'UTF-8' encoding to copy filtered resources.
2022-09-27 07:04:02,189 [Worker-46: Building] INFO  o.e.m.c.i.embedder.EclipseLogger - Using 'UTF-8' encoding to copy filtered properties files.
2022-09-27 07:04:02,189 [Worker-46: Building] INFO  o.e.m.c.i.embedder.EclipseLogger - skip non existing resourceDirectory /home/igor/eclipse-workspace/Costumer/src/test/resources
2022-09-27 07:04:19,911 [Worker-38: Building] INFO  o.e.m.c.i.embedder.EclipseLogger - Using 'UTF-8' encoding to copy filtered resources.
2022-09-27 07:04:19,911 [Worker-38: Building] INFO  o.e.m.c.i.embedder.EclipseLogger - Using 'UTF-8' encoding to copy filtered properties files.
2022-09-27 07:04:19,912 [Worker-38: Building] INFO  o.e.m.c.i.embedder.EclipseLogger - Copying 1 resource
2022-09-27 07:04:19,913 [Worker-38: Building] INFO  o.e.m.c.i.embedder.EclipseLogger - Copying 0 resource
2022-09-27 07:04:19,915 [Worker-38: Building] INFO  o.e.m.c.i.embedder.EclipseLogger - Using 'UTF-8' encoding to copy filtered resources.
2022-09-27 07:04:19,915 [Worker-38: Building] INFO  o.e.m.c.i.embedder.EclipseLogger - Using 'UTF-8' encoding to copy filtered properties files.
2022-09-27 07:04:19,915 [Worker-38: Building] INFO  o.e.m.c.i.embedder.EclipseLogger - skip non existing resourceDirectory /home/igor/eclipse-workspace/Costumer/src/test/resources
2022-09-27 07:04:43,247 [Worker-38: Building] INFO  o.e.m.c.i.embedder.EclipseLogger - Using 'UTF-8' encoding to copy filtered resources.
2022-09-27 07:04:43,247 [Worker-38: Building] INFO  o.e.m.c.i.embedder.EclipseLogger - Using 'UTF-8' encoding to copy filtered properties files.
2022-09-27 07:04:43,248 [Worker-38: Building] INFO  o.e.m.c.i.embedder.EclipseLogger - Copying 1 resource
2022-09-27 07:04:43,249 [Worker-38: Building] INFO  o.e.m.c.i.embedder.EclipseLogger - Copying 0 resource
2022-09-27 07:04:43,249 [Worker-38: Building] INFO  o.e.m.c.i.embedder.EclipseLogger - Using 'UTF-8' encoding to copy filtered resources.
2022-09-27 07:04:43,250 [Worker-38: Building] INFO  o.e.m.c.i.embedder.EclipseLogger - Using 'UTF-8' encoding to copy filtered properties files.
2022-09-27 07:04:43,250 [Worker-38: Building] INFO  o.e.m.c.i.embedder.EclipseLogger - skip non existing resourceDirectory /home/igor/eclipse-workspace/Costumer/src/test/resources
2022-09-27 07:06:16,449 [Worker-31: Building] INFO  o.e.m.c.i.embedder.EclipseLogger - Using 'UTF-8' encoding to copy filtered resources.
2022-09-27 07:06:16,450 [Worker-31: Building] INFO  o.e.m.c.i.embedder.EclipseLogger - Using 'UTF-8' encoding to copy filtered properties files.
2022-09-27 07:06:16,450 [Worker-31: Building] INFO  o.e.m.c.i.embedder.EclipseLogger - Copying 1 resource
2022-09-27 07:06:16,451 [Worker-31: Building] INFO  o.e.m.c.i.embedder.EclipseLogger - Copying 0 resource
2022-09-27 07:06:16,452 [Worker-31: Building] INFO  o.e.m.c.i.embedder.EclipseLogger - Using 'UTF-8' encoding to copy filtered resources.
2022-09-27 07:06:16,452 [Worker-31: Building] INFO  o.e.m.c.i.embedder.EclipseLogger - Using 'UTF-8' encoding to copy filtered properties files.
2022-09-27 07:06:16,452 [Worker-31: Building] INFO  o.e.m.c.i.embedder.EclipseLogger - skip non existing resourceDirectory /home/igor/eclipse-workspace/Costumer/src/test/resources
2022-09-27 07:08:36,931 [Worker-44: Building] INFO  o.e.m.c.i.embedder.EclipseLogger - Using 'UTF-8' encoding to copy filtered resources.
2022-09-27 07:08:36,931 [Worker-44: Building] INFO  o.e.m.c.i.embedder.EclipseLogger - Using 'UTF-8' encoding to copy filtered properties files.
2022-09-27 07:08:36,931 [Worker-44: Building] INFO  o.e.m.c.i.embedder.EclipseLogger - Copying 1 resource
2022-09-27 07:08:36,933 [Worker-44: Building] INFO  o.e.m.c.i.embedder.EclipseLogger - Copying 0 resource
2022-09-27 07:08:36,933 [Worker-44: Building] INFO  o.e.m.c.i.embedder.EclipseLogger - Using 'UTF-8' encoding to copy filtered resources.
2022-09-27 07:08:36,933 [Worker-44: Building] INFO  o.e.m.c.i.embedder.EclipseLogger - Using 'UTF-8' encoding to copy filtered properties files.
2022-09-27 07:08:36,933 [Worker-44: Building] INFO  o.e.m.c.i.embedder.EclipseLogger - skip non existing resourceDirectory /home/igor/eclipse-workspace/Costumer/src/test/resources
2022-09-27 07:08:40,416 [Worker-46: Building] INFO  o.e.m.c.i.embedder.EclipseLogger - Using 'UTF-8' encoding to copy filtered resources.
2022-09-27 07:08:40,416 [Worker-46: Building] INFO  o.e.m.c.i.embedder.EclipseLogger - Using 'UTF-8' encoding to copy filtered properties files.
2022-09-27 07:08:40,416 [Worker-46: Building] INFO  o.e.m.c.i.embedder.EclipseLogger - Copying 1 resource
2022-09-27 07:08:40,418 [Worker-46: Building] INFO  o.e.m.c.i.embedder.EclipseLogger - Copying 0 resource
2022-09-27 07:08:40,418 [Worker-46: Building] INFO  o.e.m.c.i.embedder.EclipseLogger - Using 'UTF-8' encoding to copy filtered resources.
2022-09-27 07:08:40,418 [Worker-46: Building] INFO  o.e.m.c.i.embedder.EclipseLogger - Using 'UTF-8' encoding to copy filtered properties files.
2022-09-27 07:08:40,418 [Worker-46: Building] INFO  o.e.m.c.i.embedder.EclipseLogger - skip non existing resourceDirectory /home/igor/eclipse-workspace/Costumer/src/test/resources
2022-09-27 07:08:53,512 [Worker-46: Building] INFO  o.e.m.c.i.embedder.EclipseLogger - Using 'UTF-8' encoding to copy filtered resources.
2022-09-27 07:08:53,512 [Worker-46: Building] INFO  o.e.m.c.i.embedder.EclipseLogger - Using 'UTF-8' encoding to copy filtered properties files.
2022-09-27 07:08:53,512 [Worker-46: Building] INFO  o.e.m.c.i.embedder.EclipseLogger - Copying 1 resource
2022-09-27 07:08:53,514 [Worker-46: Building] INFO  o.e.m.c.i.embedder.EclipseLogger - Copying 0 resource
2022-09-27 07:08:53,514 [Worker-46: Building] INFO  o.e.m.c.i.embedder.EclipseLogger - Using 'UTF-8' encoding to copy filtered resources.
2022-09-27 07:08:53,514 [Worker-46: Building] INFO  o.e.m.c.i.embedder.EclipseLogger - Using 'UTF-8' encoding to copy filtered properties files.
2022-09-27 07:08:53,514 [Worker-46: Building] INFO  o.e.m.c.i.embedder.EclipseLogger - skip non existing resourceDirectory /home/igor/eclipse-workspace/Costumer/src/test/resources
2022-09-27 07:09:32,210 [Worker-44: Building] INFO  o.e.m.c.i.embedder.EclipseLogger - Using 'UTF-8' encoding to copy filtered resources.
2022-09-27 07:09:32,210 [Worker-44: Building] INFO  o.e.m.c.i.embedder.EclipseLogger - Using 'UTF-8' encoding to copy filtered properties files.
2022-09-27 07:09:32,210 [Worker-44: Building] INFO  o.e.m.c.i.embedder.EclipseLogger - Copying 1 resource
2022-09-27 07:09:32,211 [Worker-44: Building] INFO  o.e.m.c.i.embedder.EclipseLogger - Copying 0 resource
2022-09-27 07:09:32,212 [Worker-44: Building] INFO  o.e.m.c.i.embedder.EclipseLogger - Using 'UTF-8' encoding to copy filtered resources.
2022-09-27 07:09:32,212 [Worker-44: Building] INFO  o.e.m.c.i.embedder.EclipseLogger - Using 'UTF-8' encoding to copy filtered properties files.
2022-09-27 07:09:32,212 [Worker-44: Building] INFO  o.e.m.c.i.embedder.EclipseLogger - skip non existing resourceDirectory /home/igor/eclipse-workspace/Costumer/src/test/resources
2022-09-27 07:11:40,779 [Worker-31: Building] INFO  o.e.m.c.i.embedder.EclipseLogger - Using 'UTF-8' encoding to copy filtered resources.
2022-09-27 07:11:40,780 [Worker-31: Building] INFO  o.e.m.c.i.embedder.EclipseLogger - Using 'UTF-8' encoding to copy filtered properties files.
2022-09-27 07:11:40,780 [Worker-31: Building] INFO  o.e.m.c.i.embedder.EclipseLogger - Copying 1 resource
2022-09-27 07:11:40,782 [Worker-31: Building] INFO  o.e.m.c.i.embedder.EclipseLogger - Copying 0 resource
2022-09-27 07:11:40,783 [Worker-31: Building] INFO  o.e.m.c.i.embedder.EclipseLogger - Using 'UTF-8' encoding to copy filtered resources.
2022-09-27 07:11:40,783 [Worker-31: Building] INFO  o.e.m.c.i.embedder.EclipseLogger - Using 'UTF-8' encoding to copy filtered properties files.
2022-09-27 07:11:40,783 [Worker-31: Building] INFO  o.e.m.c.i.embedder.EclipseLogger - skip non existing resourceDirectory /home/igor/eclipse-workspace/Costumer/src/test/resources
2022-09-27 07:14:17,699 [Worker-48: Building] INFO  o.e.m.c.i.embedder.EclipseLogger - Using 'UTF-8' encoding to copy filtered resources.
2022-09-27 07:14:17,699 [Worker-48: Building] INFO  o.e.m.c.i.embedder.EclipseLogger - Using 'UTF-8' encoding to copy filtered properties files.
2022-09-27 07:14:17,700 [Worker-48: Building] INFO  o.e.m.c.i.embedder.EclipseLogger - Copying 1 resource
2022-09-27 07:14:17,701 [Worker-48: Building] INFO  o.e.m.c.i.embedder.EclipseLogger - Copying 0 resource
2022-09-27 07:14:17,702 [Worker-48: Building] INFO  o.e.m.c.i.embedder.EclipseLogger - Using 'UTF-8' encoding to copy filtered resources.
2022-09-27 07:14:17,702 [Worker-48: Building] INFO  o.e.m.c.i.embedder.EclipseLogger - Using 'UTF-8' encoding to copy filtered properties files.
2022-09-27 07:14:17,702 [Worker-48: Building] INFO  o.e.m.c.i.embedder.EclipseLogger - skip non existing resourceDirectory /home/igor/eclipse-workspace/Costumer/src/test/resources
2022-09-27 07:14:22,615 [Worker-44: Building] INFO  o.e.m.c.i.embedder.EclipseLogger - Using 'UTF-8' encoding to copy filtered resources.
2022-09-27 07:14:22,615 [Worker-44: Building] INFO  o.e.m.c.i.embedder.EclipseLogger - Using 'UTF-8' encoding to copy filtered properties files.
2022-09-27 07:14:22,615 [Worker-44: Building] INFO  o.e.m.c.i.embedder.EclipseLogger - Copying 1 resource
2022-09-27 07:14:22,617 [Worker-44: Building] INFO  o.e.m.c.i.embedder.EclipseLogger - Copying 0 resource
2022-09-27 07:14:22,618 [Worker-44: Building] INFO  o.e.m.c.i.embedder.EclipseLogger - Using 'UTF-8' encoding to copy filtered resources.
2022-09-27 07:14:22,618 [Worker-44: Building] INFO  o.e.m.c.i.embedder.EclipseLogger - Using 'UTF-8' encoding to copy filtered properties files.
2022-09-27 07:14:22,618 [Worker-44: Building] INFO  o.e.m.c.i.embedder.EclipseLogger - skip non existing resourceDirectory /home/igor/eclipse-workspace/Costumer/src/test/resources
2022-09-27 07:15:39,520 [Worker-38: Building] INFO  o.e.m.c.i.embedder.EclipseLogger - Using 'UTF-8' encoding to copy filtered resources.
2022-09-27 07:15:39,520 [Worker-38: Building] INFO  o.e.m.c.i.embedder.EclipseLogger - Using 'UTF-8' encoding to copy filtered properties files.
2022-09-27 07:15:39,520 [Worker-38: Building] INFO  o.e.m.c.i.embedder.EclipseLogger - Copying 1 resource
2022-09-27 07:15:39,522 [Worker-38: Building] INFO  o.e.m.c.i.embedder.EclipseLogger - Copying 0 resource
2022-09-27 07:15:39,523 [Worker-38: Building] INFO  o.e.m.c.i.embedder.EclipseLogger - Using 'UTF-8' encoding to copy filtered resources.
2022-09-27 07:15:39,523 [Worker-38: Building] INFO  o.e.m.c.i.embedder.EclipseLogger - Using 'UTF-8' encoding to copy filtered properties files.
2022-09-27 07:15:39,523 [Worker-38: Building] INFO  o.e.m.c.i.embedder.EclipseLogger - skip non existing resourceDirectory /home/igor/eclipse-workspace/Costumer/src/test/resources
2022-09-27 07:15:59,050 [Worker-47: Building] INFO  o.e.m.c.i.embedder.EclipseLogger - Using 'UTF-8' encoding to copy filtered resources.
2022-09-27 07:15:59,050 [Worker-47: Building] INFO  o.e.m.c.i.embedder.EclipseLogger - Using 'UTF-8' encoding to copy filtered properties files.
2022-09-27 07:15:59,050 [Worker-47: Building] INFO  o.e.m.c.i.embedder.EclipseLogger - Copying 1 resource
2022-09-27 07:15:59,051 [Worker-47: Building] INFO  o.e.m.c.i.embedder.EclipseLogger - Copying 0 resource
2022-09-27 07:15:59,052 [Worker-47: Building] INFO  o.e.m.c.i.embedder.EclipseLogger - Using 'UTF-8' encoding to copy filtered resources.
2022-09-27 07:15:59,052 [Worker-47: Building] INFO  o.e.m.c.i.embedder.EclipseLogger - Using 'UTF-8' encoding to copy filtered properties files.
2022-09-27 07:15:59,052 [Worker-47: Building] INFO  o.e.m.c.i.embedder.EclipseLogger - skip non existing resourceDirectory /home/igor/eclipse-workspace/Costumer/src/test/resources
2022-09-27 07:16:01,993 [Worker-44: Building] INFO  o.e.m.c.i.embedder.EclipseLogger - Using 'UTF-8' encoding to copy filtered resources.
2022-09-27 07:16:01,993 [Worker-44: Building] INFO  o.e.m.c.i.embedder.EclipseLogger - Using 'UTF-8' encoding to copy filtered properties files.
2022-09-27 07:16:01,993 [Worker-44: Building] INFO  o.e.m.c.i.embedder.EclipseLogger - Copying 1 resource
2022-09-27 07:16:01,994 [Worker-44: Building] INFO  o.e.m.c.i.embedder.EclipseLogger - Copying 0 resource
2022-09-27 07:16:01,995 [Worker-44: Building] INFO  o.e.m.c.i.embedder.EclipseLogger - Using 'UTF-8' encoding to copy filtered resources.
2022-09-27 07:16:01,995 [Worker-44: Building] INFO  o.e.m.c.i.embedder.EclipseLogger - Using 'UTF-8' encoding to copy filtered properties files.
2022-09-27 07:16:01,995 [Worker-44: Building] INFO  o.e.m.c.i.embedder.EclipseLogger - skip non existing resourceDirectory /home/igor/eclipse-workspace/Costumer/src/test/resources
2022-09-27 07:16:46,351 [Worker-44: Building] INFO  o.e.m.c.i.embedder.EclipseLogger - Using 'UTF-8' encoding to copy filtered resources.
2022-09-27 07:16:46,351 [Worker-44: Building] INFO  o.e.m.c.i.embedder.EclipseLogger - Using 'UTF-8' encoding to copy filtered properties files.
2022-09-27 07:16:46,351 [Worker-44: Building] INFO  o.e.m.c.i.embedder.EclipseLogger - Copying 1 resource
2022-09-27 07:16:46,353 [Worker-44: Building] INFO  o.e.m.c.i.embedder.EclipseLogger - Copying 0 resource
2022-09-27 07:16:46,354 [Worker-44: Building] INFO  o.e.m.c.i.embedder.EclipseLogger - Using 'UTF-8' encoding to copy filtered resources.
2022-09-27 07:16:46,354 [Worker-44: Building] INFO  o.e.m.c.i.embedder.EclipseLogger - Using 'UTF-8' encoding to copy filtered properties files.
2022-09-27 07:16:46,354 [Worker-44: Building] INFO  o.e.m.c.i.embedder.EclipseLogger - skip non existing resourceDirectory /home/igor/eclipse-workspace/Costumer/src/test/resources
2022-09-27 07:17:17,761 [Worker-47: Building] INFO  o.e.m.c.i.embedder.EclipseLogger - Using 'UTF-8' encoding to copy filtered resources.
2022-09-27 07:17:17,761 [Worker-47: Building] INFO  o.e.m.c.i.embedder.EclipseLogger - Using 'UTF-8' encoding to copy filtered properties files.
2022-09-27 07:17:17,761 [Worker-47: Building] INFO  o.e.m.c.i.embedder.EclipseLogger - Copying 1 resource
2022-09-27 07:17:17,762 [Worker-47: Building] INFO  o.e.m.c.i.embedder.EclipseLogger - Copying 0 resource
2022-09-27 07:17:17,763 [Worker-47: Building] INFO  o.e.m.c.i.embedder.EclipseLogger - Using 'UTF-8' encoding to copy filtered resources.
2022-09-27 07:17:17,763 [Worker-47: Building] INFO  o.e.m.c.i.embedder.EclipseLogger - Using 'UTF-8' encoding to copy filtered properties files.
2022-09-27 07:17:17,763 [Worker-47: Building] INFO  o.e.m.c.i.embedder.EclipseLogger - skip non existing resourceDirectory /home/igor/eclipse-workspace/Costumer/src/test/resources
2022-09-27 07:18:13,375 [Worker-38: Building] INFO  o.e.m.c.i.embedder.EclipseLogger - Using 'UTF-8' encoding to copy filtered resources.
2022-09-27 07:18:13,375 [Worker-38: Building] INFO  o.e.m.c.i.embedder.EclipseLogger - Using 'UTF-8' encoding to copy filtered properties files.
2022-09-27 07:18:13,375 [Worker-38: Building] INFO  o.e.m.c.i.embedder.EclipseLogger - Copying 1 resource
2022-09-27 07:18:13,376 [Worker-38: Building] INFO  o.e.m.c.i.embedder.EclipseLogger - Copying 0 resource
2022-09-27 07:18:13,377 [Worker-38: Building] INFO  o.e.m.c.i.embedder.EclipseLogger - Using 'UTF-8' encoding to copy filtered resources.
2022-09-27 07:18:13,377 [Worker-38: Building] INFO  o.e.m.c.i.embedder.EclipseLogger - Using 'UTF-8' encoding to copy filtered properties files.
2022-09-27 07:18:13,377 [Worker-38: Building] INFO  o.e.m.c.i.embedder.EclipseLogger - skip non existing resourceDirectory /home/igor/eclipse-workspace/Costumer/src/test/resources
2022-09-27 07:19:23,086 [Worker-44: Building] INFO  o.e.m.c.i.embedder.EclipseLogger - Using 'UTF-8' encoding to copy filtered resources.
2022-09-27 07:19:23,086 [Worker-44: Building] INFO  o.e.m.c.i.embedder.EclipseLogger - Using 'UTF-8' encoding to copy filtered properties files.
2022-09-27 07:19:23,086 [Worker-44: Building] INFO  o.e.m.c.i.embedder.EclipseLogger - Copying 1 resource
2022-09-27 07:19:23,088 [Worker-44: Building] INFO  o.e.m.c.i.embedder.EclipseLogger - Copying 0 resource
2022-09-27 07:19:23,089 [Worker-44: Building] INFO  o.e.m.c.i.embedder.EclipseLogger - Using 'UTF-8' encoding to copy filtered resources.
2022-09-27 07:19:23,089 [Worker-44: Building] INFO  o.e.m.c.i.embedder.EclipseLogger - Using 'UTF-8' encoding to copy filtered properties files.
2022-09-27 07:19:23,089 [Worker-44: Building] INFO  o.e.m.c.i.embedder.EclipseLogger - skip non existing resourceDirectory /home/igor/eclipse-workspace/Costumer/src/test/resources
2022-09-27 07:19:40,682 [Worker-48: Building] INFO  o.e.m.c.i.embedder.EclipseLogger - Using 'UTF-8' encoding to copy filtered resources.
2022-09-27 07:19:40,682 [Worker-48: Building] INFO  o.e.m.c.i.embedder.EclipseLogger - Using 'UTF-8' encoding to copy filtered properties files.
2022-09-27 07:19:40,682 [Worker-48: Building] INFO  o.e.m.c.i.embedder.EclipseLogger - Copying 1 resource
2022-09-27 07:19:40,684 [Worker-48: Building] INFO  o.e.m.c.i.embedder.EclipseLogger - Copying 0 resource
2022-09-27 07:19:40,685 [Worker-48: Building] INFO  o.e.m.c.i.embedder.EclipseLogger - Using 'UTF-8' encoding to copy filtered resources.
2022-09-27 07:19:40,685 [Worker-48: Building] INFO  o.e.m.c.i.embedder.EclipseLogger - Using 'UTF-8' encoding to copy filtered properties files.
2022-09-27 07:19:40,685 [Worker-48: Building] INFO  o.e.m.c.i.embedder.EclipseLogger - skip non existing resourceDirectory /home/igor/eclipse-workspace/Costumer/src/test/resources
2022-09-27 07:20:03,021 [Worker-47: Building] INFO  o.e.m.c.i.embedder.EclipseLogger - Using 'UTF-8' encoding to copy filtered resources.
2022-09-27 07:20:03,021 [Worker-47: Building] INFO  o.e.m.c.i.embedder.EclipseLogger - Using 'UTF-8' encoding to copy filtered properties files.
2022-09-27 07:20:03,021 [Worker-47: Building] INFO  o.e.m.c.i.embedder.EclipseLogger - Copying 1 resource
2022-09-27 07:20:03,023 [Worker-47: Building] INFO  o.e.m.c.i.embedder.EclipseLogger - Copying 0 resource
2022-09-27 07:20:03,025 [Worker-47: Building] INFO  o.e.m.c.i.embedder.EclipseLogger - Using 'UTF-8' encoding to copy filtered resources.
2022-09-27 07:20:03,025 [Worker-47: Building] INFO  o.e.m.c.i.embedder.EclipseLogger - Using 'UTF-8' encoding to copy filtered properties files.
2022-09-27 07:20:03,025 [Worker-47: Building] INFO  o.e.m.c.i.embedder.EclipseLogger - skip non existing resourceDirectory /home/igor/eclipse-workspace/Costumer/src/test/resources
2022-09-27 07:20:44,087 [Worker-38: Building] INFO  o.e.m.c.i.embedder.EclipseLogger - Using 'UTF-8' encoding to copy filtered resources.
2022-09-27 07:20:44,087 [Worker-38: Building] INFO  o.e.m.c.i.embedder.EclipseLogger - Using 'UTF-8' encoding to copy filtered properties files.
2022-09-27 07:20:44,087 [Worker-38: Building] INFO  o.e.m.c.i.embedder.EclipseLogger - Copying 1 resource
2022-09-27 07:20:44,089 [Worker-38: Building] INFO  o.e.m.c.i.embedder.EclipseLogger - Copying 0 resource
2022-09-27 07:20:44,090 [Worker-38: Building] INFO  o.e.m.c.i.embedder.EclipseLogger - Using 'UTF-8' encoding to copy filtered resources.
2022-09-27 07:20:44,090 [Worker-38: Building] INFO  o.e.m.c.i.embedder.EclipseLogger - Using 'UTF-8' encoding to copy filtered properties files.
2022-09-27 07:20:44,090 [Worker-38: Building] INFO  o.e.m.c.i.embedder.EclipseLogger - skip non existing resourceDirectory /home/igor/eclipse-workspace/Costumer/src/test/resources
2022-09-27 07:21:08,847 [Worker-38: Building] INFO  o.e.m.c.i.embedder.EclipseLogger - Using 'UTF-8' encoding to copy filtered resources.
2022-09-27 07:21:08,847 [Worker-38: Building] INFO  o.e.m.c.i.embedder.EclipseLogger - Using 'UTF-8' encoding to copy filtered properties files.
2022-09-27 07:21:08,848 [Worker-38: Building] INFO  o.e.m.c.i.embedder.EclipseLogger - Copying 1 resource
2022-09-27 07:21:08,850 [Worker-38: Building] INFO  o.e.m.c.i.embedder.EclipseLogger - Copying 0 resource
2022-09-27 07:21:08,851 [Worker-38: Building] INFO  o.e.m.c.i.embedder.EclipseLogger - Using 'UTF-8' encoding to copy filtered resources.
2022-09-27 07:21:08,851 [Worker-38: Building] INFO  o.e.m.c.i.embedder.EclipseLogger - Using 'UTF-8' encoding to copy filtered properties files.
2022-09-27 07:21:08,851 [Worker-38: Building] INFO  o.e.m.c.i.embedder.EclipseLogger - skip non existing resourceDirectory /home/igor/eclipse-workspace/Costumer/src/test/resources
2022-09-27 07:21:26,583 [Worker-48: Building] INFO  o.e.m.c.i.embedder.EclipseLogger - Using 'UTF-8' encoding to copy filtered resources.
2022-09-27 07:21:26,583 [Worker-48: Building] INFO  o.e.m.c.i.embedder.EclipseLogger - Using 'UTF-8' encoding to copy filtered properties files.
2022-09-27 07:21:26,583 [Worker-48: Building] INFO  o.e.m.c.i.embedder.EclipseLogger - Copying 1 resource
2022-09-27 07:21:26,585 [Worker-48: Building] INFO  o.e.m.c.i.embedder.EclipseLogger - Copying 0 resource
2022-09-27 07:21:26,585 [Worker-48: Building] INFO  o.e.m.c.i.embedder.EclipseLogger - Using 'UTF-8' encoding to copy filtered resources.
2022-09-27 07:21:26,586 [Worker-48: Building] INFO  o.e.m.c.i.embedder.EclipseLogger - Using 'UTF-8' encoding to copy filtered properties files.
2022-09-27 07:21:26,586 [Worker-48: Building] INFO  o.e.m.c.i.embedder.EclipseLogger - skip non existing resourceDirectory /home/igor/eclipse-workspace/Costumer/src/test/resources
2022-09-27 07:22:23,639 [Worker-44: Building] INFO  o.e.m.c.i.embedder.EclipseLogger - Using 'UTF-8' encoding to copy filtered resources.
2022-09-27 07:22:23,639 [Worker-44: Building] INFO  o.e.m.c.i.embedder.EclipseLogger - Using 'UTF-8' encoding to copy filtered properties files.
2022-09-27 07:22:23,639 [Worker-44: Building] INFO  o.e.m.c.i.embedder.EclipseLogger - Copying 1 resource
2022-09-27 07:22:23,641 [Worker-44: Building] INFO  o.e.m.c.i.embedder.EclipseLogger - Copying 0 resource
2022-09-27 07:22:23,642 [Worker-44: Building] INFO  o.e.m.c.i.embedder.EclipseLogger - Using 'UTF-8' encoding to copy filtered resources.
2022-09-27 07:22:23,642 [Worker-44: Building] INFO  o.e.m.c.i.embedder.EclipseLogger - Using 'UTF-8' encoding to copy filtered properties files.
2022-09-27 07:22:23,642 [Worker-44: Building] INFO  o.e.m.c.i.embedder.EclipseLogger - skip non existing resourceDirectory /home/igor/eclipse-workspace/Costumer/src/test/resources
2022-09-27 07:23:02,730 [Worker-48: Building] INFO  o.e.m.c.i.embedder.EclipseLogger - Using 'UTF-8' encoding to copy filtered resources.
2022-09-27 07:23:02,730 [Worker-48: Building] INFO  o.e.m.c.i.embedder.EclipseLogger - Using 'UTF-8' encoding to copy filtered properties files.
2022-09-27 07:23:02,730 [Worker-48: Building] INFO  o.e.m.c.i.embedder.EclipseLogger - Copying 1 resource
2022-09-27 07:23:02,734 [Worker-48: Building] INFO  o.e.m.c.i.embedder.EclipseLogger - Copying 0 resource
2022-09-27 07:23:02,735 [Worker-48: Building] INFO  o.e.m.c.i.embedder.EclipseLogger - Using 'UTF-8' encoding to copy filtered resources.
2022-09-27 07:23:02,735 [Worker-48: Building] INFO  o.e.m.c.i.embedder.EclipseLogger - Using 'UTF-8' encoding to copy filtered properties files.
2022-09-27 07:23:02,735 [Worker-48: Building] INFO  o.e.m.c.i.embedder.EclipseLogger - skip non existing resourceDirectory /home/igor/eclipse-workspace/Costumer/src/test/resources
2022-09-27 07:23:25,085 [Worker-48: Building] INFO  o.e.m.c.i.embedder.EclipseLogger - Using 'UTF-8' encoding to copy filtered resources.
2022-09-27 07:23:25,085 [Worker-48: Building] INFO  o.e.m.c.i.embedder.EclipseLogger - Using 'UTF-8' encoding to copy filtered properties files.
2022-09-27 07:23:25,086 [Worker-48: Building] INFO  o.e.m.c.i.embedder.EclipseLogger - Copying 1 resource
2022-09-27 07:23:25,087 [Worker-48: Building] INFO  o.e.m.c.i.embedder.EclipseLogger - Copying 0 resource
2022-09-27 07:23:25,088 [Worker-48: Building] INFO  o.e.m.c.i.embedder.EclipseLogger - Using 'UTF-8' encoding to copy filtered resources.
2022-09-27 07:23:25,088 [Worker-48: Building] INFO  o.e.m.c.i.embedder.EclipseLogger - Using 'UTF-8' encoding to copy filtered properties files.
2022-09-27 07:23:25,088 [Worker-48: Building] INFO  o.e.m.c.i.embedder.EclipseLogger - skip non existing resourceDirectory /home/igor/eclipse-workspace/Costumer/src/test/resources
2022-09-27 07:30:43,025 [Worker-50: Building] INFO  o.e.m.c.i.embedder.EclipseLogger - Using 'UTF-8' encoding to copy filtered resources.
2022-09-27 07:30:43,025 [Worker-50: Building] INFO  o.e.m.c.i.embedder.EclipseLogger - Using 'UTF-8' encoding to copy filtered properties files.
2022-09-27 07:30:43,025 [Worker-50: Building] INFO  o.e.m.c.i.embedder.EclipseLogger - Copying 1 resource
2022-09-27 07:30:43,027 [Worker-50: Building] INFO  o.e.m.c.i.embedder.EclipseLogger - Copying 0 resource
2022-09-27 07:30:43,028 [Worker-50: Building] INFO  o.e.m.c.i.embedder.EclipseLogger - Using 'UTF-8' encoding to copy filtered resources.
2022-09-27 07:30:43,028 [Worker-50: Building] INFO  o.e.m.c.i.embedder.EclipseLogger - Using 'UTF-8' encoding to copy filtered properties files.
2022-09-27 07:30:43,028 [Worker-50: Building] INFO  o.e.m.c.i.embedder.EclipseLogger - skip non existing resourceDirectory /home/igor/eclipse-workspace/Costumer/src/test/resources
2022-09-27 07:30:50,276 [Worker-38: Building] INFO  o.e.m.c.i.embedder.EclipseLogger - Using 'UTF-8' encoding to copy filtered resources.
2022-09-27 07:30:50,276 [Worker-38: Building] INFO  o.e.m.c.i.embedder.EclipseLogger - Using 'UTF-8' encoding to copy filtered properties files.
2022-09-27 07:30:50,276 [Worker-38: Building] INFO  o.e.m.c.i.embedder.EclipseLogger - Copying 1 resource
2022-09-27 07:30:50,278 [Worker-38: Building] INFO  o.e.m.c.i.embedder.EclipseLogger - Copying 0 resource
2022-09-27 07:30:50,279 [Worker-38: Building] INFO  o.e.m.c.i.embedder.EclipseLogger - Using 'UTF-8' encoding to copy filtered resources.
2022-09-27 07:30:50,279 [Worker-38: Building] INFO  o.e.m.c.i.embedder.EclipseLogger - Using 'UTF-8' encoding to copy filtered properties files.
2022-09-27 07:30:50,279 [Worker-38: Building] INFO  o.e.m.c.i.embedder.EclipseLogger - skip non existing resourceDirectory /home/igor/eclipse-workspace/Costumer/src/test/resources
2022-09-27 07:32:46,388 [Worker-50: Building] INFO  o.e.m.c.i.embedder.EclipseLogger - Using 'UTF-8' encoding to copy filtered resources.
2022-09-27 07:32:46,388 [Worker-50: Building] INFO  o.e.m.c.i.embedder.EclipseLogger - Using 'UTF-8' encoding to copy filtered properties files.
2022-09-27 07:32:46,388 [Worker-50: Building] INFO  o.e.m.c.i.embedder.EclipseLogger - Copying 1 resource
2022-09-27 07:32:46,418 [Worker-50: Building] INFO  o.e.m.c.i.embedder.EclipseLogger - Copying 0 resource
2022-09-27 07:32:46,419 [Worker-50: Building] INFO  o.e.m.c.i.embedder.EclipseLogger - Using 'UTF-8' encoding to copy filtered resources.
2022-09-27 07:32:46,419 [Worker-50: Building] INFO  o.e.m.c.i.embedder.EclipseLogger - Using 'UTF-8' encoding to copy filtered properties files.
2022-09-27 07:32:46,419 [Worker-50: Building] INFO  o.e.m.c.i.embedder.EclipseLogger - skip non existing resourceDirectory /home/igor/eclipse-workspace/Costumer/src/test/resources
2022-09-27 07:33:00,716 [Worker-38: Building] INFO  o.e.m.c.i.embedder.EclipseLogger - Using 'UTF-8' encoding to copy filtered resources.
2022-09-27 07:33:00,716 [Worker-38: Building] INFO  o.e.m.c.i.embedder.EclipseLogger - Using 'UTF-8' encoding to copy filtered properties files.
2022-09-27 07:33:00,717 [Worker-38: Building] INFO  o.e.m.c.i.embedder.EclipseLogger - Copying 1 resource
2022-09-27 07:33:00,718 [Worker-38: Building] INFO  o.e.m.c.i.embedder.EclipseLogger - Copying 0 resource
2022-09-27 07:33:00,719 [Worker-38: Building] INFO  o.e.m.c.i.embedder.EclipseLogger - Using 'UTF-8' encoding to copy filtered resources.
2022-09-27 07:33:00,719 [Worker-38: Building] INFO  o.e.m.c.i.embedder.EclipseLogger - Using 'UTF-8' encoding to copy filtered properties files.
2022-09-27 07:33:00,719 [Worker-38: Building] INFO  o.e.m.c.i.embedder.EclipseLogger - skip non existing resourceDirectory /home/igor/eclipse-workspace/Costumer/src/test/resources
2022-09-27 07:33:12,043 [Worker-50: Building] INFO  o.e.m.c.i.embedder.EclipseLogger - Using 'UTF-8' encoding to copy filtered resources.
2022-09-27 07:33:12,043 [Worker-50: Building] INFO  o.e.m.c.i.embedder.EclipseLogger - Using 'UTF-8' encoding to copy filtered properties files.
2022-09-27 07:33:12,043 [Worker-50: Building] INFO  o.e.m.c.i.embedder.EclipseLogger - Copying 1 resource
2022-09-27 07:33:12,045 [Worker-50: Building] INFO  o.e.m.c.i.embedder.EclipseLogger - Copying 0 resource
2022-09-27 07:33:12,046 [Worker-50: Building] INFO  o.e.m.c.i.embedder.EclipseLogger - Using 'UTF-8' encoding to copy filtered resources.
2022-09-27 07:33:12,046 [Worker-50: Building] INFO  o.e.m.c.i.embedder.EclipseLogger - Using 'UTF-8' encoding to copy filtered properties files.
2022-09-27 07:33:12,046 [Worker-50: Building] INFO  o.e.m.c.i.embedder.EclipseLogger - skip non existing resourceDirectory /home/igor/eclipse-workspace/Costumer/src/test/resources
2022-09-27 07:38:35,264 [Worker-50: Building] INFO  o.e.m.c.i.embedder.EclipseLogger - Using 'UTF-8' encoding to copy filtered resources.
2022-09-27 07:38:35,264 [Worker-50: Building] INFO  o.e.m.c.i.embedder.EclipseLogger - Using 'UTF-8' encoding to copy filtered properties files.
2022-09-27 07:38:35,264 [Worker-50: Building] INFO  o.e.m.c.i.embedder.EclipseLogger - Copying 1 resource
2022-09-27 07:38:35,266 [Worker-50: Building] INFO  o.e.m.c.i.embedder.EclipseLogger - Copying 0 resource
2022-09-27 07:38:35,267 [Worker-50: Building] INFO  o.e.m.c.i.embedder.EclipseLogger - Using 'UTF-8' encoding to copy filtered resources.
2022-09-27 07:38:35,267 [Worker-50: Building] INFO  o.e.m.c.i.embedder.EclipseLogger - Using 'UTF-8' encoding to copy filtered properties files.
2022-09-27 07:38:35,267 [Worker-50: Building] INFO  o.e.m.c.i.embedder.EclipseLogger - skip non existing resourceDirectory /home/igor/eclipse-workspace/Costumer/src/test/resources
2022-09-27 07:39:43,150 [Worker-54: Building] INFO  o.e.m.c.i.embedder.EclipseLogger - Using 'UTF-8' encoding to copy filtered resources.
2022-09-27 07:39:43,150 [Worker-54: Building] INFO  o.e.m.c.i.embedder.EclipseLogger - Using 'UTF-8' encoding to copy filtered properties files.
2022-09-27 07:39:43,151 [Worker-54: Building] INFO  o.e.m.c.i.embedder.EclipseLogger - Copying 1 resource
2022-09-27 07:39:43,152 [Worker-54: Building] INFO  o.e.m.c.i.embedder.EclipseLogger - Copying 0 resource
2022-09-27 07:39:43,153 [Worker-54: Building] INFO  o.e.m.c.i.embedder.EclipseLogger - Using 'UTF-8' encoding to copy filtered resources.
2022-09-27 07:39:43,153 [Worker-54: Building] INFO  o.e.m.c.i.embedder.EclipseLogger - Using 'UTF-8' encoding to copy filtered properties files.
2022-09-27 07:39:43,153 [Worker-54: Building] INFO  o.e.m.c.i.embedder.EclipseLogger - skip non existing resourceDirectory /home/igor/eclipse-workspace/Costumer/src/test/resources
2022-09-27 07:39:52,226 [Worker-50: Building] INFO  o.e.m.c.i.embedder.EclipseLogger - Using 'UTF-8' encoding to copy filtered resources.
2022-09-27 07:39:52,226 [Worker-50: Building] INFO  o.e.m.c.i.embedder.EclipseLogger - Using 'UTF-8' encoding to copy filtered properties files.
2022-09-27 07:39:52,227 [Worker-50: Building] INFO  o.e.m.c.i.embedder.EclipseLogger - Copying 1 resource
2022-09-27 07:39:52,228 [Worker-50: Building] INFO  o.e.m.c.i.embedder.EclipseLogger - Copying 0 resource
2022-09-27 07:39:52,229 [Worker-50: Building] INFO  o.e.m.c.i.embedder.EclipseLogger - Using 'UTF-8' encoding to copy filtered resources.
2022-09-27 07:39:52,229 [Worker-50: Building] INFO  o.e.m.c.i.embedder.EclipseLogger - Using 'UTF-8' encoding to copy filtered properties files.
2022-09-27 07:39:52,229 [Worker-50: Building] INFO  o.e.m.c.i.embedder.EclipseLogger - skip non existing resourceDirectory /home/igor/eclipse-workspace/Costumer/src/test/resources
2022-09-27 08:13:06,686 [Worker-53: Building] INFO  o.e.m.c.i.embedder.EclipseLogger - Using 'UTF-8' encoding to copy filtered resources.
2022-09-27 08:13:06,686 [Worker-53: Building] INFO  o.e.m.c.i.embedder.EclipseLogger - Using 'UTF-8' encoding to copy filtered properties files.
2022-09-27 08:13:06,686 [Worker-53: Building] INFO  o.e.m.c.i.embedder.EclipseLogger - Copying 1 resource
2022-09-27 08:13:06,688 [Worker-53: Building] INFO  o.e.m.c.i.embedder.EclipseLogger - Copying 0 resource
2022-09-27 08:13:06,689 [Worker-53: Building] INFO  o.e.m.c.i.embedder.EclipseLogger - Using 'UTF-8' encoding to copy filtered resources.
2022-09-27 08:13:06,689 [Worker-53: Building] INFO  o.e.m.c.i.embedder.EclipseLogger - Using 'UTF-8' encoding to copy filtered properties files.
2022-09-27 08:13:06,689 [Worker-53: Building] INFO  o.e.m.c.i.embedder.EclipseLogger - skip non existing resourceDirectory /home/igor/eclipse-workspace/Costumer/src/test/resources
2022-09-27 08:23:06,827 [Worker-58: Building] INFO  o.e.m.c.i.embedder.EclipseLogger - Using 'UTF-8' encoding to copy filtered resources.
2022-09-27 08:23:06,827 [Worker-58: Building] INFO  o.e.m.c.i.embedder.EclipseLogger - Using 'UTF-8' encoding to copy filtered properties files.
2022-09-27 08:23:06,827 [Worker-58: Building] INFO  o.e.m.c.i.embedder.EclipseLogger - Copying 1 resource
2022-09-27 08:23:06,828 [Worker-58: Building] INFO  o.e.m.c.i.embedder.EclipseLogger - Copying 0 resource
2022-09-27 08:23:06,829 [Worker-58: Building] INFO  o.e.m.c.i.embedder.EclipseLogger - Using 'UTF-8' encoding to copy filtered resources.
2022-09-27 08:23:06,829 [Worker-58: Building] INFO  o.e.m.c.i.embedder.EclipseLogger - Using 'UTF-8' encoding to copy filtered properties files.
2022-09-27 08:23:06,829 [Worker-58: Building] INFO  o.e.m.c.i.embedder.EclipseLogger - skip non existing resourceDirectory /home/igor/eclipse-workspace/Costumer/src/test/resources
2022-09-27 08:26:27,363 [Worker-56: Building] INFO  o.e.m.c.i.embedder.EclipseLogger - Using 'UTF-8' encoding to copy filtered resources.
2022-09-27 08:26:27,363 [Worker-56: Building] INFO  o.e.m.c.i.embedder.EclipseLogger - Using 'UTF-8' encoding to copy filtered properties files.
2022-09-27 08:26:27,363 [Worker-56: Building] INFO  o.e.m.c.i.embedder.EclipseLogger - Copying 1 resource
2022-09-27 08:26:27,365 [Worker-56: Building] INFO  o.e.m.c.i.embedder.EclipseLogger - Copying 0 resource
2022-09-27 08:26:27,365 [Worker-56: Building] INFO  o.e.m.c.i.embedder.EclipseLogger - Using 'UTF-8' encoding to copy filtered resources.
2022-09-27 08:26:27,365 [Worker-56: Building] INFO  o.e.m.c.i.embedder.EclipseLogger - Using 'UTF-8' encoding to copy filtered properties files.
2022-09-27 08:26:27,365 [Worker-56: Building] INFO  o.e.m.c.i.embedder.EclipseLogger - skip non existing resourceDirectory /home/igor/eclipse-workspace/Costumer/src/test/resources
2022-09-27 08:29:21,506 [Worker-59: Building] INFO  o.e.m.c.i.embedder.EclipseLogger - Using 'UTF-8' encoding to copy filtered resources.
2022-09-27 08:29:21,506 [Worker-59: Building] INFO  o.e.m.c.i.embedder.EclipseLogger - Using 'UTF-8' encoding to copy filtered properties files.
2022-09-27 08:29:21,506 [Worker-59: Building] INFO  o.e.m.c.i.embedder.EclipseLogger - Copying 1 resource
2022-09-27 08:29:21,508 [Worker-59: Building] INFO  o.e.m.c.i.embedder.EclipseLogger - Copying 0 resource
2022-09-27 08:29:21,508 [Worker-59: Building] INFO  o.e.m.c.i.embedder.EclipseLogger - Using 'UTF-8' encoding to copy filtered resources.
2022-09-27 08:29:21,508 [Worker-59: Building] INFO  o.e.m.c.i.embedder.EclipseLogger - Using 'UTF-8' encoding to copy filtered properties files.
2022-09-27 08:29:21,508 [Worker-59: Building] INFO  o.e.m.c.i.embedder.EclipseLogger - skip non existing resourceDirectory /home/igor/eclipse-workspace/Costumer/src/test/resources
2022-09-27 08:30:23,592 [Worker-58: Building] INFO  o.e.m.c.i.embedder.EclipseLogger - Using 'UTF-8' encoding to copy filtered resources.
2022-09-27 08:30:23,592 [Worker-58: Building] INFO  o.e.m.c.i.embedder.EclipseLogger - Using 'UTF-8' encoding to copy filtered properties files.
2022-09-27 08:30:23,592 [Worker-58: Building] INFO  o.e.m.c.i.embedder.EclipseLogger - Copying 1 resource
2022-09-27 08:30:23,594 [Worker-58: Building] INFO  o.e.m.c.i.embedder.EclipseLogger - Copying 0 resource
2022-09-27 08:30:23,594 [Worker-58: Building] INFO  o.e.m.c.i.embedder.EclipseLogger - Using 'UTF-8' encoding to copy filtered resources.
2022-09-27 08:30:23,595 [Worker-58: Building] INFO  o.e.m.c.i.embedder.EclipseLogger - Using 'UTF-8' encoding to copy filtered properties files.
2022-09-27 08:30:23,595 [Worker-58: Building] INFO  o.e.m.c.i.embedder.EclipseLogger - skip non existing resourceDirectory /home/igor/eclipse-workspace/Costumer/src/test/resources
2022-09-27 08:31:12,461 [Worker-58: Building] INFO  o.e.m.c.i.embedder.EclipseLogger - Using 'UTF-8' encoding to copy filtered resources.
2022-09-27 08:31:12,461 [Worker-58: Building] INFO  o.e.m.c.i.embedder.EclipseLogger - Using 'UTF-8' encoding to copy filtered properties files.
2022-09-27 08:31:12,461 [Worker-58: Building] INFO  o.e.m.c.i.embedder.EclipseLogger - Copying 1 resource
2022-09-27 08:31:12,463 [Worker-58: Building] INFO  o.e.m.c.i.embedder.EclipseLogger - Copying 0 resource
2022-09-27 08:31:12,464 [Worker-58: Building] INFO  o.e.m.c.i.embedder.EclipseLogger - Using 'UTF-8' encoding to copy filtered resources.
2022-09-27 08:31:12,464 [Worker-58: Building] INFO  o.e.m.c.i.embedder.EclipseLogger - Using 'UTF-8' encoding to copy filtered properties files.
2022-09-27 08:31:12,464 [Worker-58: Building] INFO  o.e.m.c.i.embedder.EclipseLogger - skip non existing resourceDirectory /home/igor/eclipse-workspace/Costumer/src/test/resources
2022-09-27 08:31:55,375 [Worker-56: Building] INFO  o.e.m.c.i.embedder.EclipseLogger - Using 'UTF-8' encoding to copy filtered resources.
2022-09-27 08:31:55,375 [Worker-56: Building] INFO  o.e.m.c.i.embedder.EclipseLogger - Using 'UTF-8' encoding to copy filtered properties files.
2022-09-27 08:31:55,376 [Worker-56: Building] INFO  o.e.m.c.i.embedder.EclipseLogger - Copying 1 resource
2022-09-27 08:31:55,377 [Worker-56: Building] INFO  o.e.m.c.i.embedder.EclipseLogger - Copying 0 resource
2022-09-27 08:31:55,378 [Worker-56: Building] INFO  o.e.m.c.i.embedder.EclipseLogger - Using 'UTF-8' encoding to copy filtered resources.
2022-09-27 08:31:55,378 [Worker-56: Building] INFO  o.e.m.c.i.embedder.EclipseLogger - Using 'UTF-8' encoding to copy filtered properties files.
2022-09-27 08:31:55,378 [Worker-56: Building] INFO  o.e.m.c.i.embedder.EclipseLogger - skip non existing resourceDirectory /home/igor/eclipse-workspace/Costumer/src/test/resources
2022-09-27 08:32:11,949 [Worker-59: Building] INFO  o.e.m.c.i.embedder.EclipseLogger - Using 'UTF-8' encoding to copy filtered resources.
2022-09-27 08:32:11,949 [Worker-59: Building] INFO  o.e.m.c.i.embedder.EclipseLogger - Using 'UTF-8' encoding to copy filtered properties files.
2022-09-27 08:32:11,950 [Worker-59: Building] INFO  o.e.m.c.i.embedder.EclipseLogger - Copying 1 resource
2022-09-27 08:32:11,951 [Worker-59: Building] INFO  o.e.m.c.i.embedder.EclipseLogger - Copying 0 resource
2022-09-27 08:32:11,952 [Worker-59: Building] INFO  o.e.m.c.i.embedder.EclipseLogger - Using 'UTF-8' encoding to copy filtered resources.
2022-09-27 08:32:11,952 [Worker-59: Building] INFO  o.e.m.c.i.embedder.EclipseLogger - Using 'UTF-8' encoding to copy filtered properties files.
2022-09-27 08:32:11,952 [Worker-59: Building] INFO  o.e.m.c.i.embedder.EclipseLogger - skip non existing resourceDirectory /home/igor/eclipse-workspace/Costumer/src/test/resources
2022-09-27 08:33:15,976 [Worker-54: Building] INFO  o.e.m.c.i.embedder.EclipseLogger - Using 'UTF-8' encoding to copy filtered resources.
2022-09-27 08:33:15,976 [Worker-54: Building] INFO  o.e.m.c.i.embedder.EclipseLogger - Using 'UTF-8' encoding to copy filtered properties files.
2022-09-27 08:33:15,976 [Worker-54: Building] INFO  o.e.m.c.i.embedder.EclipseLogger - Copying 1 resource
2022-09-27 08:33:15,978 [Worker-54: Building] INFO  o.e.m.c.i.embedder.EclipseLogger - Copying 0 resource
2022-09-27 08:33:15,979 [Worker-54: Building] INFO  o.e.m.c.i.embedder.EclipseLogger - Using 'UTF-8' encoding to copy filtered resources.
2022-09-27 08:33:15,979 [Worker-54: Building] INFO  o.e.m.c.i.embedder.EclipseLogger - Using 'UTF-8' encoding to copy filtered properties files.
2022-09-27 08:33:15,979 [Worker-54: Building] INFO  o.e.m.c.i.embedder.EclipseLogger - skip non existing resourceDirectory /home/igor/eclipse-workspace/Costumer/src/test/resources
2022-09-27 08:33:55,886 [Worker-60: Building] INFO  o.e.m.c.i.embedder.EclipseLogger - Using 'UTF-8' encoding to copy filtered resources.
2022-09-27 08:33:55,886 [Worker-60: Building] INFO  o.e.m.c.i.embedder.EclipseLogger - Using 'UTF-8' encoding to copy filtered properties files.
2022-09-27 08:33:55,886 [Worker-60: Building] INFO  o.e.m.c.i.embedder.EclipseLogger - Copying 1 resource
2022-09-27 08:33:55,888 [Worker-60: Building] INFO  o.e.m.c.i.embedder.EclipseLogger - Copying 0 resource
2022-09-27 08:33:55,889 [Worker-60: Building] INFO  o.e.m.c.i.embedder.EclipseLogger - Using 'UTF-8' encoding to copy filtered resources.
2022-09-27 08:33:55,889 [Worker-60: Building] INFO  o.e.m.c.i.embedder.EclipseLogger - Using 'UTF-8' encoding to copy filtered properties files.
2022-09-27 08:33:55,889 [Worker-60: Building] INFO  o.e.m.c.i.embedder.EclipseLogger - skip non existing resourceDirectory /home/igor/eclipse-workspace/Costumer/src/test/resources
2022-09-27 09:08:39,921 [Worker-60: Building] INFO  o.e.m.c.i.embedder.EclipseLogger - Using 'UTF-8' encoding to copy filtered resources.
2022-09-27 09:08:39,921 [Worker-60: Building] INFO  o.e.m.c.i.embedder.EclipseLogger - Using 'UTF-8' encoding to copy filtered properties files.
2022-09-27 09:08:39,921 [Worker-60: Building] INFO  o.e.m.c.i.embedder.EclipseLogger - Copying 1 resource
2022-09-27 09:08:39,922 [Worker-60: Building] INFO  o.e.m.c.i.embedder.EclipseLogger - Copying 0 resource
2022-09-27 09:08:39,923 [Worker-60: Building] INFO  o.e.m.c.i.embedder.EclipseLogger - Using 'UTF-8' encoding to copy filtered resources.
2022-09-27 09:08:39,923 [Worker-60: Building] INFO  o.e.m.c.i.embedder.EclipseLogger - Using 'UTF-8' encoding to copy filtered properties files.
2022-09-27 09:08:39,923 [Worker-60: Building] INFO  o.e.m.c.i.embedder.EclipseLogger - skip non existing resourceDirectory /home/igor/eclipse-workspace/Costumer/src/test/resources
2022-09-27 09:11:14,206 [Worker-59: Building] INFO  o.e.m.c.i.embedder.EclipseLogger - Using 'UTF-8' encoding to copy filtered resources.
2022-09-27 09:11:14,206 [Worker-59: Building] INFO  o.e.m.c.i.embedder.EclipseLogger - Using 'UTF-8' encoding to copy filtered properties files.
2022-09-27 09:11:14,206 [Worker-59: Building] INFO  o.e.m.c.i.embedder.EclipseLogger - Copying 1 resource
2022-09-27 09:11:14,208 [Worker-59: Building] INFO  o.e.m.c.i.embedder.EclipseLogger - Copying 0 resource
2022-09-27 09:11:14,209 [Worker-59: Building] INFO  o.e.m.c.i.embedder.EclipseLogger - Using 'UTF-8' encoding to copy filtered resources.
2022-09-27 09:11:14,209 [Worker-59: Building] INFO  o.e.m.c.i.embedder.EclipseLogger - Using 'UTF-8' encoding to copy filtered properties files.
2022-09-27 09:11:14,209 [Worker-59: Building] INFO  o.e.m.c.i.embedder.EclipseLogger - skip non existing resourceDirectory /home/igor/eclipse-workspace/Costumer/src/test/resources
2022-09-27 09:13:44,159 [Worker-59: Building] INFO  o.e.m.c.i.embedder.EclipseLogger - Using 'UTF-8' encoding to copy filtered resources.
2022-09-27 09:13:44,160 [Worker-59: Building] INFO  o.e.m.c.i.embedder.EclipseLogger - Using 'UTF-8' encoding to copy filtered properties files.
2022-09-27 09:13:44,160 [Worker-59: Building] INFO  o.e.m.c.i.embedder.EclipseLogger - Copying 1 resource
2022-09-27 09:13:44,161 [Worker-59: Building] INFO  o.e.m.c.i.embedder.EclipseLogger - Copying 0 resource
2022-09-27 09:13:44,162 [Worker-59: Building] INFO  o.e.m.c.i.embedder.EclipseLogger - Using 'UTF-8' encoding to copy filtered resources.
2022-09-27 09:13:44,162 [Worker-59: Building] INFO  o.e.m.c.i.embedder.EclipseLogger - Using 'UTF-8' encoding to copy filtered properties files.
2022-09-27 09:13:44,162 [Worker-59: Building] INFO  o.e.m.c.i.embedder.EclipseLogger - skip non existing resourceDirectory /home/igor/eclipse-workspace/Costumer/src/test/resources
2022-09-27 09:19:47,201 [Worker-64: Building] INFO  o.e.m.c.i.embedder.EclipseLogger - Using 'UTF-8' encoding to copy filtered resources.
2022-09-27 09:19:47,201 [Worker-64: Building] INFO  o.e.m.c.i.embedder.EclipseLogger - Using 'UTF-8' encoding to copy filtered properties files.
2022-09-27 09:19:47,201 [Worker-64: Building] INFO  o.e.m.c.i.embedder.EclipseLogger - Copying 1 resource
2022-09-27 09:19:47,203 [Worker-64: Building] INFO  o.e.m.c.i.embedder.EclipseLogger - Copying 0 resource
2022-09-27 09:19:47,203 [Worker-64: Building] INFO  o.e.m.c.i.embedder.EclipseLogger - Using 'UTF-8' encoding to copy filtered resources.
2022-09-27 09:19:47,203 [Worker-64: Building] INFO  o.e.m.c.i.embedder.EclipseLogger - Using 'UTF-8' encoding to copy filtered properties files.
2022-09-27 09:19:47,203 [Worker-64: Building] INFO  o.e.m.c.i.embedder.EclipseLogger - skip non existing resourceDirectory /home/igor/eclipse-workspace/Costumer/src/test/resources
2022-09-27 09:21:43,193 [Worker-68: Building] INFO  o.e.m.c.i.embedder.EclipseLogger - Using 'UTF-8' encoding to copy filtered resources.
2022-09-27 09:21:43,193 [Worker-68: Building] INFO  o.e.m.c.i.embedder.EclipseLogger - Using 'UTF-8' encoding to copy filtered properties files.
2022-09-27 09:21:43,193 [Worker-68: Building] INFO  o.e.m.c.i.embedder.EclipseLogger - Copying 1 resource
2022-09-27 09:21:43,195 [Worker-68: Building] INFO  o.e.m.c.i.embedder.EclipseLogger - Copying 0 resource
2022-09-27 09:21:43,195 [Worker-68: Building] INFO  o.e.m.c.i.embedder.EclipseLogger - Using 'UTF-8' encoding to copy filtered resources.
2022-09-27 09:21:43,195 [Worker-68: Building] INFO  o.e.m.c.i.embedder.EclipseLogger - Using 'UTF-8' encoding to copy filtered properties files.
2022-09-27 09:21:43,195 [Worker-68: Building] INFO  o.e.m.c.i.embedder.EclipseLogger - skip non existing resourceDirectory /home/igor/eclipse-workspace/Costumer/src/test/resources
2022-09-27 09:33:54,985 [Worker-59: Building] INFO  o.e.m.c.i.embedder.EclipseLogger - Using 'UTF-8' encoding to copy filtered resources.
2022-09-27 09:33:54,985 [Worker-59: Building] INFO  o.e.m.c.i.embedder.EclipseLogger - Using 'UTF-8' encoding to copy filtered properties files.
2022-09-27 09:33:54,985 [Worker-59: Building] INFO  o.e.m.c.i.embedder.EclipseLogger - Copying 1 resource
2022-09-27 09:33:54,988 [Worker-59: Building] INFO  o.e.m.c.i.embedder.EclipseLogger - Copying 0 resource
2022-09-27 09:33:54,989 [Worker-59: Building] INFO  o.e.m.c.i.embedder.EclipseLogger - Using 'UTF-8' encoding to copy filtered resources.
2022-09-27 09:33:54,989 [Worker-59: Building] INFO  o.e.m.c.i.embedder.EclipseLogger - Using 'UTF-8' encoding to copy filtered properties files.
2022-09-27 09:33:54,989 [Worker-59: Building] INFO  o.e.m.c.i.embedder.EclipseLogger - skip non existing resourceDirectory /home/igor/eclipse-workspace/Costumer/src/test/resources
2022-09-27 09:34:48,629 [Worker-67: Building] INFO  o.e.m.c.i.embedder.EclipseLogger - Using 'UTF-8' encoding to copy filtered resources.
2022-09-27 09:34:48,629 [Worker-67: Building] INFO  o.e.m.c.i.embedder.EclipseLogger - Using 'UTF-8' encoding to copy filtered properties files.
2022-09-27 09:34:48,629 [Worker-67: Building] INFO  o.e.m.c.i.embedder.EclipseLogger - Copying 1 resource
2022-09-27 09:34:48,630 [Worker-67: Building] INFO  o.e.m.c.i.embedder.EclipseLogger - Copying 0 resource
2022-09-27 09:34:48,631 [Worker-67: Building] INFO  o.e.m.c.i.embedder.EclipseLogger - Using 'UTF-8' encoding to copy filtered resources.
2022-09-27 09:34:48,631 [Worker-67: Building] INFO  o.e.m.c.i.embedder.EclipseLogger - Using 'UTF-8' encoding to copy filtered properties files.
2022-09-27 09:34:48,631 [Worker-67: Building] INFO  o.e.m.c.i.embedder.EclipseLogger - skip non existing resourceDirectory /home/igor/eclipse-workspace/Costumer/src/test/resources
2022-09-27 09:39:21,693 [Worker-69: Building] INFO  o.e.m.c.i.embedder.EclipseLogger - Using 'UTF-8' encoding to copy filtered resources.
2022-09-27 09:39:21,693 [Worker-69: Building] INFO  o.e.m.c.i.embedder.EclipseLogger - Using 'UTF-8' encoding to copy filtered properties files.
2022-09-27 09:39:21,693 [Worker-69: Building] INFO  o.e.m.c.i.embedder.EclipseLogger - Copying 1 resource
2022-09-27 09:39:21,695 [Worker-69: Building] INFO  o.e.m.c.i.embedder.EclipseLogger - Copying 0 resource
2022-09-27 09:39:21,697 [Worker-69: Building] INFO  o.e.m.c.i.embedder.EclipseLogger - Using 'UTF-8' encoding to copy filtered resources.
2022-09-27 09:39:21,697 [Worker-69: Building] INFO  o.e.m.c.i.embedder.EclipseLogger - Using 'UTF-8' encoding to copy filtered properties files.
2022-09-27 09:39:21,697 [Worker-69: Building] INFO  o.e.m.c.i.embedder.EclipseLogger - skip non existing resourceDirectory /home/igor/eclipse-workspace/Costumer/src/test/resources
2022-09-27 09:40:35,994 [Worker-67: Building] INFO  o.e.m.c.i.embedder.EclipseLogger - Using 'UTF-8' encoding to copy filtered resources.
2022-09-27 09:40:35,994 [Worker-67: Building] INFO  o.e.m.c.i.embedder.EclipseLogger - Using 'UTF-8' encoding to copy filtered properties files.
2022-09-27 09:40:35,994 [Worker-67: Building] INFO  o.e.m.c.i.embedder.EclipseLogger - Copying 1 resource
2022-09-27 09:40:35,996 [Worker-67: Building] INFO  o.e.m.c.i.embedder.EclipseLogger - Copying 0 resource
2022-09-27 09:40:35,997 [Worker-67: Building] INFO  o.e.m.c.i.embedder.EclipseLogger - Using 'UTF-8' encoding to copy filtered resources.
2022-09-27 09:40:35,997 [Worker-67: Building] INFO  o.e.m.c.i.embedder.EclipseLogger - Using 'UTF-8' encoding to copy filtered properties files.
2022-09-27 09:40:35,997 [Worker-67: Building] INFO  o.e.m.c.i.embedder.EclipseLogger - skip non existing resourceDirectory /home/igor/eclipse-workspace/Costumer/src/test/resources
2022-09-27 09:43:54,030 [Worker-71: Building] INFO  o.e.m.c.i.embedder.EclipseLogger - Using 'UTF-8' encoding to copy filtered resources.
2022-09-27 09:43:54,030 [Worker-71: Building] INFO  o.e.m.c.i.embedder.EclipseLogger - Using 'UTF-8' encoding to copy filtered properties files.
2022-09-27 09:43:54,030 [Worker-71: Building] INFO  o.e.m.c.i.embedder.EclipseLogger - Copying 1 resource
2022-09-27 09:43:54,032 [Worker-71: Building] INFO  o.e.m.c.i.embedder.EclipseLogger - Copying 0 resource
2022-09-27 09:43:54,033 [Worker-71: Building] INFO  o.e.m.c.i.embedder.EclipseLogger - Using 'UTF-8' encoding to copy filtered resources.
2022-09-27 09:43:54,033 [Worker-71: Building] INFO  o.e.m.c.i.embedder.EclipseLogger - Using 'UTF-8' encoding to copy filtered properties files.
2022-09-27 09:43:54,033 [Worker-71: Building] INFO  o.e.m.c.i.embedder.EclipseLogger - skip non existing resourceDirectory /home/igor/eclipse-workspace/Costumer/src/test/resources
2022-09-27 09:52:53,812 [Worker-72: Building] INFO  o.e.m.c.i.embedder.EclipseLogger - Using 'UTF-8' encoding to copy filtered resources.
2022-09-27 09:52:53,812 [Worker-72: Building] INFO  o.e.m.c.i.embedder.EclipseLogger - Using 'UTF-8' encoding to copy filtered properties files.
2022-09-27 09:52:53,812 [Worker-72: Building] INFO  o.e.m.c.i.embedder.EclipseLogger - Copying 1 resource
2022-09-27 09:52:53,814 [Worker-72: Building] INFO  o.e.m.c.i.embedder.EclipseLogger - Copying 0 resource
2022-09-27 09:52:53,815 [Worker-72: Building] INFO  o.e.m.c.i.embedder.EclipseLogger - Using 'UTF-8' encoding to copy filtered resources.
2022-09-27 09:52:53,815 [Worker-72: Building] INFO  o.e.m.c.i.embedder.EclipseLogger - Using 'UTF-8' encoding to copy filtered properties files.
2022-09-27 09:52:53,815 [Worker-72: Building] INFO  o.e.m.c.i.embedder.EclipseLogger - skip non existing resourceDirectory /home/igor/eclipse-workspace/Costumer/src/test/resources
2022-09-27 09:58:41,929 [Worker-70: Building] INFO  o.e.m.c.i.embedder.EclipseLogger - Using 'UTF-8' encoding to copy filtered resources.
2022-09-27 09:58:41,929 [Worker-70: Building] INFO  o.e.m.c.i.embedder.EclipseLogger - Using 'UTF-8' encoding to copy filtered properties files.
2022-09-27 09:58:41,929 [Worker-70: Building] INFO  o.e.m.c.i.embedder.EclipseLogger - Copying 1 resource
2022-09-27 09:58:41,931 [Worker-70: Building] INFO  o.e.m.c.i.embedder.EclipseLogger - Copying 0 resource
2022-09-27 09:58:41,931 [Worker-70: Building] INFO  o.e.m.c.i.embedder.EclipseLogger - Using 'UTF-8' encoding to copy filtered resources.
2022-09-27 09:58:41,931 [Worker-70: Building] INFO  o.e.m.c.i.embedder.EclipseLogger - Using 'UTF-8' encoding to copy filtered properties files.
2022-09-27 09:58:41,931 [Worker-70: Building] INFO  o.e.m.c.i.embedder.EclipseLogger - skip non existing resourceDirectory /home/igor/eclipse-workspace/Costumer/src/test/resources
2022-09-27 10:02:04,122 [Worker-72: Building] INFO  o.e.m.c.i.embedder.EclipseLogger - Using 'UTF-8' encoding to copy filtered resources.
2022-09-27 10:02:04,122 [Worker-72: Building] INFO  o.e.m.c.i.embedder.EclipseLogger - Using 'UTF-8' encoding to copy filtered properties files.
2022-09-27 10:02:04,122 [Worker-72: Building] INFO  o.e.m.c.i.embedder.EclipseLogger - Copying 1 resource
2022-09-27 10:02:04,124 [Worker-72: Building] INFO  o.e.m.c.i.embedder.EclipseLogger - Copying 0 resource
2022-09-27 10:02:04,124 [Worker-72: Building] INFO  o.e.m.c.i.embedder.EclipseLogger - Using 'UTF-8' encoding to copy filtered resources.
2022-09-27 10:02:04,124 [Worker-72: Building] INFO  o.e.m.c.i.embedder.EclipseLogger - Using 'UTF-8' encoding to copy filtered properties files.
2022-09-27 10:02:04,124 [Worker-72: Building] INFO  o.e.m.c.i.embedder.EclipseLogger - skip non existing resourceDirectory /home/igor/eclipse-workspace/Costumer/src/test/resources
2022-09-27 10:02:23,292 [Worker-70: Building] INFO  o.e.m.c.i.embedder.EclipseLogger - Using 'UTF-8' encoding to copy filtered resources.
2022-09-27 10:02:23,292 [Worker-70: Building] INFO  o.e.m.c.i.embedder.EclipseLogger - Using 'UTF-8' encoding to copy filtered properties files.
2022-09-27 10:02:23,292 [Worker-70: Building] INFO  o.e.m.c.i.embedder.EclipseLogger - Copying 1 resource
2022-09-27 10:02:23,294 [Worker-70: Building] INFO  o.e.m.c.i.embedder.EclipseLogger - Copying 0 resource
2022-09-27 10:02:23,295 [Worker-70: Building] INFO  o.e.m.c.i.embedder.EclipseLogger - Using 'UTF-8' encoding to copy filtered resources.
2022-09-27 10:02:23,295 [Worker-70: Building] INFO  o.e.m.c.i.embedder.EclipseLogger - Using 'UTF-8' encoding to copy filtered properties files.
2022-09-27 10:02:23,295 [Worker-70: Building] INFO  o.e.m.c.i.embedder.EclipseLogger - skip non existing resourceDirectory /home/igor/eclipse-workspace/Costumer/src/test/resources
2022-09-27 15:14:17,901 [Worker-95: Building] INFO  o.e.m.c.i.embedder.EclipseLogger - Using 'UTF-8' encoding to copy filtered resources.
2022-09-27 15:14:17,901 [Worker-95: Building] INFO  o.e.m.c.i.embedder.EclipseLogger - Using 'UTF-8' encoding to copy filtered properties files.
2022-09-27 15:14:17,901 [Worker-95: Building] INFO  o.e.m.c.i.embedder.EclipseLogger - Copying 1 resource
2022-09-27 15:14:17,903 [Worker-95: Building] INFO  o.e.m.c.i.embedder.EclipseLogger - Copying 0 resource
2022-09-27 15:14:17,904 [Worker-95: Building] INFO  o.e.m.c.i.embedder.EclipseLogger - Using 'UTF-8' encoding to copy filtered resources.
2022-09-27 15:14:17,904 [Worker-95: Building] INFO  o.e.m.c.i.embedder.EclipseLogger - Using 'UTF-8' encoding to copy filtered properties files.
2022-09-27 15:14:17,904 [Worker-95: Building] INFO  o.e.m.c.i.embedder.EclipseLogger - skip non existing resourceDirectory /home/igor/eclipse-workspace/Costumer/src/test/resources
2022-09-29 09:10:46,971 [Worker-2: Loading available Gradle versions] INFO  o.e.b.c.i.u.g.PublishedGradleVersions - Gradle version information cache is out-of-date. Trying to update.
2022-11-08 09:40:44,953 [Worker-0: Loading available Gradle versions] INFO  o.e.b.c.i.u.g.PublishedGradleVersions - Gradle version information cache is up-to-date. Trying to read.
2022-11-08 09:43:08,733 [Worker-20: Import Getting Started Content] INFO  o.e.m.c.i.l.LifecycleMappingFactory - Using org.eclipse.m2e.jdt.JarLifecycleMapping lifecycle mapping for MavenProject: com.igor:ifood-api:0.0.1-SNAPSHOT @ /home/igor/eclipse-workspace/igorfood-api/pom.xml.
2022-11-08 09:43:09,312 [Worker-20: Import Getting Started Content] INFO  o.e.m.j.i.AbstractJavaProjectConfigurator - Adding source folder /igorfood-api/src/main/java
2022-11-08 09:43:09,312 [Worker-20: Import Getting Started Content] INFO  o.e.m.j.i.AbstractJavaProjectConfigurator - Adding resource folder /igorfood-api/src/main/resources
2022-11-08 09:43:09,313 [Worker-20: Import Getting Started Content] INFO  o.e.m.j.i.AbstractJavaProjectConfigurator - Adding resource folder /igorfood-api/src/main/resources
2022-11-08 09:43:09,314 [Worker-20: Import Getting Started Content] INFO  o.e.m.j.i.AbstractJavaProjectConfigurator - Adding source folder /igorfood-api/src/test/java
2022-11-08 09:43:09,366 [Worker-20: Import Getting Started Content] INFO  o.e.m.c.i.p.ProjectConfigurationManager - Imported and configured 1 project(s) in 1 sec
2022-11-08 09:43:09,368 [Worker-20: Import Getting Started Content] INFO  o.e.m.c.i.p.ProjectConfigurationManager - Update started
2022-11-08 09:43:09,478 [Worker-20: Import Getting Started Content] INFO  o.e.m.c.i.l.LifecycleMappingFactory - Using org.eclipse.m2e.jdt.JarLifecycleMapping lifecycle mapping for MavenProject: com.igor:ifood-api:0.0.1-SNAPSHOT @ /home/igor/eclipse-workspace/igorfood-api/pom.xml.
2022-11-08 09:43:09,679 [Worker-20: Import Getting Started Content] INFO  o.e.m.j.i.AbstractJavaProjectConfigurator - Adding source folder /igorfood-api/src/main/java
2022-11-08 09:43:09,679 [Worker-20: Import Getting Started Content] INFO  o.e.m.j.i.AbstractJavaProjectConfigurator - Adding resource folder /igorfood-api/src/main/resources
2022-11-08 09:43:09,679 [Worker-20: Import Getting Started Content] INFO  o.e.m.j.i.AbstractJavaProjectConfigurator - Adding resource folder /igorfood-api/src/main/resources
2022-11-08 09:43:09,679 [Worker-20: Import Getting Started Content] INFO  o.e.m.j.i.AbstractJavaProjectConfigurator - Adding source folder /igorfood-api/src/test/java
2022-11-08 09:43:09,805 [Worker-20: Import Getting Started Content] INFO  o.e.m.c.i.p.ProjectConfigurationManager - Update completed: 0 sec
2022-11-08 09:43:10,403 [Worker-20: Building] INFO  o.e.m.c.i.embedder.EclipseLogger - Using 'UTF-8' encoding to copy filtered resources.
2022-11-08 09:43:10,403 [Worker-20: Building] INFO  o.e.m.c.i.embedder.EclipseLogger - Using 'UTF-8' encoding to copy filtered properties files.
2022-11-08 09:43:10,405 [Worker-20: Building] INFO  o.e.m.c.i.embedder.EclipseLogger - Copying 1 resource
2022-11-08 09:43:10,413 [Worker-20: Building] INFO  o.e.m.c.i.embedder.EclipseLogger - Copying 0 resource
2022-11-08 09:43:10,415 [Worker-20: Building] INFO  o.e.m.c.i.embedder.EclipseLogger - Using 'UTF-8' encoding to copy filtered resources.
2022-11-08 09:43:10,415 [Worker-20: Building] INFO  o.e.m.c.i.embedder.EclipseLogger - Using 'UTF-8' encoding to copy filtered properties files.
2022-11-08 09:43:10,415 [Worker-20: Building] INFO  o.e.m.c.i.embedder.EclipseLogger - skip non existing resourceDirectory /home/igor/eclipse-workspace/Costumer/src/test/resources
2022-11-08 09:43:10,960 [Worker-20: Building] WARN  o.e.m.c.i.embedder.EclipseLogger - Using platform encoding (UTF-8 actually) to copy filtered resources, i.e. build is platform dependent!
2022-11-08 09:43:10,960 [Worker-20: Building] INFO  o.e.m.c.i.embedder.EclipseLogger - Copying 1 resource
2022-11-08 09:43:10,965 [Worker-20: Building] WARN  o.e.m.c.i.embedder.EclipseLogger - Using platform encoding (UTF-8 actually) to copy filtered resources, i.e. build is platform dependent!
2022-11-08 09:43:10,965 [Worker-20: Building] INFO  o.e.m.c.i.embedder.EclipseLogger - skip non existing resourceDirectory /home/igor/eclipse-workspace/design-patterns-main/src/test/resources
2022-11-08 09:43:11,147 [Worker-20: Building] INFO  o.e.m.c.i.embedder.EclipseLogger - Using 'UTF-8' encoding to copy filtered resources.
2022-11-08 09:43:11,147 [Worker-20: Building] INFO  o.e.m.c.i.embedder.EclipseLogger - Using 'UTF-8' encoding to copy filtered properties files.
2022-11-08 09:43:11,148 [Worker-20: Building] INFO  o.e.m.c.i.embedder.EclipseLogger - Copying 1 resource
2022-11-08 09:43:11,148 [Worker-20: Building] INFO  o.e.m.c.i.embedder.EclipseLogger - Copying 0 resource
2022-11-08 09:43:11,149 [Worker-20: Building] INFO  o.e.m.c.i.embedder.EclipseLogger - Using 'UTF-8' encoding to copy filtered resources.
2022-11-08 09:43:11,149 [Worker-20: Building] INFO  o.e.m.c.i.embedder.EclipseLogger - Using 'UTF-8' encoding to copy filtered properties files.
2022-11-08 09:43:11,149 [Worker-20: Building] INFO  o.e.m.c.i.embedder.EclipseLogger - skip non existing resourceDirectory /home/igor/eclipse-workspace/igorfood-api/src/test/resources
2022-11-08 09:53:35,577 [ModalContext] ERROR o.e.m.c.i.p.r.ProjectRegistryReader - Can't write workspace state
java.io.FileNotFoundException: /home/igor/eclipse-workspace/.metadata/.plugins/org.eclipse.m2e.core/workspaceState.ser (No such file or directory)
	at java.base/java.io.FileOutputStream.open0(Native Method)
	at java.base/java.io.FileOutputStream.open(FileOutputStream.java:293)
	at java.base/java.io.FileOutputStream.<init>(FileOutputStream.java:235)
	at java.base/java.io.FileOutputStream.<init>(FileOutputStream.java:184)
	at org.eclipse.m2e.core.internal.project.registry.ProjectRegistryReader.createObjectOutputStream(ProjectRegistryReader.java:137)
	at org.eclipse.m2e.core.internal.project.registry.ProjectRegistryReader.writeWorkspaceState(ProjectRegistryReader.java:127)
	at org.eclipse.m2e.core.internal.project.registry.ProjectRegistryManager.writeWorkspaceState(ProjectRegistryManager.java:977)
	at org.eclipse.m2e.core.internal.MavenPluginActivator$1.saving(MavenPluginActivator.java:142)
	at org.eclipse.core.internal.resources.SaveManager.executeLifecycle(SaveManager.java:394)
	at org.eclipse.core.internal.resources.SaveManager$1.run(SaveManager.java:210)
	at org.eclipse.core.runtime.SafeRunner.run(SafeRunner.java:45)
	at org.eclipse.core.internal.resources.SaveManager.broadcastLifecycle(SaveManager.java:213)
	at org.eclipse.core.internal.resources.SaveManager.save(SaveManager.java:1171)
	at org.eclipse.core.internal.resources.Workspace.save(Workspace.java:2421)
	at org.eclipse.ui.internal.ide.application.IDEWorkbenchAdvisor.lambda$1(IDEWorkbenchAdvisor.java:554)
	at org.eclipse.jface.operation.ModalContext$ModalContextThread.run(ModalContext.java:122)
2022-11-08 09:53:42,926 [Worker-3: Loading available Gradle versions] INFO  o.e.b.c.i.u.g.PublishedGradleVersions - Gradle version information cache is up-to-date. Trying to read.
2022-11-08 09:53:44,901 [Worker-11: Building] INFO  o.e.m.c.i.embedder.EclipseLogger - Using 'UTF-8' encoding to copy filtered resources.
2022-11-08 09:53:44,901 [Worker-11: Building] INFO  o.e.m.c.i.embedder.EclipseLogger - Using 'UTF-8' encoding to copy filtered properties files.
2022-11-08 09:53:44,903 [Worker-11: Building] INFO  o.e.m.c.i.embedder.EclipseLogger - Copying 1 resource
2022-11-08 09:53:44,914 [Worker-11: Building] INFO  o.e.m.c.i.embedder.EclipseLogger - Copying 0 resource
2022-11-08 09:53:44,917 [Worker-11: Building] INFO  o.e.m.c.i.embedder.EclipseLogger - Using 'UTF-8' encoding to copy filtered resources.
2022-11-08 09:53:44,917 [Worker-11: Building] INFO  o.e.m.c.i.embedder.EclipseLogger - Using 'UTF-8' encoding to copy filtered properties files.
2022-11-08 09:53:44,917 [Worker-11: Building] INFO  o.e.m.c.i.embedder.EclipseLogger - skip non existing resourceDirectory /home/igor/Desenvolvimento/Costumer/src/test/resources
2022-11-08 09:53:45,302 [Worker-11: Building] INFO  o.e.m.c.i.embedder.EclipseLogger - Using 'UTF-8' encoding to copy filtered resources.
2022-11-08 09:53:45,302 [Worker-11: Building] INFO  o.e.m.c.i.embedder.EclipseLogger - Using 'UTF-8' encoding to copy filtered properties files.
2022-11-08 09:53:45,302 [Worker-11: Building] INFO  o.e.m.c.i.embedder.EclipseLogger - Copying 1 resource
2022-11-08 09:53:45,303 [Worker-11: Building] INFO  o.e.m.c.i.embedder.EclipseLogger - Copying 0 resource
2022-11-08 09:53:45,305 [Worker-11: Building] INFO  o.e.m.c.i.embedder.EclipseLogger - Using 'UTF-8' encoding to copy filtered resources.
2022-11-08 09:53:45,305 [Worker-11: Building] INFO  o.e.m.c.i.embedder.EclipseLogger - Using 'UTF-8' encoding to copy filtered properties files.
2022-11-08 09:53:45,305 [Worker-11: Building] INFO  o.e.m.c.i.embedder.EclipseLogger - skip non existing resourceDirectory /home/igor/Desenvolvimento/igorfood-api/src/test/resources
2022-11-08 09:54:43,265 [Worker-15: Building] INFO  o.e.m.c.i.embedder.EclipseLogger - Using 'UTF-8' encoding to copy filtered resources.
2022-11-08 09:54:43,266 [Worker-15: Building] INFO  o.e.m.c.i.embedder.EclipseLogger - Using 'UTF-8' encoding to copy filtered properties files.
2022-11-08 09:54:43,267 [Worker-15: Building] INFO  o.e.m.c.i.embedder.EclipseLogger - Copying 0 resource
2022-11-08 09:54:43,267 [Worker-15: Building] INFO  o.e.m.c.i.embedder.EclipseLogger - Copying 0 resource
2022-11-08 09:54:43,268 [Worker-15: Building] INFO  o.e.m.c.i.embedder.EclipseLogger - Using 'UTF-8' encoding to copy filtered resources.
2022-11-08 09:54:43,268 [Worker-15: Building] INFO  o.e.m.c.i.embedder.EclipseLogger - Using 'UTF-8' encoding to copy filtered properties files.
2022-11-08 09:54:43,268 [Worker-15: Building] INFO  o.e.m.c.i.embedder.EclipseLogger - skip non existing resourceDirectory /home/igor/Desenvolvimento/igorfood-api/src/test/resources
2022-11-14 22:13:04,387 [Worker-6: Loading available Gradle versions] INFO  o.e.b.c.i.u.g.PublishedGradleVersions - Gradle version information cache is out-of-date. Trying to update.
2022-11-15 07:17:40,252 [Worker-3: Loading available Gradle versions] INFO  o.e.b.c.i.u.g.PublishedGradleVersions - Gradle version information cache is up-to-date. Trying to read.
2022-11-15 07:19:07,432 [Worker-9: Building] INFO  o.e.m.c.i.embedder.EclipseLogger - Using 'UTF-8' encoding to copy filtered resources.
2022-11-15 07:19:07,433 [Worker-9: Building] INFO  o.e.m.c.i.embedder.EclipseLogger - Using 'UTF-8' encoding to copy filtered properties files.
2022-11-15 07:19:07,435 [Worker-9: Building] INFO  o.e.m.c.i.embedder.EclipseLogger - Copying 1 resource
2022-11-15 07:19:07,449 [Worker-9: Building] INFO  o.e.m.c.i.embedder.EclipseLogger - Copying 0 resource
2022-11-15 07:19:07,452 [Worker-9: Building] INFO  o.e.m.c.i.embedder.EclipseLogger - Using 'UTF-8' encoding to copy filtered resources.
2022-11-15 07:19:07,452 [Worker-9: Building] INFO  o.e.m.c.i.embedder.EclipseLogger - Using 'UTF-8' encoding to copy filtered properties files.
2022-11-15 07:19:07,452 [Worker-9: Building] INFO  o.e.m.c.i.embedder.EclipseLogger - skip non existing resourceDirectory /home/igor/Desenvolvimento/Costumer/src/test/resources
2022-11-15 07:19:07,968 [Worker-23: Building] INFO  o.e.m.c.i.embedder.EclipseLogger - Using 'UTF-8' encoding to copy filtered resources.
2022-11-15 07:19:07,968 [Worker-23: Building] INFO  o.e.m.c.i.embedder.EclipseLogger - Using 'UTF-8' encoding to copy filtered properties files.
2022-11-15 07:19:07,969 [Worker-23: Building] INFO  o.e.m.c.i.embedder.EclipseLogger - Copying 1 resource
2022-11-15 07:19:07,972 [Worker-23: Building] INFO  o.e.m.c.i.embedder.EclipseLogger - Copying 0 resource
2022-11-15 07:19:07,973 [Worker-23: Building] INFO  o.e.m.c.i.embedder.EclipseLogger - Using 'UTF-8' encoding to copy filtered resources.
2022-11-15 07:19:07,974 [Worker-23: Building] INFO  o.e.m.c.i.embedder.EclipseLogger - Using 'UTF-8' encoding to copy filtered properties files.
2022-11-15 07:19:07,974 [Worker-23: Building] INFO  o.e.m.c.i.embedder.EclipseLogger - skip non existing resourceDirectory /home/igor/Desenvolvimento/igorfood-api/src/test/resources
2022-11-15 07:20:26,518 [Worker-21: Building] INFO  o.e.m.c.i.embedder.EclipseLogger - Using 'UTF-8' encoding to copy filtered resources.
2022-11-15 07:20:26,518 [Worker-21: Building] INFO  o.e.m.c.i.embedder.EclipseLogger - Using 'UTF-8' encoding to copy filtered properties files.
2022-11-15 07:20:26,519 [Worker-21: Building] INFO  o.e.m.c.i.embedder.EclipseLogger - Copying 1 resource
2022-11-15 07:20:26,521 [Worker-21: Building] INFO  o.e.m.c.i.embedder.EclipseLogger - Copying 0 resource
2022-11-15 07:20:26,522 [Worker-21: Building] INFO  o.e.m.c.i.embedder.EclipseLogger - Using 'UTF-8' encoding to copy filtered resources.
2022-11-15 07:20:26,522 [Worker-21: Building] INFO  o.e.m.c.i.embedder.EclipseLogger - Using 'UTF-8' encoding to copy filtered properties files.
2022-11-15 07:20:26,522 [Worker-21: Building] INFO  o.e.m.c.i.embedder.EclipseLogger - skip non existing resourceDirectory /home/igor/Desenvolvimento/igorfood-api/src/test/resources
2022-11-15 07:21:44,259 [Worker-2: Launching igorfood-api - IgorfoodApiApplication] INFO  o.e.m.c.i.embedder.EclipseLogger - Using 'UTF-8' encoding to copy filtered resources.
2022-11-15 07:21:44,260 [Worker-2: Launching igorfood-api - IgorfoodApiApplication] INFO  o.e.m.c.i.embedder.EclipseLogger - Using 'UTF-8' encoding to copy filtered properties files.
2022-11-15 07:21:44,260 [Worker-2: Launching igorfood-api - IgorfoodApiApplication] INFO  o.e.m.c.i.embedder.EclipseLogger - Copying 1 resource
2022-11-15 07:21:44,262 [Worker-2: Launching igorfood-api - IgorfoodApiApplication] INFO  o.e.m.c.i.embedder.EclipseLogger - Copying 0 resource
2022-11-15 07:21:44,263 [Worker-2: Launching igorfood-api - IgorfoodApiApplication] INFO  o.e.m.c.i.embedder.EclipseLogger - Using 'UTF-8' encoding to copy filtered resources.
2022-11-15 07:21:44,264 [Worker-2: Launching igorfood-api - IgorfoodApiApplication] INFO  o.e.m.c.i.embedder.EclipseLogger - Using 'UTF-8' encoding to copy filtered properties files.
2022-11-15 07:21:44,264 [Worker-2: Launching igorfood-api - IgorfoodApiApplication] INFO  o.e.m.c.i.embedder.EclipseLogger - skip non existing resourceDirectory /home/igor/Desenvolvimento/igorfood-api/src/test/resources
2022-11-15 07:24:25,040 [Worker-4: Building] INFO  o.e.m.c.i.l.LifecycleMappingFactory - Using org.eclipse.m2e.jdt.JarLifecycleMapping lifecycle mapping for MavenProject: com.igor:ifood-api:0.0.1-SNAPSHOT @ /home/igor/Desenvolvimento/igorfood-api/pom.xml.
2022-11-15 07:24:27,224 [Worker-4: Building] INFO  o.e.m.c.i.e.AbstractTransferListenerAdapter - Downloading https://repo.maven.apache.org/maven2/org/springframework/boot/spring-boot-devtools/2.7.5/spring-boot-devtools-2.7.5.pom
2022-11-15 07:24:27,492 [Worker-4: Building] INFO  o.e.m.c.i.e.AbstractTransferListenerAdapter - Downloaded https://repo.maven.apache.org/maven2/org/springframework/boot/spring-boot-devtools/2.7.5/spring-boot-devtools-2.7.5.pom
2022-11-15 07:24:27,634 [Worker-4: Building] INFO  o.e.m.c.i.e.AbstractTransferListenerAdapter - Downloading https://repo.maven.apache.org/maven2/org/springframework/boot/spring-boot-devtools/2.7.5/spring-boot-devtools-2.7.5.jar
2022-11-15 07:24:28,158 [Worker-4: Building] INFO  o.e.m.c.i.e.AbstractTransferListenerAdapter - Downloaded https://repo.maven.apache.org/maven2/org/springframework/boot/spring-boot-devtools/2.7.5/spring-boot-devtools-2.7.5.jar
2022-11-15 07:24:28,346 [Worker-4: Building] INFO  o.e.m.c.i.embedder.EclipseLogger - Using 'UTF-8' encoding to copy filtered resources.
2022-11-15 07:24:28,346 [Worker-4: Building] INFO  o.e.m.c.i.embedder.EclipseLogger - Using 'UTF-8' encoding to copy filtered properties files.
2022-11-15 07:24:28,346 [Worker-4: Building] INFO  o.e.m.c.i.embedder.EclipseLogger - Copying 0 resource
2022-11-15 07:24:28,346 [Worker-4: Building] INFO  o.e.m.c.i.embedder.EclipseLogger - Copying 0 resource
2022-11-15 07:24:28,347 [Worker-4: Building] INFO  o.e.m.c.i.embedder.EclipseLogger - Using 'UTF-8' encoding to copy filtered resources.
2022-11-15 07:24:28,347 [Worker-4: Building] INFO  o.e.m.c.i.embedder.EclipseLogger - Using 'UTF-8' encoding to copy filtered properties files.
2022-11-15 07:24:28,347 [Worker-4: Building] INFO  o.e.m.c.i.embedder.EclipseLogger - skip non existing resourceDirectory /home/igor/Desenvolvimento/igorfood-api/src/test/resources
2022-11-15 07:24:29,594 [Worker-10: Building] INFO  o.e.m.c.i.embedder.EclipseLogger - Using 'UTF-8' encoding to copy filtered resources.
2022-11-15 07:24:29,594 [Worker-10: Building] INFO  o.e.m.c.i.embedder.EclipseLogger - Using 'UTF-8' encoding to copy filtered properties files.
2022-11-15 07:24:29,595 [Worker-10: Building] INFO  o.e.m.c.i.embedder.EclipseLogger - Copying 1 resource
2022-11-15 07:24:29,596 [Worker-10: Building] INFO  o.e.m.c.i.embedder.EclipseLogger - Copying 0 resource
2022-11-15 07:24:29,597 [Worker-10: Building] INFO  o.e.m.c.i.embedder.EclipseLogger - Using 'UTF-8' encoding to copy filtered resources.
2022-11-15 07:24:29,597 [Worker-10: Building] INFO  o.e.m.c.i.embedder.EclipseLogger - Using 'UTF-8' encoding to copy filtered properties files.
2022-11-15 07:24:29,597 [Worker-10: Building] INFO  o.e.m.c.i.embedder.EclipseLogger - skip non existing resourceDirectory /home/igor/Desenvolvimento/igorfood-api/src/test/resources
2022-11-15 07:24:30,509 [Worker-23: Download sources and javadoc] INFO  o.e.m.c.i.e.AbstractTransferListenerAdapter - Downloading https://repo.maven.apache.org/maven2/org/springframework/boot/spring-boot-devtools/2.7.5/spring-boot-devtools-2.7.5-sources.jar
2022-11-15 07:24:31,069 [Worker-23: Download sources and javadoc] INFO  o.e.m.c.i.e.AbstractTransferListenerAdapter - Downloaded https://repo.maven.apache.org/maven2/org/springframework/boot/spring-boot-devtools/2.7.5/spring-boot-devtools-2.7.5-sources.jar
2022-11-15 07:24:31,128 [Worker-23: Download sources and javadoc] INFO  o.e.m.j.internal.DownloadSourcesJob - Downloaded sources for org.springframework.boot:spring-boot-devtools:2.7.5
2022-11-15 07:24:31,267 [Worker-4: Building] INFO  o.e.m.c.i.embedder.EclipseLogger - Using 'UTF-8' encoding to copy filtered resources.
2022-11-15 07:24:31,267 [Worker-4: Building] INFO  o.e.m.c.i.embedder.EclipseLogger - Using 'UTF-8' encoding to copy filtered properties files.
2022-11-15 07:24:31,267 [Worker-4: Building] INFO  o.e.m.c.i.embedder.EclipseLogger - Copying 0 resource
2022-11-15 07:24:31,267 [Worker-4: Building] INFO  o.e.m.c.i.embedder.EclipseLogger - Copying 0 resource
2022-11-15 07:24:31,268 [Worker-4: Building] INFO  o.e.m.c.i.embedder.EclipseLogger - Using 'UTF-8' encoding to copy filtered resources.
2022-11-15 07:24:31,268 [Worker-4: Building] INFO  o.e.m.c.i.embedder.EclipseLogger - Using 'UTF-8' encoding to copy filtered properties files.
2022-11-15 07:24:31,268 [Worker-4: Building] INFO  o.e.m.c.i.embedder.EclipseLogger - skip non existing resourceDirectory /home/igor/Desenvolvimento/igorfood-api/src/test/resources
2022-11-15 21:17:50,957 [Worker-1: Loading available Gradle versions] INFO  o.e.b.c.i.u.g.PublishedGradleVersions - Gradle version information cache is up-to-date. Trying to read.
2022-11-15 22:32:06,650 [Worker-36: Building] INFO  o.e.m.c.i.embedder.EclipseLogger - Using 'UTF-8' encoding to copy filtered resources.
2022-11-15 22:32:06,651 [Worker-36: Building] INFO  o.e.m.c.i.embedder.EclipseLogger - Using 'UTF-8' encoding to copy filtered properties files.
2022-11-15 22:32:06,653 [Worker-36: Building] INFO  o.e.m.c.i.embedder.EclipseLogger - Copying 1 resource
2022-11-15 22:32:06,665 [Worker-36: Building] INFO  o.e.m.c.i.embedder.EclipseLogger - Copying 0 resource
2022-11-15 22:32:06,667 [Worker-36: Building] INFO  o.e.m.c.i.embedder.EclipseLogger - Using 'UTF-8' encoding to copy filtered resources.
2022-11-15 22:32:06,667 [Worker-36: Building] INFO  o.e.m.c.i.embedder.EclipseLogger - Using 'UTF-8' encoding to copy filtered properties files.
2022-11-15 22:32:06,668 [Worker-36: Building] INFO  o.e.m.c.i.embedder.EclipseLogger - skip non existing resourceDirectory /home/igor/Desenvolvimento/igorfood-api/src/test/resources
2022-11-15 22:32:13,517 [Worker-34: Building] INFO  o.e.m.c.i.embedder.EclipseLogger - Using 'UTF-8' encoding to copy filtered resources.
2022-11-15 22:32:13,518 [Worker-34: Building] INFO  o.e.m.c.i.embedder.EclipseLogger - Using 'UTF-8' encoding to copy filtered properties files.
2022-11-15 22:32:13,519 [Worker-34: Building] INFO  o.e.m.c.i.embedder.EclipseLogger - Copying 1 resource
2022-11-15 22:32:13,522 [Worker-34: Building] INFO  o.e.m.c.i.embedder.EclipseLogger - Copying 0 resource
2022-11-15 22:32:13,524 [Worker-34: Building] INFO  o.e.m.c.i.embedder.EclipseLogger - Using 'UTF-8' encoding to copy filtered resources.
2022-11-15 22:32:13,524 [Worker-34: Building] INFO  o.e.m.c.i.embedder.EclipseLogger - Using 'UTF-8' encoding to copy filtered properties files.
2022-11-15 22:32:13,524 [Worker-34: Building] INFO  o.e.m.c.i.embedder.EclipseLogger - skip non existing resourceDirectory /home/igor/Desenvolvimento/igorfood-api/src/test/resources
2022-11-15 22:32:44,100 [Worker-36: Building] INFO  o.e.m.c.i.embedder.EclipseLogger - Using 'UTF-8' encoding to copy filtered resources.
2022-11-15 22:32:44,100 [Worker-36: Building] INFO  o.e.m.c.i.embedder.EclipseLogger - Using 'UTF-8' encoding to copy filtered properties files.
2022-11-15 22:32:44,100 [Worker-36: Building] INFO  o.e.m.c.i.embedder.EclipseLogger - Copying 1 resource
2022-11-15 22:32:44,102 [Worker-36: Building] INFO  o.e.m.c.i.embedder.EclipseLogger - Copying 0 resource
2022-11-15 22:32:44,103 [Worker-36: Building] INFO  o.e.m.c.i.embedder.EclipseLogger - Using 'UTF-8' encoding to copy filtered resources.
2022-11-15 22:32:44,103 [Worker-36: Building] INFO  o.e.m.c.i.embedder.EclipseLogger - Using 'UTF-8' encoding to copy filtered properties files.
2022-11-15 22:32:44,103 [Worker-36: Building] INFO  o.e.m.c.i.embedder.EclipseLogger - skip non existing resourceDirectory /home/igor/Desenvolvimento/igorfood-api/src/test/resources
2022-11-15 22:33:05,917 [Worker-33: Building] INFO  o.e.m.c.i.embedder.EclipseLogger - Using 'UTF-8' encoding to copy filtered resources.
2022-11-15 22:33:05,917 [Worker-33: Building] INFO  o.e.m.c.i.embedder.EclipseLogger - Using 'UTF-8' encoding to copy filtered properties files.
2022-11-15 22:33:05,918 [Worker-33: Building] INFO  o.e.m.c.i.embedder.EclipseLogger - Copying 1 resource
2022-11-15 22:33:05,920 [Worker-33: Building] INFO  o.e.m.c.i.embedder.EclipseLogger - Copying 0 resource
2022-11-15 22:33:05,922 [Worker-33: Building] INFO  o.e.m.c.i.embedder.EclipseLogger - Using 'UTF-8' encoding to copy filtered resources.
2022-11-15 22:33:05,922 [Worker-33: Building] INFO  o.e.m.c.i.embedder.EclipseLogger - Using 'UTF-8' encoding to copy filtered properties files.
2022-11-15 22:33:05,922 [Worker-33: Building] INFO  o.e.m.c.i.embedder.EclipseLogger - skip non existing resourceDirectory /home/igor/Desenvolvimento/igorfood-api/src/test/resources
2022-11-15 22:33:44,190 [Worker-33: Building] INFO  o.e.m.c.i.embedder.EclipseLogger - Using 'UTF-8' encoding to copy filtered resources.
2022-11-15 22:33:44,190 [Worker-33: Building] INFO  o.e.m.c.i.embedder.EclipseLogger - Using 'UTF-8' encoding to copy filtered properties files.
2022-11-15 22:33:44,190 [Worker-33: Building] INFO  o.e.m.c.i.embedder.EclipseLogger - Copying 1 resource
2022-11-15 22:33:44,208 [Worker-33: Building] INFO  o.e.m.c.i.embedder.EclipseLogger - Copying 0 resource
2022-11-15 22:33:44,211 [Worker-33: Building] INFO  o.e.m.c.i.embedder.EclipseLogger - Using 'UTF-8' encoding to copy filtered resources.
2022-11-15 22:33:44,211 [Worker-33: Building] INFO  o.e.m.c.i.embedder.EclipseLogger - Using 'UTF-8' encoding to copy filtered properties files.
2022-11-15 22:33:44,211 [Worker-33: Building] INFO  o.e.m.c.i.embedder.EclipseLogger - skip non existing resourceDirectory /home/igor/Desenvolvimento/igorfood-api/src/test/resources
2022-11-15 22:34:01,958 [Worker-35: Building] INFO  o.e.m.c.i.embedder.EclipseLogger - Using 'UTF-8' encoding to copy filtered resources.
2022-11-15 22:34:01,958 [Worker-35: Building] INFO  o.e.m.c.i.embedder.EclipseLogger - Using 'UTF-8' encoding to copy filtered properties files.
2022-11-15 22:34:01,959 [Worker-35: Building] INFO  o.e.m.c.i.embedder.EclipseLogger - Copying 1 resource
2022-11-15 22:34:01,960 [Worker-35: Building] INFO  o.e.m.c.i.embedder.EclipseLogger - Copying 0 resource
2022-11-15 22:34:01,962 [Worker-35: Building] INFO  o.e.m.c.i.embedder.EclipseLogger - Using 'UTF-8' encoding to copy filtered resources.
2022-11-15 22:34:01,962 [Worker-35: Building] INFO  o.e.m.c.i.embedder.EclipseLogger - Using 'UTF-8' encoding to copy filtered properties files.
2022-11-15 22:34:01,962 [Worker-35: Building] INFO  o.e.m.c.i.embedder.EclipseLogger - skip non existing resourceDirectory /home/igor/Desenvolvimento/igorfood-api/src/test/resources
2022-11-15 22:34:32,153 [Worker-34: Building] INFO  o.e.m.c.i.embedder.EclipseLogger - Using 'UTF-8' encoding to copy filtered resources.
2022-11-15 22:34:32,153 [Worker-34: Building] INFO  o.e.m.c.i.embedder.EclipseLogger - Using 'UTF-8' encoding to copy filtered properties files.
2022-11-15 22:34:32,153 [Worker-34: Building] INFO  o.e.m.c.i.embedder.EclipseLogger - Copying 1 resource
2022-11-15 22:34:32,155 [Worker-34: Building] INFO  o.e.m.c.i.embedder.EclipseLogger - Copying 0 resource
2022-11-15 22:34:32,156 [Worker-34: Building] INFO  o.e.m.c.i.embedder.EclipseLogger - Using 'UTF-8' encoding to copy filtered resources.
2022-11-15 22:34:32,156 [Worker-34: Building] INFO  o.e.m.c.i.embedder.EclipseLogger - Using 'UTF-8' encoding to copy filtered properties files.
2022-11-15 22:34:32,156 [Worker-34: Building] INFO  o.e.m.c.i.embedder.EclipseLogger - skip non existing resourceDirectory /home/igor/Desenvolvimento/igorfood-api/src/test/resources
2022-11-15 22:34:52,311 [Worker-35: Building] INFO  o.e.m.c.i.embedder.EclipseLogger - Using 'UTF-8' encoding to copy filtered resources.
2022-11-15 22:34:52,311 [Worker-35: Building] INFO  o.e.m.c.i.embedder.EclipseLogger - Using 'UTF-8' encoding to copy filtered properties files.
2022-11-15 22:34:52,311 [Worker-35: Building] INFO  o.e.m.c.i.embedder.EclipseLogger - Copying 1 resource
2022-11-15 22:34:52,313 [Worker-35: Building] INFO  o.e.m.c.i.embedder.EclipseLogger - Copying 0 resource
2022-11-15 22:34:52,315 [Worker-35: Building] INFO  o.e.m.c.i.embedder.EclipseLogger - Using 'UTF-8' encoding to copy filtered resources.
2022-11-15 22:34:52,315 [Worker-35: Building] INFO  o.e.m.c.i.embedder.EclipseLogger - Using 'UTF-8' encoding to copy filtered properties files.
2022-11-15 22:34:52,315 [Worker-35: Building] INFO  o.e.m.c.i.embedder.EclipseLogger - skip non existing resourceDirectory /home/igor/Desenvolvimento/igorfood-api/src/test/resources
2022-11-15 22:44:37,319 [Worker-36: Building] INFO  o.e.m.c.i.embedder.EclipseLogger - Using 'UTF-8' encoding to copy filtered resources.
2022-11-15 22:44:37,319 [Worker-36: Building] INFO  o.e.m.c.i.embedder.EclipseLogger - Using 'UTF-8' encoding to copy filtered properties files.
2022-11-15 22:44:37,319 [Worker-36: Building] INFO  o.e.m.c.i.embedder.EclipseLogger - Copying 1 resource
2022-11-15 22:44:37,325 [Worker-36: Building] INFO  o.e.m.c.i.embedder.EclipseLogger - Copying 0 resource
2022-11-15 22:44:37,326 [Worker-36: Building] INFO  o.e.m.c.i.embedder.EclipseLogger - Using 'UTF-8' encoding to copy filtered resources.
2022-11-15 22:44:37,326 [Worker-36: Building] INFO  o.e.m.c.i.embedder.EclipseLogger - Using 'UTF-8' encoding to copy filtered properties files.
2022-11-15 22:44:37,326 [Worker-36: Building] INFO  o.e.m.c.i.embedder.EclipseLogger - skip non existing resourceDirectory /home/igor/Desenvolvimento/igorfood-api/src/test/resources
2022-11-15 22:45:51,794 [Worker-33: Building] INFO  o.e.m.c.i.embedder.EclipseLogger - Using 'UTF-8' encoding to copy filtered resources.
2022-11-15 22:45:51,794 [Worker-33: Building] INFO  o.e.m.c.i.embedder.EclipseLogger - Using 'UTF-8' encoding to copy filtered properties files.
2022-11-15 22:45:51,794 [Worker-33: Building] INFO  o.e.m.c.i.embedder.EclipseLogger - Copying 1 resource
2022-11-15 22:45:51,801 [Worker-33: Building] INFO  o.e.m.c.i.embedder.EclipseLogger - Copying 0 resource
2022-11-15 22:45:51,803 [Worker-33: Building] INFO  o.e.m.c.i.embedder.EclipseLogger - Using 'UTF-8' encoding to copy filtered resources.
2022-11-15 22:45:51,803 [Worker-33: Building] INFO  o.e.m.c.i.embedder.EclipseLogger - Using 'UTF-8' encoding to copy filtered properties files.
2022-11-15 22:45:51,803 [Worker-33: Building] INFO  o.e.m.c.i.embedder.EclipseLogger - skip non existing resourceDirectory /home/igor/Desenvolvimento/igorfood-api/src/test/resources
2022-11-15 22:45:54,227 [Worker-34: Building] INFO  o.e.m.c.i.embedder.EclipseLogger - Using 'UTF-8' encoding to copy filtered resources.
2022-11-15 22:45:54,228 [Worker-34: Building] INFO  o.e.m.c.i.embedder.EclipseLogger - Using 'UTF-8' encoding to copy filtered properties files.
2022-11-15 22:45:54,228 [Worker-34: Building] INFO  o.e.m.c.i.embedder.EclipseLogger - Copying 1 resource
2022-11-15 22:45:54,234 [Worker-34: Building] INFO  o.e.m.c.i.embedder.EclipseLogger - Copying 0 resource
2022-11-15 22:45:54,235 [Worker-34: Building] INFO  o.e.m.c.i.embedder.EclipseLogger - Using 'UTF-8' encoding to copy filtered resources.
2022-11-15 22:45:54,235 [Worker-34: Building] INFO  o.e.m.c.i.embedder.EclipseLogger - Using 'UTF-8' encoding to copy filtered properties files.
2022-11-15 22:45:54,235 [Worker-34: Building] INFO  o.e.m.c.i.embedder.EclipseLogger - skip non existing resourceDirectory /home/igor/Desenvolvimento/igorfood-api/src/test/resources
2022-11-15 22:47:21,894 [Worker-37: Building] INFO  o.e.m.c.i.embedder.EclipseLogger - Using 'UTF-8' encoding to copy filtered resources.
2022-11-15 22:47:21,894 [Worker-37: Building] INFO  o.e.m.c.i.embedder.EclipseLogger - Using 'UTF-8' encoding to copy filtered properties files.
2022-11-15 22:47:21,894 [Worker-37: Building] INFO  o.e.m.c.i.embedder.EclipseLogger - Copying 1 resource
2022-11-15 22:47:21,896 [Worker-37: Building] INFO  o.e.m.c.i.embedder.EclipseLogger - Copying 0 resource
2022-11-15 22:47:21,897 [Worker-37: Building] INFO  o.e.m.c.i.embedder.EclipseLogger - Using 'UTF-8' encoding to copy filtered resources.
2022-11-15 22:47:21,897 [Worker-37: Building] INFO  o.e.m.c.i.embedder.EclipseLogger - Using 'UTF-8' encoding to copy filtered properties files.
2022-11-15 22:47:21,897 [Worker-37: Building] INFO  o.e.m.c.i.embedder.EclipseLogger - skip non existing resourceDirectory /home/igor/Desenvolvimento/igorfood-api/src/test/resources
2022-11-15 22:48:08,188 [Worker-37: Building] INFO  o.e.m.c.i.embedder.EclipseLogger - Using 'UTF-8' encoding to copy filtered resources.
2022-11-15 22:48:08,188 [Worker-37: Building] INFO  o.e.m.c.i.embedder.EclipseLogger - Using 'UTF-8' encoding to copy filtered properties files.
2022-11-15 22:48:08,188 [Worker-37: Building] INFO  o.e.m.c.i.embedder.EclipseLogger - Copying 1 resource
2022-11-15 22:48:08,190 [Worker-37: Building] INFO  o.e.m.c.i.embedder.EclipseLogger - Copying 0 resource
2022-11-15 22:48:08,192 [Worker-37: Building] INFO  o.e.m.c.i.embedder.EclipseLogger - Using 'UTF-8' encoding to copy filtered resources.
2022-11-15 22:48:08,192 [Worker-37: Building] INFO  o.e.m.c.i.embedder.EclipseLogger - Using 'UTF-8' encoding to copy filtered properties files.
2022-11-15 22:48:08,192 [Worker-37: Building] INFO  o.e.m.c.i.embedder.EclipseLogger - skip non existing resourceDirectory /home/igor/Desenvolvimento/igorfood-api/src/test/resources
2022-11-15 22:48:41,109 [Worker-35: Building] INFO  o.e.m.c.i.embedder.EclipseLogger - Using 'UTF-8' encoding to copy filtered resources.
2022-11-15 22:48:41,109 [Worker-35: Building] INFO  o.e.m.c.i.embedder.EclipseLogger - Using 'UTF-8' encoding to copy filtered properties files.
2022-11-15 22:48:41,109 [Worker-35: Building] INFO  o.e.m.c.i.embedder.EclipseLogger - Copying 1 resource
2022-11-15 22:48:41,111 [Worker-35: Building] INFO  o.e.m.c.i.embedder.EclipseLogger - Copying 0 resource
2022-11-15 22:48:41,113 [Worker-35: Building] INFO  o.e.m.c.i.embedder.EclipseLogger - Using 'UTF-8' encoding to copy filtered resources.
2022-11-15 22:48:41,113 [Worker-35: Building] INFO  o.e.m.c.i.embedder.EclipseLogger - Using 'UTF-8' encoding to copy filtered properties files.
2022-11-15 22:48:41,113 [Worker-35: Building] INFO  o.e.m.c.i.embedder.EclipseLogger - skip non existing resourceDirectory /home/igor/Desenvolvimento/igorfood-api/src/test/resources
2022-11-15 22:49:24,294 [Worker-31: Building] INFO  o.e.m.c.i.embedder.EclipseLogger - Using 'UTF-8' encoding to copy filtered resources.
2022-11-15 22:49:24,295 [Worker-31: Building] INFO  o.e.m.c.i.embedder.EclipseLogger - Using 'UTF-8' encoding to copy filtered properties files.
2022-11-15 22:49:24,295 [Worker-31: Building] INFO  o.e.m.c.i.embedder.EclipseLogger - Copying 1 resource
2022-11-15 22:49:24,297 [Worker-31: Building] INFO  o.e.m.c.i.embedder.EclipseLogger - Copying 0 resource
2022-11-15 22:49:24,298 [Worker-31: Building] INFO  o.e.m.c.i.embedder.EclipseLogger - Using 'UTF-8' encoding to copy filtered resources.
2022-11-15 22:49:24,298 [Worker-31: Building] INFO  o.e.m.c.i.embedder.EclipseLogger - Using 'UTF-8' encoding to copy filtered properties files.
2022-11-15 22:49:24,298 [Worker-31: Building] INFO  o.e.m.c.i.embedder.EclipseLogger - skip non existing resourceDirectory /home/igor/Desenvolvimento/igorfood-api/src/test/resources
2022-11-15 22:56:03,447 [Worker-33: Building] INFO  o.e.m.c.i.embedder.EclipseLogger - Using 'UTF-8' encoding to copy filtered resources.
2022-11-15 22:56:03,448 [Worker-33: Building] INFO  o.e.m.c.i.embedder.EclipseLogger - Using 'UTF-8' encoding to copy filtered properties files.
2022-11-15 22:56:03,448 [Worker-33: Building] INFO  o.e.m.c.i.embedder.EclipseLogger - Copying 1 resource
2022-11-15 22:56:03,456 [Worker-33: Building] INFO  o.e.m.c.i.embedder.EclipseLogger - Copying 0 resource
2022-11-15 22:56:03,459 [Worker-33: Building] INFO  o.e.m.c.i.embedder.EclipseLogger - Using 'UTF-8' encoding to copy filtered resources.
2022-11-15 22:56:03,460 [Worker-33: Building] INFO  o.e.m.c.i.embedder.EclipseLogger - Using 'UTF-8' encoding to copy filtered properties files.
2022-11-15 22:56:03,460 [Worker-33: Building] INFO  o.e.m.c.i.embedder.EclipseLogger - skip non existing resourceDirectory /home/igor/Desenvolvimento/igorfood-api/src/test/resources
2022-11-15 22:57:25,255 [Worker-40: Building] INFO  o.e.m.c.i.embedder.EclipseLogger - Using 'UTF-8' encoding to copy filtered resources.
2022-11-15 22:57:25,255 [Worker-40: Building] INFO  o.e.m.c.i.embedder.EclipseLogger - Using 'UTF-8' encoding to copy filtered properties files.
2022-11-15 22:57:25,256 [Worker-40: Building] INFO  o.e.m.c.i.embedder.EclipseLogger - Copying 1 resource
2022-11-15 22:57:25,273 [Worker-40: Building] INFO  o.e.m.c.i.embedder.EclipseLogger - Copying 0 resource
2022-11-15 22:57:25,276 [Worker-40: Building] INFO  o.e.m.c.i.embedder.EclipseLogger - Using 'UTF-8' encoding to copy filtered resources.
2022-11-15 22:57:25,276 [Worker-40: Building] INFO  o.e.m.c.i.embedder.EclipseLogger - Using 'UTF-8' encoding to copy filtered properties files.
2022-11-15 22:57:25,276 [Worker-40: Building] INFO  o.e.m.c.i.embedder.EclipseLogger - skip non existing resourceDirectory /home/igor/Desenvolvimento/igorfood-api/src/test/resources
2022-11-15 23:00:22,443 [Worker-40: Building] INFO  o.e.m.c.i.embedder.EclipseLogger - Using 'UTF-8' encoding to copy filtered resources.
2022-11-15 23:00:22,443 [Worker-40: Building] INFO  o.e.m.c.i.embedder.EclipseLogger - Using 'UTF-8' encoding to copy filtered properties files.
2022-11-15 23:00:22,444 [Worker-40: Building] INFO  o.e.m.c.i.embedder.EclipseLogger - Copying 1 resource
2022-11-15 23:00:22,452 [Worker-40: Building] INFO  o.e.m.c.i.embedder.EclipseLogger - Copying 0 resource
2022-11-15 23:00:22,453 [Worker-40: Building] INFO  o.e.m.c.i.embedder.EclipseLogger - Using 'UTF-8' encoding to copy filtered resources.
2022-11-15 23:00:22,453 [Worker-40: Building] INFO  o.e.m.c.i.embedder.EclipseLogger - Using 'UTF-8' encoding to copy filtered properties files.
2022-11-15 23:00:22,453 [Worker-40: Building] INFO  o.e.m.c.i.embedder.EclipseLogger - skip non existing resourceDirectory /home/igor/Desenvolvimento/igorfood-api/src/test/resources
2022-11-15 23:01:41,275 [Worker-42: Building] INFO  o.e.m.c.i.embedder.EclipseLogger - Using 'UTF-8' encoding to copy filtered resources.
2022-11-15 23:01:41,275 [Worker-42: Building] INFO  o.e.m.c.i.embedder.EclipseLogger - Using 'UTF-8' encoding to copy filtered properties files.
2022-11-15 23:01:41,275 [Worker-42: Building] INFO  o.e.m.c.i.embedder.EclipseLogger - Copying 1 resource
2022-11-15 23:01:41,284 [Worker-42: Building] INFO  o.e.m.c.i.embedder.EclipseLogger - Copying 0 resource
2022-11-15 23:01:41,286 [Worker-42: Building] INFO  o.e.m.c.i.embedder.EclipseLogger - Using 'UTF-8' encoding to copy filtered resources.
2022-11-15 23:01:41,286 [Worker-42: Building] INFO  o.e.m.c.i.embedder.EclipseLogger - Using 'UTF-8' encoding to copy filtered properties files.
2022-11-15 23:01:41,286 [Worker-42: Building] INFO  o.e.m.c.i.embedder.EclipseLogger - skip non existing resourceDirectory /home/igor/Desenvolvimento/igorfood-api/src/test/resources
2022-11-15 23:04:07,789 [Worker-41: Building] INFO  o.e.m.c.i.embedder.EclipseLogger - Using 'UTF-8' encoding to copy filtered resources.
2022-11-15 23:04:07,789 [Worker-41: Building] INFO  o.e.m.c.i.embedder.EclipseLogger - Using 'UTF-8' encoding to copy filtered properties files.
2022-11-15 23:04:07,790 [Worker-41: Building] INFO  o.e.m.c.i.embedder.EclipseLogger - Copying 1 resource
2022-11-15 23:04:07,796 [Worker-41: Building] INFO  o.e.m.c.i.embedder.EclipseLogger - Copying 0 resource
2022-11-15 23:04:07,797 [Worker-41: Building] INFO  o.e.m.c.i.embedder.EclipseLogger - Using 'UTF-8' encoding to copy filtered resources.
2022-11-15 23:04:07,797 [Worker-41: Building] INFO  o.e.m.c.i.embedder.EclipseLogger - Using 'UTF-8' encoding to copy filtered properties files.
2022-11-15 23:04:07,797 [Worker-41: Building] INFO  o.e.m.c.i.embedder.EclipseLogger - skip non existing resourceDirectory /home/igor/Desenvolvimento/igorfood-api/src/test/resources
2022-11-15 23:06:10,005 [Worker-41: Building] INFO  o.e.m.c.i.embedder.EclipseLogger - Using 'UTF-8' encoding to copy filtered resources.
2022-11-15 23:06:10,005 [Worker-41: Building] INFO  o.e.m.c.i.embedder.EclipseLogger - Using 'UTF-8' encoding to copy filtered properties files.
2022-11-15 23:06:10,005 [Worker-41: Building] INFO  o.e.m.c.i.embedder.EclipseLogger - Copying 1 resource
2022-11-15 23:06:10,007 [Worker-41: Building] INFO  o.e.m.c.i.embedder.EclipseLogger - Copying 0 resource
2022-11-15 23:06:10,008 [Worker-41: Building] INFO  o.e.m.c.i.embedder.EclipseLogger - Using 'UTF-8' encoding to copy filtered resources.
2022-11-15 23:06:10,008 [Worker-41: Building] INFO  o.e.m.c.i.embedder.EclipseLogger - Using 'UTF-8' encoding to copy filtered properties files.
2022-11-15 23:06:10,008 [Worker-41: Building] INFO  o.e.m.c.i.embedder.EclipseLogger - skip non existing resourceDirectory /home/igor/Desenvolvimento/igorfood-api/src/test/resources
2022-11-15 23:07:35,825 [Worker-43: Building] INFO  o.e.m.c.i.embedder.EclipseLogger - Using 'UTF-8' encoding to copy filtered resources.
2022-11-15 23:07:35,825 [Worker-43: Building] INFO  o.e.m.c.i.embedder.EclipseLogger - Using 'UTF-8' encoding to copy filtered properties files.
2022-11-15 23:07:35,825 [Worker-43: Building] INFO  o.e.m.c.i.embedder.EclipseLogger - Copying 1 resource
2022-11-15 23:07:35,827 [Worker-43: Building] INFO  o.e.m.c.i.embedder.EclipseLogger - Copying 0 resource
2022-11-15 23:07:35,828 [Worker-43: Building] INFO  o.e.m.c.i.embedder.EclipseLogger - Using 'UTF-8' encoding to copy filtered resources.
2022-11-15 23:07:35,828 [Worker-43: Building] INFO  o.e.m.c.i.embedder.EclipseLogger - Using 'UTF-8' encoding to copy filtered properties files.
2022-11-15 23:07:35,828 [Worker-43: Building] INFO  o.e.m.c.i.embedder.EclipseLogger - skip non existing resourceDirectory /home/igor/Desenvolvimento/igorfood-api/src/test/resources
2022-11-15 23:08:12,648 [Worker-42: Building] INFO  o.e.m.c.i.embedder.EclipseLogger - Using 'UTF-8' encoding to copy filtered resources.
2022-11-15 23:08:12,648 [Worker-42: Building] INFO  o.e.m.c.i.embedder.EclipseLogger - Using 'UTF-8' encoding to copy filtered properties files.
2022-11-15 23:08:12,649 [Worker-42: Building] INFO  o.e.m.c.i.embedder.EclipseLogger - Copying 1 resource
2022-11-15 23:08:12,653 [Worker-42: Building] INFO  o.e.m.c.i.embedder.EclipseLogger - Copying 0 resource
2022-11-15 23:08:12,655 [Worker-42: Building] INFO  o.e.m.c.i.embedder.EclipseLogger - Using 'UTF-8' encoding to copy filtered resources.
2022-11-15 23:08:12,655 [Worker-42: Building] INFO  o.e.m.c.i.embedder.EclipseLogger - Using 'UTF-8' encoding to copy filtered properties files.
2022-11-15 23:08:12,655 [Worker-42: Building] INFO  o.e.m.c.i.embedder.EclipseLogger - skip non existing resourceDirectory /home/igor/Desenvolvimento/igorfood-api/src/test/resources
2022-11-15 23:08:45,364 [Worker-43: Building] INFO  o.e.m.c.i.embedder.EclipseLogger - Using 'UTF-8' encoding to copy filtered resources.
2022-11-15 23:08:45,364 [Worker-43: Building] INFO  o.e.m.c.i.embedder.EclipseLogger - Using 'UTF-8' encoding to copy filtered properties files.
2022-11-15 23:08:45,365 [Worker-43: Building] INFO  o.e.m.c.i.embedder.EclipseLogger - Copying 1 resource
2022-11-15 23:08:45,372 [Worker-43: Building] INFO  o.e.m.c.i.embedder.EclipseLogger - Copying 0 resource
2022-11-15 23:08:45,373 [Worker-43: Building] INFO  o.e.m.c.i.embedder.EclipseLogger - Using 'UTF-8' encoding to copy filtered resources.
2022-11-15 23:08:45,373 [Worker-43: Building] INFO  o.e.m.c.i.embedder.EclipseLogger - Using 'UTF-8' encoding to copy filtered properties files.
2022-11-15 23:08:45,373 [Worker-43: Building] INFO  o.e.m.c.i.embedder.EclipseLogger - skip non existing resourceDirectory /home/igor/Desenvolvimento/igorfood-api/src/test/resources
2022-11-15 23:09:09,657 [Worker-43: Building] INFO  o.e.m.c.i.embedder.EclipseLogger - Using 'UTF-8' encoding to copy filtered resources.
2022-11-15 23:09:09,657 [Worker-43: Building] INFO  o.e.m.c.i.embedder.EclipseLogger - Using 'UTF-8' encoding to copy filtered properties files.
2022-11-15 23:09:09,657 [Worker-43: Building] INFO  o.e.m.c.i.embedder.EclipseLogger - Copying 1 resource
2022-11-15 23:09:09,672 [Worker-43: Building] INFO  o.e.m.c.i.embedder.EclipseLogger - Copying 0 resource
2022-11-15 23:09:09,673 [Worker-43: Building] INFO  o.e.m.c.i.embedder.EclipseLogger - Using 'UTF-8' encoding to copy filtered resources.
2022-11-15 23:09:09,673 [Worker-43: Building] INFO  o.e.m.c.i.embedder.EclipseLogger - Using 'UTF-8' encoding to copy filtered properties files.
2022-11-15 23:09:09,673 [Worker-43: Building] INFO  o.e.m.c.i.embedder.EclipseLogger - skip non existing resourceDirectory /home/igor/Desenvolvimento/igorfood-api/src/test/resources
2022-11-15 23:10:09,154 [Worker-42: Building] INFO  o.e.m.c.i.embedder.EclipseLogger - Using 'UTF-8' encoding to copy filtered resources.
2022-11-15 23:10:09,154 [Worker-42: Building] INFO  o.e.m.c.i.embedder.EclipseLogger - Using 'UTF-8' encoding to copy filtered properties files.
2022-11-15 23:10:09,154 [Worker-42: Building] INFO  o.e.m.c.i.embedder.EclipseLogger - Copying 1 resource
2022-11-15 23:10:09,156 [Worker-42: Building] INFO  o.e.m.c.i.embedder.EclipseLogger - Copying 0 resource
2022-11-15 23:10:09,157 [Worker-42: Building] INFO  o.e.m.c.i.embedder.EclipseLogger - Using 'UTF-8' encoding to copy filtered resources.
2022-11-15 23:10:09,157 [Worker-42: Building] INFO  o.e.m.c.i.embedder.EclipseLogger - Using 'UTF-8' encoding to copy filtered properties files.
2022-11-15 23:10:09,157 [Worker-42: Building] INFO  o.e.m.c.i.embedder.EclipseLogger - skip non existing resourceDirectory /home/igor/Desenvolvimento/igorfood-api/src/test/resources
2022-11-15 23:10:32,889 [Worker-41: Building] INFO  o.e.m.c.i.embedder.EclipseLogger - Using 'UTF-8' encoding to copy filtered resources.
2022-11-15 23:10:32,889 [Worker-41: Building] INFO  o.e.m.c.i.embedder.EclipseLogger - Using 'UTF-8' encoding to copy filtered properties files.
2022-11-15 23:10:32,889 [Worker-41: Building] INFO  o.e.m.c.i.embedder.EclipseLogger - Copying 1 resource
2022-11-15 23:10:32,899 [Worker-41: Building] INFO  o.e.m.c.i.embedder.EclipseLogger - Copying 0 resource
2022-11-15 23:10:32,901 [Worker-41: Building] INFO  o.e.m.c.i.embedder.EclipseLogger - Using 'UTF-8' encoding to copy filtered resources.
2022-11-15 23:10:32,902 [Worker-41: Building] INFO  o.e.m.c.i.embedder.EclipseLogger - Using 'UTF-8' encoding to copy filtered properties files.
2022-11-15 23:10:32,902 [Worker-41: Building] INFO  o.e.m.c.i.embedder.EclipseLogger - skip non existing resourceDirectory /home/igor/Desenvolvimento/igorfood-api/src/test/resources
2022-11-15 23:10:50,945 [Worker-33: Building] INFO  o.e.m.c.i.embedder.EclipseLogger - Using 'UTF-8' encoding to copy filtered resources.
2022-11-15 23:10:50,946 [Worker-33: Building] INFO  o.e.m.c.i.embedder.EclipseLogger - Using 'UTF-8' encoding to copy filtered properties files.
2022-11-15 23:10:50,946 [Worker-33: Building] INFO  o.e.m.c.i.embedder.EclipseLogger - Copying 1 resource
2022-11-15 23:10:50,950 [Worker-33: Building] INFO  o.e.m.c.i.embedder.EclipseLogger - Copying 0 resource
2022-11-15 23:10:50,951 [Worker-33: Building] INFO  o.e.m.c.i.embedder.EclipseLogger - Using 'UTF-8' encoding to copy filtered resources.
2022-11-15 23:10:50,951 [Worker-33: Building] INFO  o.e.m.c.i.embedder.EclipseLogger - Using 'UTF-8' encoding to copy filtered properties files.
2022-11-15 23:10:50,951 [Worker-33: Building] INFO  o.e.m.c.i.embedder.EclipseLogger - skip non existing resourceDirectory /home/igor/Desenvolvimento/igorfood-api/src/test/resources
2022-11-15 23:14:07,629 [Worker-33: Building] INFO  o.e.m.c.i.embedder.EclipseLogger - Using 'UTF-8' encoding to copy filtered resources.
2022-11-15 23:14:07,629 [Worker-33: Building] INFO  o.e.m.c.i.embedder.EclipseLogger - Using 'UTF-8' encoding to copy filtered properties files.
2022-11-15 23:14:07,629 [Worker-33: Building] INFO  o.e.m.c.i.embedder.EclipseLogger - Copying 1 resource
2022-11-15 23:14:07,634 [Worker-33: Building] INFO  o.e.m.c.i.embedder.EclipseLogger - Copying 0 resource
2022-11-15 23:14:07,635 [Worker-33: Building] INFO  o.e.m.c.i.embedder.EclipseLogger - Using 'UTF-8' encoding to copy filtered resources.
2022-11-15 23:14:07,635 [Worker-33: Building] INFO  o.e.m.c.i.embedder.EclipseLogger - Using 'UTF-8' encoding to copy filtered properties files.
2022-11-15 23:14:07,635 [Worker-33: Building] INFO  o.e.m.c.i.embedder.EclipseLogger - skip non existing resourceDirectory /home/igor/Desenvolvimento/igorfood-api/src/test/resources
2022-11-16 08:16:51,143 [Worker-7: Loading available Gradle versions] INFO  o.e.b.c.i.u.g.PublishedGradleVersions - Gradle version information cache is out-of-date. Trying to update.
2022-11-16 08:19:01,117 [Worker-5: Building] INFO  o.e.m.c.i.embedder.EclipseLogger - Using 'UTF-8' encoding to copy filtered resources.
2022-11-16 08:19:01,118 [Worker-5: Building] INFO  o.e.m.c.i.embedder.EclipseLogger - Using 'UTF-8' encoding to copy filtered properties files.
2022-11-16 08:19:01,120 [Worker-5: Building] INFO  o.e.m.c.i.embedder.EclipseLogger - Copying 1 resource
2022-11-16 08:19:01,142 [Worker-5: Building] INFO  o.e.m.c.i.embedder.EclipseLogger - Copying 0 resource
2022-11-16 08:19:01,146 [Worker-5: Building] INFO  o.e.m.c.i.embedder.EclipseLogger - Using 'UTF-8' encoding to copy filtered resources.
2022-11-16 08:19:01,146 [Worker-5: Building] INFO  o.e.m.c.i.embedder.EclipseLogger - Using 'UTF-8' encoding to copy filtered properties files.
2022-11-16 08:19:01,147 [Worker-5: Building] INFO  o.e.m.c.i.embedder.EclipseLogger - skip non existing resourceDirectory /home/igor/Desenvolvimento/igorfood-api/src/test/resources
2022-11-16 08:20:08,105 [Worker-19: Building] INFO  o.e.m.c.i.embedder.EclipseLogger - Using 'UTF-8' encoding to copy filtered resources.
2022-11-16 08:20:08,105 [Worker-19: Building] INFO  o.e.m.c.i.embedder.EclipseLogger - Using 'UTF-8' encoding to copy filtered properties files.
2022-11-16 08:20:08,107 [Worker-19: Building] INFO  o.e.m.c.i.embedder.EclipseLogger - Copying 1 resource
2022-11-16 08:20:08,115 [Worker-19: Building] INFO  o.e.m.c.i.embedder.EclipseLogger - Copying 0 resource
2022-11-16 08:20:08,117 [Worker-19: Building] INFO  o.e.m.c.i.embedder.EclipseLogger - Using 'UTF-8' encoding to copy filtered resources.
2022-11-16 08:20:08,118 [Worker-19: Building] INFO  o.e.m.c.i.embedder.EclipseLogger - Using 'UTF-8' encoding to copy filtered properties files.
2022-11-16 08:20:08,118 [Worker-19: Building] INFO  o.e.m.c.i.embedder.EclipseLogger - skip non existing resourceDirectory /home/igor/Desenvolvimento/igorfood-api/src/test/resources
2022-11-16 08:23:40,212 [Worker-14: Building] INFO  o.e.m.c.i.embedder.EclipseLogger - Using 'UTF-8' encoding to copy filtered resources.
2022-11-16 08:23:40,212 [Worker-14: Building] INFO  o.e.m.c.i.embedder.EclipseLogger - Using 'UTF-8' encoding to copy filtered properties files.
2022-11-16 08:23:40,212 [Worker-14: Building] INFO  o.e.m.c.i.embedder.EclipseLogger - Copying 1 resource
2022-11-16 08:23:40,219 [Worker-14: Building] INFO  o.e.m.c.i.embedder.EclipseLogger - Copying 0 resource
2022-11-16 08:23:40,221 [Worker-14: Building] INFO  o.e.m.c.i.embedder.EclipseLogger - Using 'UTF-8' encoding to copy filtered resources.
2022-11-16 08:23:40,221 [Worker-14: Building] INFO  o.e.m.c.i.embedder.EclipseLogger - Using 'UTF-8' encoding to copy filtered properties files.
2022-11-16 08:23:40,222 [Worker-14: Building] INFO  o.e.m.c.i.embedder.EclipseLogger - skip non existing resourceDirectory /home/igor/Desenvolvimento/igorfood-api/src/test/resources
2022-11-16 08:24:56,506 [Worker-14: Building] INFO  o.e.m.c.i.embedder.EclipseLogger - Using 'UTF-8' encoding to copy filtered resources.
2022-11-16 08:24:56,506 [Worker-14: Building] INFO  o.e.m.c.i.embedder.EclipseLogger - Using 'UTF-8' encoding to copy filtered properties files.
2022-11-16 08:24:56,506 [Worker-14: Building] INFO  o.e.m.c.i.embedder.EclipseLogger - Copying 1 resource
2022-11-16 08:24:56,508 [Worker-14: Building] INFO  o.e.m.c.i.embedder.EclipseLogger - Copying 0 resource
2022-11-16 08:24:56,509 [Worker-14: Building] INFO  o.e.m.c.i.embedder.EclipseLogger - Using 'UTF-8' encoding to copy filtered resources.
2022-11-16 08:24:56,509 [Worker-14: Building] INFO  o.e.m.c.i.embedder.EclipseLogger - Using 'UTF-8' encoding to copy filtered properties files.
2022-11-16 08:24:56,509 [Worker-14: Building] INFO  o.e.m.c.i.embedder.EclipseLogger - skip non existing resourceDirectory /home/igor/Desenvolvimento/igorfood-api/src/test/resources
2022-11-16 08:25:23,364 [Worker-24: Building] INFO  o.e.m.c.i.embedder.EclipseLogger - Using 'UTF-8' encoding to copy filtered resources.
2022-11-16 08:25:23,364 [Worker-24: Building] INFO  o.e.m.c.i.embedder.EclipseLogger - Using 'UTF-8' encoding to copy filtered properties files.
2022-11-16 08:25:23,364 [Worker-24: Building] INFO  o.e.m.c.i.embedder.EclipseLogger - Copying 1 resource
2022-11-16 08:25:23,369 [Worker-24: Building] INFO  o.e.m.c.i.embedder.EclipseLogger - Copying 0 resource
2022-11-16 08:25:23,371 [Worker-24: Building] INFO  o.e.m.c.i.embedder.EclipseLogger - Using 'UTF-8' encoding to copy filtered resources.
2022-11-16 08:25:23,371 [Worker-24: Building] INFO  o.e.m.c.i.embedder.EclipseLogger - Using 'UTF-8' encoding to copy filtered properties files.
2022-11-16 08:25:23,371 [Worker-24: Building] INFO  o.e.m.c.i.embedder.EclipseLogger - skip non existing resourceDirectory /home/igor/Desenvolvimento/igorfood-api/src/test/resources
2022-11-17 02:34:11,531 [Worker-1: Loading available Gradle versions] INFO  o.e.b.c.i.u.g.PublishedGradleVersions - Gradle version information cache is up-to-date. Trying to read.
2022-11-17 02:38:38,558 [Worker-7: Building] INFO  o.e.m.c.i.embedder.EclipseLogger - Using 'UTF-8' encoding to copy filtered resources.
2022-11-17 02:38:38,559 [Worker-7: Building] INFO  o.e.m.c.i.embedder.EclipseLogger - Using 'UTF-8' encoding to copy filtered properties files.
2022-11-17 02:38:38,561 [Worker-7: Building] INFO  o.e.m.c.i.embedder.EclipseLogger - Copying 1 resource
2022-11-17 02:38:38,572 [Worker-7: Building] INFO  o.e.m.c.i.embedder.EclipseLogger - Copying 0 resource
2022-11-17 02:38:38,574 [Worker-7: Building] INFO  o.e.m.c.i.embedder.EclipseLogger - Using 'UTF-8' encoding to copy filtered resources.
2022-11-17 02:38:38,574 [Worker-7: Building] INFO  o.e.m.c.i.embedder.EclipseLogger - Using 'UTF-8' encoding to copy filtered properties files.
2022-11-17 02:38:38,574 [Worker-7: Building] INFO  o.e.m.c.i.embedder.EclipseLogger - skip non existing resourceDirectory /home/igor/Desenvolvimento/igorfood-api/src/test/resources
2022-11-17 02:39:08,013 [Worker-8: Building] INFO  o.e.m.c.i.embedder.EclipseLogger - Using 'UTF-8' encoding to copy filtered resources.
2022-11-17 02:39:08,013 [Worker-8: Building] INFO  o.e.m.c.i.embedder.EclipseLogger - Using 'UTF-8' encoding to copy filtered properties files.
2022-11-17 02:39:08,015 [Worker-8: Building] INFO  o.e.m.c.i.embedder.EclipseLogger - Copying 1 resource
2022-11-17 02:39:08,016 [Worker-8: Building] INFO  o.e.m.c.i.embedder.EclipseLogger - Copying 0 resource
2022-11-17 02:39:08,018 [Worker-8: Building] INFO  o.e.m.c.i.embedder.EclipseLogger - Using 'UTF-8' encoding to copy filtered resources.
2022-11-17 02:39:08,018 [Worker-8: Building] INFO  o.e.m.c.i.embedder.EclipseLogger - Using 'UTF-8' encoding to copy filtered properties files.
2022-11-17 02:39:08,018 [Worker-8: Building] INFO  o.e.m.c.i.embedder.EclipseLogger - skip non existing resourceDirectory /home/igor/Desenvolvimento/igorfood-api/src/test/resources
2022-11-17 02:42:03,110 [Worker-31: Building] INFO  o.e.m.c.i.embedder.EclipseLogger - Using 'UTF-8' encoding to copy filtered resources.
2022-11-17 02:42:03,110 [Worker-31: Building] INFO  o.e.m.c.i.embedder.EclipseLogger - Using 'UTF-8' encoding to copy filtered properties files.
2022-11-17 02:42:03,110 [Worker-31: Building] INFO  o.e.m.c.i.embedder.EclipseLogger - Copying 1 resource
2022-11-17 02:42:03,113 [Worker-31: Building] INFO  o.e.m.c.i.embedder.EclipseLogger - Copying 0 resource
2022-11-17 02:42:03,114 [Worker-31: Building] INFO  o.e.m.c.i.embedder.EclipseLogger - Using 'UTF-8' encoding to copy filtered resources.
2022-11-17 02:42:03,114 [Worker-31: Building] INFO  o.e.m.c.i.embedder.EclipseLogger - Using 'UTF-8' encoding to copy filtered properties files.
2022-11-17 02:42:03,114 [Worker-31: Building] INFO  o.e.m.c.i.embedder.EclipseLogger - skip non existing resourceDirectory /home/igor/Desenvolvimento/igorfood-api/src/test/resources
2022-11-17 02:43:23,448 [Worker-29: Building] INFO  o.e.m.c.i.embedder.EclipseLogger - Using 'UTF-8' encoding to copy filtered resources.
2022-11-17 02:43:23,448 [Worker-29: Building] INFO  o.e.m.c.i.embedder.EclipseLogger - Using 'UTF-8' encoding to copy filtered properties files.
2022-11-17 02:43:23,449 [Worker-29: Building] INFO  o.e.m.c.i.embedder.EclipseLogger - Copying 1 resource
2022-11-17 02:43:23,450 [Worker-29: Building] INFO  o.e.m.c.i.embedder.EclipseLogger - Copying 0 resource
2022-11-17 02:43:23,452 [Worker-29: Building] INFO  o.e.m.c.i.embedder.EclipseLogger - Using 'UTF-8' encoding to copy filtered resources.
2022-11-17 02:43:23,452 [Worker-29: Building] INFO  o.e.m.c.i.embedder.EclipseLogger - Using 'UTF-8' encoding to copy filtered properties files.
2022-11-17 02:43:23,452 [Worker-29: Building] INFO  o.e.m.c.i.embedder.EclipseLogger - skip non existing resourceDirectory /home/igor/Desenvolvimento/igorfood-api/src/test/resources
2022-11-17 02:45:15,737 [Worker-30: Building] INFO  o.e.m.c.i.embedder.EclipseLogger - Using 'UTF-8' encoding to copy filtered resources.
2022-11-17 02:45:15,737 [Worker-30: Building] INFO  o.e.m.c.i.embedder.EclipseLogger - Using 'UTF-8' encoding to copy filtered properties files.
2022-11-17 02:45:15,737 [Worker-30: Building] INFO  o.e.m.c.i.embedder.EclipseLogger - Copying 1 resource
2022-11-17 02:45:15,744 [Worker-30: Building] INFO  o.e.m.c.i.embedder.EclipseLogger - Copying 0 resource
2022-11-17 02:45:15,745 [Worker-30: Building] INFO  o.e.m.c.i.embedder.EclipseLogger - Using 'UTF-8' encoding to copy filtered resources.
2022-11-17 02:45:15,745 [Worker-30: Building] INFO  o.e.m.c.i.embedder.EclipseLogger - Using 'UTF-8' encoding to copy filtered properties files.
2022-11-17 02:45:15,745 [Worker-30: Building] INFO  o.e.m.c.i.embedder.EclipseLogger - skip non existing resourceDirectory /home/igor/Desenvolvimento/igorfood-api/src/test/resources
2022-11-17 02:47:56,149 [Worker-35: Building] INFO  o.e.m.c.i.embedder.EclipseLogger - Using 'UTF-8' encoding to copy filtered resources.
2022-11-17 02:47:56,149 [Worker-35: Building] INFO  o.e.m.c.i.embedder.EclipseLogger - Using 'UTF-8' encoding to copy filtered properties files.
2022-11-17 02:47:56,150 [Worker-35: Building] INFO  o.e.m.c.i.embedder.EclipseLogger - Copying 1 resource
2022-11-17 02:47:56,156 [Worker-35: Building] INFO  o.e.m.c.i.embedder.EclipseLogger - Copying 0 resource
2022-11-17 02:47:56,157 [Worker-35: Building] INFO  o.e.m.c.i.embedder.EclipseLogger - Using 'UTF-8' encoding to copy filtered resources.
2022-11-17 02:47:56,158 [Worker-35: Building] INFO  o.e.m.c.i.embedder.EclipseLogger - Using 'UTF-8' encoding to copy filtered properties files.
2022-11-17 02:47:56,158 [Worker-35: Building] INFO  o.e.m.c.i.embedder.EclipseLogger - skip non existing resourceDirectory /home/igor/Desenvolvimento/igorfood-api/src/test/resources
2022-11-17 02:55:05,810 [Worker-39: Building] INFO  o.e.m.c.i.embedder.EclipseLogger - Using 'UTF-8' encoding to copy filtered resources.
2022-11-17 02:55:05,810 [Worker-39: Building] INFO  o.e.m.c.i.embedder.EclipseLogger - Using 'UTF-8' encoding to copy filtered properties files.
2022-11-17 02:55:05,812 [Worker-39: Building] INFO  o.e.m.c.i.embedder.EclipseLogger - Copying 1 resource
2022-11-17 02:55:05,817 [Worker-39: Building] INFO  o.e.m.c.i.embedder.EclipseLogger - Copying 0 resource
2022-11-17 02:55:05,818 [Worker-39: Building] INFO  o.e.m.c.i.embedder.EclipseLogger - Using 'UTF-8' encoding to copy filtered resources.
2022-11-17 02:55:05,818 [Worker-39: Building] INFO  o.e.m.c.i.embedder.EclipseLogger - Using 'UTF-8' encoding to copy filtered properties files.
2022-11-17 02:55:05,818 [Worker-39: Building] INFO  o.e.m.c.i.embedder.EclipseLogger - skip non existing resourceDirectory /home/igor/Desenvolvimento/igorfood-api/src/test/resources
2022-11-17 02:57:59,129 [Worker-42: Building] INFO  o.e.m.c.i.embedder.EclipseLogger - Using 'UTF-8' encoding to copy filtered resources.
2022-11-17 02:57:59,129 [Worker-42: Building] INFO  o.e.m.c.i.embedder.EclipseLogger - Using 'UTF-8' encoding to copy filtered properties files.
2022-11-17 02:57:59,129 [Worker-42: Building] INFO  o.e.m.c.i.embedder.EclipseLogger - Copying 1 resource
2022-11-17 02:57:59,131 [Worker-42: Building] INFO  o.e.m.c.i.embedder.EclipseLogger - Copying 0 resource
2022-11-17 02:57:59,134 [Worker-42: Building] INFO  o.e.m.c.i.embedder.EclipseLogger - Using 'UTF-8' encoding to copy filtered resources.
2022-11-17 02:57:59,134 [Worker-42: Building] INFO  o.e.m.c.i.embedder.EclipseLogger - Using 'UTF-8' encoding to copy filtered properties files.
2022-11-17 02:57:59,134 [Worker-42: Building] INFO  o.e.m.c.i.embedder.EclipseLogger - skip non existing resourceDirectory /home/igor/Desenvolvimento/igorfood-api/src/test/resources
2022-11-17 03:00:35,297 [Worker-42: Building] INFO  o.e.m.c.i.embedder.EclipseLogger - Using 'UTF-8' encoding to copy filtered resources.
2022-11-17 03:00:35,297 [Worker-42: Building] INFO  o.e.m.c.i.embedder.EclipseLogger - Using 'UTF-8' encoding to copy filtered properties files.
2022-11-17 03:00:35,297 [Worker-42: Building] INFO  o.e.m.c.i.embedder.EclipseLogger - Copying 1 resource
2022-11-17 03:00:35,300 [Worker-42: Building] INFO  o.e.m.c.i.embedder.EclipseLogger - Copying 0 resource
2022-11-17 03:00:35,301 [Worker-42: Building] INFO  o.e.m.c.i.embedder.EclipseLogger - Using 'UTF-8' encoding to copy filtered resources.
2022-11-17 03:00:35,301 [Worker-42: Building] INFO  o.e.m.c.i.embedder.EclipseLogger - Using 'UTF-8' encoding to copy filtered properties files.
2022-11-17 03:00:35,301 [Worker-42: Building] INFO  o.e.m.c.i.embedder.EclipseLogger - skip non existing resourceDirectory /home/igor/Desenvolvimento/igorfood-api/src/test/resources
2022-11-17 03:10:27,146 [Worker-48: Building] INFO  o.e.m.c.i.embedder.EclipseLogger - Using 'UTF-8' encoding to copy filtered resources.
2022-11-17 03:10:27,146 [Worker-48: Building] INFO  o.e.m.c.i.embedder.EclipseLogger - Using 'UTF-8' encoding to copy filtered properties files.
2022-11-17 03:10:27,146 [Worker-48: Building] INFO  o.e.m.c.i.embedder.EclipseLogger - Copying 1 resource
2022-11-17 03:10:27,148 [Worker-48: Building] INFO  o.e.m.c.i.embedder.EclipseLogger - Copying 0 resource
2022-11-17 03:10:27,149 [Worker-48: Building] INFO  o.e.m.c.i.embedder.EclipseLogger - Using 'UTF-8' encoding to copy filtered resources.
2022-11-17 03:10:27,149 [Worker-48: Building] INFO  o.e.m.c.i.embedder.EclipseLogger - Using 'UTF-8' encoding to copy filtered properties files.
2022-11-17 03:10:27,149 [Worker-48: Building] INFO  o.e.m.c.i.embedder.EclipseLogger - skip non existing resourceDirectory /home/igor/Desenvolvimento/igorfood-api/src/test/resources
2022-11-17 03:10:59,651 [Worker-53: Building] INFO  o.e.m.c.i.embedder.EclipseLogger - Using 'UTF-8' encoding to copy filtered resources.
2022-11-17 03:10:59,651 [Worker-53: Building] INFO  o.e.m.c.i.embedder.EclipseLogger - Using 'UTF-8' encoding to copy filtered properties files.
2022-11-17 03:10:59,651 [Worker-53: Building] INFO  o.e.m.c.i.embedder.EclipseLogger - Copying 1 resource
2022-11-17 03:10:59,653 [Worker-53: Building] INFO  o.e.m.c.i.embedder.EclipseLogger - Copying 0 resource
2022-11-17 03:10:59,654 [Worker-53: Building] INFO  o.e.m.c.i.embedder.EclipseLogger - Using 'UTF-8' encoding to copy filtered resources.
2022-11-17 03:10:59,654 [Worker-53: Building] INFO  o.e.m.c.i.embedder.EclipseLogger - Using 'UTF-8' encoding to copy filtered properties files.
2022-11-17 03:10:59,654 [Worker-53: Building] INFO  o.e.m.c.i.embedder.EclipseLogger - skip non existing resourceDirectory /home/igor/Desenvolvimento/igorfood-api/src/test/resources
2022-11-17 03:12:04,672 [Worker-52: Building] INFO  o.e.m.c.i.embedder.EclipseLogger - Using 'UTF-8' encoding to copy filtered resources.
2022-11-17 03:12:04,673 [Worker-52: Building] INFO  o.e.m.c.i.embedder.EclipseLogger - Using 'UTF-8' encoding to copy filtered properties files.
2022-11-17 03:12:04,673 [Worker-52: Building] INFO  o.e.m.c.i.embedder.EclipseLogger - Copying 1 resource
2022-11-17 03:12:04,675 [Worker-52: Building] INFO  o.e.m.c.i.embedder.EclipseLogger - Copying 0 resource
2022-11-17 03:12:04,676 [Worker-52: Building] INFO  o.e.m.c.i.embedder.EclipseLogger - Using 'UTF-8' encoding to copy filtered resources.
2022-11-17 03:12:04,676 [Worker-52: Building] INFO  o.e.m.c.i.embedder.EclipseLogger - Using 'UTF-8' encoding to copy filtered properties files.
2022-11-17 03:12:04,676 [Worker-52: Building] INFO  o.e.m.c.i.embedder.EclipseLogger - skip non existing resourceDirectory /home/igor/Desenvolvimento/igorfood-api/src/test/resources
2022-11-17 03:12:47,833 [Worker-48: Building] INFO  o.e.m.c.i.embedder.EclipseLogger - Using 'UTF-8' encoding to copy filtered resources.
2022-11-17 03:12:47,833 [Worker-48: Building] INFO  o.e.m.c.i.embedder.EclipseLogger - Using 'UTF-8' encoding to copy filtered properties files.
2022-11-17 03:12:47,833 [Worker-48: Building] INFO  o.e.m.c.i.embedder.EclipseLogger - Copying 1 resource
2022-11-17 03:12:47,835 [Worker-48: Building] INFO  o.e.m.c.i.embedder.EclipseLogger - Copying 0 resource
2022-11-17 03:12:47,837 [Worker-48: Building] INFO  o.e.m.c.i.embedder.EclipseLogger - Using 'UTF-8' encoding to copy filtered resources.
2022-11-17 03:12:47,837 [Worker-48: Building] INFO  o.e.m.c.i.embedder.EclipseLogger - Using 'UTF-8' encoding to copy filtered properties files.
2022-11-17 03:12:47,837 [Worker-48: Building] INFO  o.e.m.c.i.embedder.EclipseLogger - skip non existing resourceDirectory /home/igor/Desenvolvimento/igorfood-api/src/test/resources
2022-11-17 03:13:29,161 [Worker-53: Building] INFO  o.e.m.c.i.embedder.EclipseLogger - Using 'UTF-8' encoding to copy filtered resources.
2022-11-17 03:13:29,161 [Worker-53: Building] INFO  o.e.m.c.i.embedder.EclipseLogger - Using 'UTF-8' encoding to copy filtered properties files.
2022-11-17 03:13:29,161 [Worker-53: Building] INFO  o.e.m.c.i.embedder.EclipseLogger - Copying 1 resource
2022-11-17 03:13:29,166 [Worker-53: Building] INFO  o.e.m.c.i.embedder.EclipseLogger - Copying 0 resource
2022-11-17 03:13:29,168 [Worker-53: Building] INFO  o.e.m.c.i.embedder.EclipseLogger - Using 'UTF-8' encoding to copy filtered resources.
2022-11-17 03:13:29,169 [Worker-53: Building] INFO  o.e.m.c.i.embedder.EclipseLogger - Using 'UTF-8' encoding to copy filtered properties files.
2022-11-17 03:13:29,169 [Worker-53: Building] INFO  o.e.m.c.i.embedder.EclipseLogger - skip non existing resourceDirectory /home/igor/Desenvolvimento/igorfood-api/src/test/resources
2022-11-17 03:15:04,129 [Worker-48: Building] INFO  o.e.m.c.i.embedder.EclipseLogger - Using 'UTF-8' encoding to copy filtered resources.
2022-11-17 03:15:04,129 [Worker-48: Building] INFO  o.e.m.c.i.embedder.EclipseLogger - Using 'UTF-8' encoding to copy filtered properties files.
2022-11-17 03:15:04,129 [Worker-48: Building] INFO  o.e.m.c.i.embedder.EclipseLogger - Copying 1 resource
2022-11-17 03:15:04,138 [Worker-48: Building] INFO  o.e.m.c.i.embedder.EclipseLogger - Copying 0 resource
2022-11-17 03:15:04,139 [Worker-48: Building] INFO  o.e.m.c.i.embedder.EclipseLogger - Using 'UTF-8' encoding to copy filtered resources.
2022-11-17 03:15:04,139 [Worker-48: Building] INFO  o.e.m.c.i.embedder.EclipseLogger - Using 'UTF-8' encoding to copy filtered properties files.
2022-11-17 03:15:04,139 [Worker-48: Building] INFO  o.e.m.c.i.embedder.EclipseLogger - skip non existing resourceDirectory /home/igor/Desenvolvimento/igorfood-api/src/test/resources
2022-11-17 03:15:24,138 [Worker-53: Building] INFO  o.e.m.c.i.embedder.EclipseLogger - Using 'UTF-8' encoding to copy filtered resources.
2022-11-17 03:15:24,138 [Worker-53: Building] INFO  o.e.m.c.i.embedder.EclipseLogger - Using 'UTF-8' encoding to copy filtered properties files.
2022-11-17 03:15:24,139 [Worker-53: Building] INFO  o.e.m.c.i.embedder.EclipseLogger - Copying 1 resource
2022-11-17 03:15:24,156 [Worker-53: Building] INFO  o.e.m.c.i.embedder.EclipseLogger - Copying 0 resource
2022-11-17 03:15:24,159 [Worker-53: Building] INFO  o.e.m.c.i.embedder.EclipseLogger - Using 'UTF-8' encoding to copy filtered resources.
2022-11-17 03:15:24,159 [Worker-53: Building] INFO  o.e.m.c.i.embedder.EclipseLogger - Using 'UTF-8' encoding to copy filtered properties files.
2022-11-17 03:15:24,159 [Worker-53: Building] INFO  o.e.m.c.i.embedder.EclipseLogger - skip non existing resourceDirectory /home/igor/Desenvolvimento/igorfood-api/src/test/resources
2022-11-17 03:19:31,413 [Worker-57: Building] INFO  o.e.m.c.i.embedder.EclipseLogger - Using 'UTF-8' encoding to copy filtered resources.
2022-11-17 03:19:31,413 [Worker-57: Building] INFO  o.e.m.c.i.embedder.EclipseLogger - Using 'UTF-8' encoding to copy filtered properties files.
2022-11-17 03:19:31,413 [Worker-57: Building] INFO  o.e.m.c.i.embedder.EclipseLogger - Copying 1 resource
2022-11-17 03:19:31,427 [Worker-57: Building] INFO  o.e.m.c.i.embedder.EclipseLogger - Copying 0 resource
2022-11-17 03:19:31,429 [Worker-57: Building] INFO  o.e.m.c.i.embedder.EclipseLogger - Using 'UTF-8' encoding to copy filtered resources.
2022-11-17 03:19:31,429 [Worker-57: Building] INFO  o.e.m.c.i.embedder.EclipseLogger - Using 'UTF-8' encoding to copy filtered properties files.
2022-11-17 03:19:31,429 [Worker-57: Building] INFO  o.e.m.c.i.embedder.EclipseLogger - skip non existing resourceDirectory /home/igor/Desenvolvimento/igorfood-api/src/test/resources
2022-11-17 03:19:35,782 [Worker-48: Building] INFO  o.e.m.c.i.embedder.EclipseLogger - Using 'UTF-8' encoding to copy filtered resources.
2022-11-17 03:19:35,782 [Worker-48: Building] INFO  o.e.m.c.i.embedder.EclipseLogger - Using 'UTF-8' encoding to copy filtered properties files.
2022-11-17 03:19:35,782 [Worker-48: Building] INFO  o.e.m.c.i.embedder.EclipseLogger - Copying 1 resource
2022-11-17 03:19:35,788 [Worker-48: Building] INFO  o.e.m.c.i.embedder.EclipseLogger - Copying 0 resource
2022-11-17 03:19:35,789 [Worker-48: Building] INFO  o.e.m.c.i.embedder.EclipseLogger - Using 'UTF-8' encoding to copy filtered resources.
2022-11-17 03:19:35,789 [Worker-48: Building] INFO  o.e.m.c.i.embedder.EclipseLogger - Using 'UTF-8' encoding to copy filtered properties files.
2022-11-17 03:19:35,789 [Worker-48: Building] INFO  o.e.m.c.i.embedder.EclipseLogger - skip non existing resourceDirectory /home/igor/Desenvolvimento/igorfood-api/src/test/resources
2022-11-17 03:19:39,112 [Worker-57: Building] INFO  o.e.m.c.i.embedder.EclipseLogger - Using 'UTF-8' encoding to copy filtered resources.
2022-11-17 03:19:39,112 [Worker-57: Building] INFO  o.e.m.c.i.embedder.EclipseLogger - Using 'UTF-8' encoding to copy filtered properties files.
2022-11-17 03:19:39,112 [Worker-57: Building] INFO  o.e.m.c.i.embedder.EclipseLogger - Copying 1 resource
2022-11-17 03:19:39,118 [Worker-57: Building] INFO  o.e.m.c.i.embedder.EclipseLogger - Copying 0 resource
2022-11-17 03:19:39,119 [Worker-57: Building] INFO  o.e.m.c.i.embedder.EclipseLogger - Using 'UTF-8' encoding to copy filtered resources.
2022-11-17 03:19:39,119 [Worker-57: Building] INFO  o.e.m.c.i.embedder.EclipseLogger - Using 'UTF-8' encoding to copy filtered properties files.
2022-11-17 03:19:39,119 [Worker-57: Building] INFO  o.e.m.c.i.embedder.EclipseLogger - skip non existing resourceDirectory /home/igor/Desenvolvimento/igorfood-api/src/test/resources
2022-11-17 03:21:09,060 [Worker-57: Building] INFO  o.e.m.c.i.embedder.EclipseLogger - Using 'UTF-8' encoding to copy filtered resources.
2022-11-17 03:21:09,060 [Worker-57: Building] INFO  o.e.m.c.i.embedder.EclipseLogger - Using 'UTF-8' encoding to copy filtered properties files.
2022-11-17 03:21:09,060 [Worker-57: Building] INFO  o.e.m.c.i.embedder.EclipseLogger - Copying 1 resource
2022-11-17 03:21:09,068 [Worker-57: Building] INFO  o.e.m.c.i.embedder.EclipseLogger - Copying 0 resource
2022-11-17 03:21:09,070 [Worker-57: Building] INFO  o.e.m.c.i.embedder.EclipseLogger - Using 'UTF-8' encoding to copy filtered resources.
2022-11-17 03:21:09,070 [Worker-57: Building] INFO  o.e.m.c.i.embedder.EclipseLogger - Using 'UTF-8' encoding to copy filtered properties files.
2022-11-17 03:21:09,070 [Worker-57: Building] INFO  o.e.m.c.i.embedder.EclipseLogger - skip non existing resourceDirectory /home/igor/Desenvolvimento/igorfood-api/src/test/resources
2022-11-17 03:23:59,057 [Worker-60: Building] INFO  o.e.m.c.i.embedder.EclipseLogger - Using 'UTF-8' encoding to copy filtered resources.
2022-11-17 03:23:59,058 [Worker-60: Building] INFO  o.e.m.c.i.embedder.EclipseLogger - Using 'UTF-8' encoding to copy filtered properties files.
2022-11-17 03:23:59,058 [Worker-60: Building] INFO  o.e.m.c.i.embedder.EclipseLogger - Copying 1 resource
2022-11-17 03:23:59,063 [Worker-60: Building] INFO  o.e.m.c.i.embedder.EclipseLogger - Copying 0 resource
2022-11-17 03:23:59,066 [Worker-60: Building] INFO  o.e.m.c.i.embedder.EclipseLogger - Using 'UTF-8' encoding to copy filtered resources.
2022-11-17 03:23:59,066 [Worker-60: Building] INFO  o.e.m.c.i.embedder.EclipseLogger - Using 'UTF-8' encoding to copy filtered properties files.
2022-11-17 03:23:59,066 [Worker-60: Building] INFO  o.e.m.c.i.embedder.EclipseLogger - skip non existing resourceDirectory /home/igor/Desenvolvimento/igorfood-api/src/test/resources
2022-11-17 03:24:31,570 [Worker-55: Building] INFO  o.e.m.c.i.embedder.EclipseLogger - Using 'UTF-8' encoding to copy filtered resources.
2022-11-17 03:24:31,570 [Worker-55: Building] INFO  o.e.m.c.i.embedder.EclipseLogger - Using 'UTF-8' encoding to copy filtered properties files.
2022-11-17 03:24:31,570 [Worker-55: Building] INFO  o.e.m.c.i.embedder.EclipseLogger - Copying 1 resource
2022-11-17 03:24:31,576 [Worker-55: Building] INFO  o.e.m.c.i.embedder.EclipseLogger - Copying 0 resource
2022-11-17 03:24:31,578 [Worker-55: Building] INFO  o.e.m.c.i.embedder.EclipseLogger - Using 'UTF-8' encoding to copy filtered resources.
2022-11-17 03:24:31,578 [Worker-55: Building] INFO  o.e.m.c.i.embedder.EclipseLogger - Using 'UTF-8' encoding to copy filtered properties files.
2022-11-17 03:24:31,578 [Worker-55: Building] INFO  o.e.m.c.i.embedder.EclipseLogger - skip non existing resourceDirectory /home/igor/Desenvolvimento/igorfood-api/src/test/resources
2022-11-17 03:26:36,157 [Worker-60: Building] INFO  o.e.m.c.i.embedder.EclipseLogger - Using 'UTF-8' encoding to copy filtered resources.
2022-11-17 03:26:36,157 [Worker-60: Building] INFO  o.e.m.c.i.embedder.EclipseLogger - Using 'UTF-8' encoding to copy filtered properties files.
2022-11-17 03:26:36,157 [Worker-60: Building] INFO  o.e.m.c.i.embedder.EclipseLogger - Copying 1 resource
2022-11-17 03:26:36,159 [Worker-60: Building] INFO  o.e.m.c.i.embedder.EclipseLogger - Copying 0 resource
2022-11-17 03:26:36,160 [Worker-60: Building] INFO  o.e.m.c.i.embedder.EclipseLogger - Using 'UTF-8' encoding to copy filtered resources.
2022-11-17 03:26:36,160 [Worker-60: Building] INFO  o.e.m.c.i.embedder.EclipseLogger - Using 'UTF-8' encoding to copy filtered properties files.
2022-11-17 03:26:36,160 [Worker-60: Building] INFO  o.e.m.c.i.embedder.EclipseLogger - skip non existing resourceDirectory /home/igor/Desenvolvimento/igorfood-api/src/test/resources
2022-11-17 03:26:53,585 [Worker-64: Building] INFO  o.e.m.c.i.embedder.EclipseLogger - Using 'UTF-8' encoding to copy filtered resources.
2022-11-17 03:26:53,585 [Worker-64: Building] INFO  o.e.m.c.i.embedder.EclipseLogger - Using 'UTF-8' encoding to copy filtered properties files.
2022-11-17 03:26:53,585 [Worker-64: Building] INFO  o.e.m.c.i.embedder.EclipseLogger - Copying 1 resource
2022-11-17 03:26:53,592 [Worker-64: Building] INFO  o.e.m.c.i.embedder.EclipseLogger - Copying 0 resource
2022-11-17 03:26:53,593 [Worker-64: Building] INFO  o.e.m.c.i.embedder.EclipseLogger - Using 'UTF-8' encoding to copy filtered resources.
2022-11-17 03:26:53,593 [Worker-64: Building] INFO  o.e.m.c.i.embedder.EclipseLogger - Using 'UTF-8' encoding to copy filtered properties files.
2022-11-17 03:26:53,593 [Worker-64: Building] INFO  o.e.m.c.i.embedder.EclipseLogger - skip non existing resourceDirectory /home/igor/Desenvolvimento/igorfood-api/src/test/resources
2022-11-17 03:28:20,118 [Worker-61: Building] INFO  o.e.m.c.i.embedder.EclipseLogger - Using 'UTF-8' encoding to copy filtered resources.
2022-11-17 03:28:20,118 [Worker-61: Building] INFO  o.e.m.c.i.embedder.EclipseLogger - Using 'UTF-8' encoding to copy filtered properties files.
2022-11-17 03:28:20,118 [Worker-61: Building] INFO  o.e.m.c.i.embedder.EclipseLogger - Copying 1 resource
2022-11-17 03:28:20,120 [Worker-61: Building] INFO  o.e.m.c.i.embedder.EclipseLogger - Copying 0 resource
2022-11-17 03:28:20,121 [Worker-61: Building] INFO  o.e.m.c.i.embedder.EclipseLogger - Using 'UTF-8' encoding to copy filtered resources.
2022-11-17 03:28:20,121 [Worker-61: Building] INFO  o.e.m.c.i.embedder.EclipseLogger - Using 'UTF-8' encoding to copy filtered properties files.
2022-11-17 03:28:20,121 [Worker-61: Building] INFO  o.e.m.c.i.embedder.EclipseLogger - skip non existing resourceDirectory /home/igor/Desenvolvimento/igorfood-api/src/test/resources
2022-11-17 03:32:25,473 [Worker-62: Building] INFO  o.e.m.c.i.embedder.EclipseLogger - Using 'UTF-8' encoding to copy filtered resources.
2022-11-17 03:32:25,473 [Worker-62: Building] INFO  o.e.m.c.i.embedder.EclipseLogger - Using 'UTF-8' encoding to copy filtered properties files.
2022-11-17 03:32:25,473 [Worker-62: Building] INFO  o.e.m.c.i.embedder.EclipseLogger - Copying 1 resource
2022-11-17 03:32:25,484 [Worker-62: Building] INFO  o.e.m.c.i.embedder.EclipseLogger - Copying 0 resource
2022-11-17 03:32:25,486 [Worker-62: Building] INFO  o.e.m.c.i.embedder.EclipseLogger - Using 'UTF-8' encoding to copy filtered resources.
2022-11-17 03:32:25,486 [Worker-62: Building] INFO  o.e.m.c.i.embedder.EclipseLogger - Using 'UTF-8' encoding to copy filtered properties files.
2022-11-17 03:32:25,486 [Worker-62: Building] INFO  o.e.m.c.i.embedder.EclipseLogger - skip non existing resourceDirectory /home/igor/Desenvolvimento/igorfood-api/src/test/resources
2022-11-17 03:33:30,363 [Worker-44: Building] INFO  o.e.m.c.i.embedder.EclipseLogger - Using 'UTF-8' encoding to copy filtered resources.
2022-11-17 03:33:30,363 [Worker-44: Building] INFO  o.e.m.c.i.embedder.EclipseLogger - Using 'UTF-8' encoding to copy filtered properties files.
2022-11-17 03:33:30,363 [Worker-44: Building] INFO  o.e.m.c.i.embedder.EclipseLogger - Copying 1 resource
2022-11-17 03:33:30,368 [Worker-44: Building] INFO  o.e.m.c.i.embedder.EclipseLogger - Copying 0 resource
2022-11-17 03:33:30,370 [Worker-44: Building] INFO  o.e.m.c.i.embedder.EclipseLogger - Using 'UTF-8' encoding to copy filtered resources.
2022-11-17 03:33:30,370 [Worker-44: Building] INFO  o.e.m.c.i.embedder.EclipseLogger - Using 'UTF-8' encoding to copy filtered properties files.
2022-11-17 03:33:30,370 [Worker-44: Building] INFO  o.e.m.c.i.embedder.EclipseLogger - skip non existing resourceDirectory /home/igor/Desenvolvimento/igorfood-api/src/test/resources
2022-11-17 03:41:32,543 [Worker-70: Building] INFO  o.e.m.c.i.embedder.EclipseLogger - Using 'UTF-8' encoding to copy filtered resources.
2022-11-17 03:41:32,543 [Worker-70: Building] INFO  o.e.m.c.i.embedder.EclipseLogger - Using 'UTF-8' encoding to copy filtered properties files.
2022-11-17 03:41:32,544 [Worker-70: Building] INFO  o.e.m.c.i.embedder.EclipseLogger - Copying 1 resource
2022-11-17 03:41:32,546 [Worker-70: Building] INFO  o.e.m.c.i.embedder.EclipseLogger - Copying 0 resource
2022-11-17 03:41:32,547 [Worker-70: Building] INFO  o.e.m.c.i.embedder.EclipseLogger - Using 'UTF-8' encoding to copy filtered resources.
2022-11-17 03:41:32,547 [Worker-70: Building] INFO  o.e.m.c.i.embedder.EclipseLogger - Using 'UTF-8' encoding to copy filtered properties files.
2022-11-17 03:41:32,547 [Worker-70: Building] INFO  o.e.m.c.i.embedder.EclipseLogger - skip non existing resourceDirectory /home/igor/Desenvolvimento/igorfood-api/src/test/resources
2022-11-27 20:08:00,325 [Worker-0: Loading available Gradle versions] INFO  o.e.b.c.i.u.g.PublishedGradleVersions - Gradle version information cache is out-of-date. Trying to update.
2022-11-27 20:09:41,880 [Worker-25: Building] INFO  o.e.m.c.i.embedder.EclipseLogger - Using 'UTF-8' encoding to copy filtered resources.
2022-11-27 20:09:41,881 [Worker-25: Building] INFO  o.e.m.c.i.embedder.EclipseLogger - Using 'UTF-8' encoding to copy filtered properties files.
2022-11-27 20:09:41,883 [Worker-25: Building] INFO  o.e.m.c.i.embedder.EclipseLogger - Copying 1 resource
2022-11-27 20:09:41,895 [Worker-25: Building] INFO  o.e.m.c.i.embedder.EclipseLogger - Copying 0 resource
2022-11-27 20:09:41,898 [Worker-25: Building] INFO  o.e.m.c.i.embedder.EclipseLogger - Using 'UTF-8' encoding to copy filtered resources.
2022-11-27 20:09:41,898 [Worker-25: Building] INFO  o.e.m.c.i.embedder.EclipseLogger - Using 'UTF-8' encoding to copy filtered properties files.
2022-11-27 20:09:41,898 [Worker-25: Building] INFO  o.e.m.c.i.embedder.EclipseLogger - skip non existing resourceDirectory /home/igor/Desenvolvimento/igorfood-api/src/test/resources
2022-11-27 20:10:57,233 [Worker-20: Building] INFO  o.e.m.c.i.embedder.EclipseLogger - Using 'UTF-8' encoding to copy filtered resources.
2022-11-27 20:10:57,233 [Worker-20: Building] INFO  o.e.m.c.i.embedder.EclipseLogger - Using 'UTF-8' encoding to copy filtered properties files.
2022-11-27 20:10:57,234 [Worker-20: Building] INFO  o.e.m.c.i.embedder.EclipseLogger - Copying 1 resource
2022-11-27 20:10:57,236 [Worker-20: Building] INFO  o.e.m.c.i.embedder.EclipseLogger - Copying 0 resource
2022-11-27 20:10:57,238 [Worker-20: Building] INFO  o.e.m.c.i.embedder.EclipseLogger - Using 'UTF-8' encoding to copy filtered resources.
2022-11-27 20:10:57,238 [Worker-20: Building] INFO  o.e.m.c.i.embedder.EclipseLogger - Using 'UTF-8' encoding to copy filtered properties files.
2022-11-27 20:10:57,238 [Worker-20: Building] INFO  o.e.m.c.i.embedder.EclipseLogger - skip non existing resourceDirectory /home/igor/Desenvolvimento/igorfood-api/src/test/resources
2022-11-27 20:11:47,866 [Worker-11: Building] INFO  o.e.m.c.i.embedder.EclipseLogger - Using 'UTF-8' encoding to copy filtered resources.
2022-11-27 20:11:47,866 [Worker-11: Building] INFO  o.e.m.c.i.embedder.EclipseLogger - Using 'UTF-8' encoding to copy filtered properties files.
2022-11-27 20:11:47,867 [Worker-11: Building] INFO  o.e.m.c.i.embedder.EclipseLogger - Copying 1 resource
2022-11-27 20:11:47,869 [Worker-11: Building] INFO  o.e.m.c.i.embedder.EclipseLogger - Copying 0 resource
2022-11-27 20:11:47,870 [Worker-11: Building] INFO  o.e.m.c.i.embedder.EclipseLogger - Using 'UTF-8' encoding to copy filtered resources.
2022-11-27 20:11:47,870 [Worker-11: Building] INFO  o.e.m.c.i.embedder.EclipseLogger - Using 'UTF-8' encoding to copy filtered properties files.
2022-11-27 20:11:47,870 [Worker-11: Building] INFO  o.e.m.c.i.embedder.EclipseLogger - skip non existing resourceDirectory /home/igor/Desenvolvimento/igorfood-api/src/test/resources
2022-11-27 20:12:24,884 [Worker-10: Building] INFO  o.e.m.c.i.embedder.EclipseLogger - Using 'UTF-8' encoding to copy filtered resources.
2022-11-27 20:12:24,884 [Worker-10: Building] INFO  o.e.m.c.i.embedder.EclipseLogger - Using 'UTF-8' encoding to copy filtered properties files.
2022-11-27 20:12:24,884 [Worker-10: Building] INFO  o.e.m.c.i.embedder.EclipseLogger - Copying 1 resource
2022-11-27 20:12:24,886 [Worker-10: Building] INFO  o.e.m.c.i.embedder.EclipseLogger - Copying 0 resource
2022-11-27 20:12:24,887 [Worker-10: Building] INFO  o.e.m.c.i.embedder.EclipseLogger - Using 'UTF-8' encoding to copy filtered resources.
2022-11-27 20:12:24,887 [Worker-10: Building] INFO  o.e.m.c.i.embedder.EclipseLogger - Using 'UTF-8' encoding to copy filtered properties files.
2022-11-27 20:12:24,887 [Worker-10: Building] INFO  o.e.m.c.i.embedder.EclipseLogger - skip non existing resourceDirectory /home/igor/Desenvolvimento/igorfood-api/src/test/resources
2022-11-27 20:13:15,987 [Worker-15: Building] INFO  o.e.m.c.i.embedder.EclipseLogger - Using 'UTF-8' encoding to copy filtered resources.
2022-11-27 20:13:15,988 [Worker-15: Building] INFO  o.e.m.c.i.embedder.EclipseLogger - Using 'UTF-8' encoding to copy filtered properties files.
2022-11-27 20:13:15,988 [Worker-15: Building] INFO  o.e.m.c.i.embedder.EclipseLogger - Copying 1 resource
2022-11-27 20:13:15,990 [Worker-15: Building] INFO  o.e.m.c.i.embedder.EclipseLogger - Copying 0 resource
2022-11-27 20:13:15,991 [Worker-15: Building] INFO  o.e.m.c.i.embedder.EclipseLogger - Using 'UTF-8' encoding to copy filtered resources.
2022-11-27 20:13:15,991 [Worker-15: Building] INFO  o.e.m.c.i.embedder.EclipseLogger - Using 'UTF-8' encoding to copy filtered properties files.
2022-11-27 20:13:15,991 [Worker-15: Building] INFO  o.e.m.c.i.embedder.EclipseLogger - skip non existing resourceDirectory /home/igor/Desenvolvimento/igorfood-api/src/test/resources
2022-11-27 20:14:35,161 [Worker-2: Loading available Gradle versions] INFO  o.e.b.c.i.u.g.PublishedGradleVersions - Gradle version information cache is up-to-date. Trying to read.
2022-11-27 20:15:03,387 [Worker-0: Building] INFO  o.e.m.c.i.embedder.EclipseLogger - Using 'UTF-8' encoding to copy filtered resources.
2022-11-27 20:15:03,387 [Worker-0: Building] INFO  o.e.m.c.i.embedder.EclipseLogger - Using 'UTF-8' encoding to copy filtered properties files.
2022-11-27 20:15:03,390 [Worker-0: Building] INFO  o.e.m.c.i.embedder.EclipseLogger - Copying 1 resource
2022-11-27 20:15:03,402 [Worker-0: Building] INFO  o.e.m.c.i.embedder.EclipseLogger - Copying 0 resource
2022-11-27 20:15:03,404 [Worker-0: Building] INFO  o.e.m.c.i.embedder.EclipseLogger - Using 'UTF-8' encoding to copy filtered resources.
2022-11-27 20:15:03,404 [Worker-0: Building] INFO  o.e.m.c.i.embedder.EclipseLogger - Using 'UTF-8' encoding to copy filtered properties files.
2022-11-27 20:15:03,404 [Worker-0: Building] INFO  o.e.m.c.i.embedder.EclipseLogger - skip non existing resourceDirectory /home/igor/Desenvolvimento/Costumer/src/test/resources
2022-11-27 20:15:03,636 [Worker-0: Building] INFO  o.e.m.c.i.embedder.EclipseLogger - Using 'UTF-8' encoding to copy filtered resources.
2022-11-27 20:15:03,636 [Worker-0: Building] INFO  o.e.m.c.i.embedder.EclipseLogger - Using 'UTF-8' encoding to copy filtered properties files.
2022-11-27 20:15:03,637 [Worker-0: Building] INFO  o.e.m.c.i.embedder.EclipseLogger - Copying 1 resource
2022-11-27 20:15:03,637 [Worker-0: Building] INFO  o.e.m.c.i.embedder.EclipseLogger - Copying 0 resource
2022-11-27 20:15:03,638 [Worker-0: Building] INFO  o.e.m.c.i.embedder.EclipseLogger - Using 'UTF-8' encoding to copy filtered resources.
2022-11-27 20:15:03,638 [Worker-0: Building] INFO  o.e.m.c.i.embedder.EclipseLogger - Using 'UTF-8' encoding to copy filtered properties files.
2022-11-27 20:15:03,638 [Worker-0: Building] INFO  o.e.m.c.i.embedder.EclipseLogger - skip non existing resourceDirectory /home/igor/Desenvolvimento/igorfood-api/src/test/resources
2022-11-27 20:15:12,070 [Worker-19: Building] INFO  o.e.m.c.i.embedder.EclipseLogger - Using 'UTF-8' encoding to copy filtered resources.
2022-11-27 20:15:12,070 [Worker-19: Building] INFO  o.e.m.c.i.embedder.EclipseLogger - Using 'UTF-8' encoding to copy filtered properties files.
2022-11-27 20:15:12,070 [Worker-19: Building] INFO  o.e.m.c.i.embedder.EclipseLogger - Copying 1 resource
2022-11-27 20:15:12,071 [Worker-19: Building] INFO  o.e.m.c.i.embedder.EclipseLogger - Copying 0 resource
2022-11-27 20:15:12,073 [Worker-19: Building] INFO  o.e.m.c.i.embedder.EclipseLogger - Using 'UTF-8' encoding to copy filtered resources.
2022-11-27 20:15:12,074 [Worker-19: Building] INFO  o.e.m.c.i.embedder.EclipseLogger - Using 'UTF-8' encoding to copy filtered properties files.
2022-11-27 20:15:12,074 [Worker-19: Building] INFO  o.e.m.c.i.embedder.EclipseLogger - skip non existing resourceDirectory /home/igor/Desenvolvimento/Costumer/src/test/resources
2022-11-27 20:15:12,123 [Worker-19: Building] INFO  o.e.m.c.i.embedder.EclipseLogger - Using 'UTF-8' encoding to copy filtered resources.
2022-11-27 20:15:12,123 [Worker-19: Building] INFO  o.e.m.c.i.embedder.EclipseLogger - Using 'UTF-8' encoding to copy filtered properties files.
2022-11-27 20:15:12,123 [Worker-19: Building] INFO  o.e.m.c.i.embedder.EclipseLogger - Copying 1 resource
2022-11-27 20:15:12,124 [Worker-19: Building] INFO  o.e.m.c.i.embedder.EclipseLogger - Copying 0 resource
2022-11-27 20:15:12,126 [Worker-19: Building] INFO  o.e.m.c.i.embedder.EclipseLogger - Using 'UTF-8' encoding to copy filtered resources.
2022-11-27 20:15:12,126 [Worker-19: Building] INFO  o.e.m.c.i.embedder.EclipseLogger - Using 'UTF-8' encoding to copy filtered properties files.
2022-11-27 20:15:12,126 [Worker-19: Building] INFO  o.e.m.c.i.embedder.EclipseLogger - skip non existing resourceDirectory /home/igor/Desenvolvimento/igorfood-api/src/test/resources
2022-11-27 20:16:15,859 [Worker-19: Building] INFO  o.e.m.c.i.embedder.EclipseLogger - Using 'UTF-8' encoding to copy filtered resources.
2022-11-27 20:16:15,859 [Worker-19: Building] INFO  o.e.m.c.i.embedder.EclipseLogger - Using 'UTF-8' encoding to copy filtered properties files.
2022-11-27 20:16:15,861 [Worker-19: Building] INFO  o.e.m.c.i.embedder.EclipseLogger - Copying 1 resource
2022-11-27 20:16:15,863 [Worker-19: Building] INFO  o.e.m.c.i.embedder.EclipseLogger - Copying 0 resource
2022-11-27 20:16:15,864 [Worker-19: Building] INFO  o.e.m.c.i.embedder.EclipseLogger - Using 'UTF-8' encoding to copy filtered resources.
2022-11-27 20:16:15,864 [Worker-19: Building] INFO  o.e.m.c.i.embedder.EclipseLogger - Using 'UTF-8' encoding to copy filtered properties files.
2022-11-27 20:16:15,864 [Worker-19: Building] INFO  o.e.m.c.i.embedder.EclipseLogger - skip non existing resourceDirectory /home/igor/Desenvolvimento/igorfood-api/src/test/resources
2022-11-27 20:19:50,693 [Worker-19: Building] INFO  o.e.m.c.i.embedder.EclipseLogger - Using 'UTF-8' encoding to copy filtered resources.
2022-11-27 20:19:50,693 [Worker-19: Building] INFO  o.e.m.c.i.embedder.EclipseLogger - Using 'UTF-8' encoding to copy filtered properties files.
2022-11-27 20:19:50,693 [Worker-19: Building] INFO  o.e.m.c.i.embedder.EclipseLogger - Copying 1 resource
2022-11-27 20:19:50,695 [Worker-19: Building] INFO  o.e.m.c.i.embedder.EclipseLogger - Copying 0 resource
2022-11-27 20:19:50,696 [Worker-19: Building] INFO  o.e.m.c.i.embedder.EclipseLogger - Using 'UTF-8' encoding to copy filtered resources.
2022-11-27 20:19:50,696 [Worker-19: Building] INFO  o.e.m.c.i.embedder.EclipseLogger - Using 'UTF-8' encoding to copy filtered properties files.
2022-11-27 20:19:50,696 [Worker-19: Building] INFO  o.e.m.c.i.embedder.EclipseLogger - skip non existing resourceDirectory /home/igor/Desenvolvimento/igorfood-api/src/test/resources
2022-11-27 20:20:16,082 [Worker-30: Building] INFO  o.e.m.c.i.embedder.EclipseLogger - Using 'UTF-8' encoding to copy filtered resources.
2022-11-27 20:20:16,082 [Worker-30: Building] INFO  o.e.m.c.i.embedder.EclipseLogger - Using 'UTF-8' encoding to copy filtered properties files.
2022-11-27 20:20:16,082 [Worker-30: Building] INFO  o.e.m.c.i.embedder.EclipseLogger - Copying 1 resource
2022-11-27 20:20:16,096 [Worker-30: Building] INFO  o.e.m.c.i.embedder.EclipseLogger - Copying 0 resource
2022-11-27 20:20:16,098 [Worker-30: Building] INFO  o.e.m.c.i.embedder.EclipseLogger - Using 'UTF-8' encoding to copy filtered resources.
2022-11-27 20:20:16,099 [Worker-30: Building] INFO  o.e.m.c.i.embedder.EclipseLogger - Using 'UTF-8' encoding to copy filtered properties files.
2022-11-27 20:20:16,099 [Worker-30: Building] INFO  o.e.m.c.i.embedder.EclipseLogger - skip non existing resourceDirectory /home/igor/Desenvolvimento/igorfood-api/src/test/resources
2022-11-27 20:21:25,053 [Worker-6: Building] INFO  o.e.m.c.i.embedder.EclipseLogger - Using 'UTF-8' encoding to copy filtered resources.
2022-11-27 20:21:25,054 [Worker-6: Building] INFO  o.e.m.c.i.embedder.EclipseLogger - Using 'UTF-8' encoding to copy filtered properties files.
2022-11-27 20:21:25,054 [Worker-6: Building] INFO  o.e.m.c.i.embedder.EclipseLogger - Copying 1 resource
2022-11-27 20:21:25,055 [Worker-6: Building] INFO  o.e.m.c.i.embedder.EclipseLogger - Copying 0 resource
2022-11-27 20:21:25,057 [Worker-6: Building] INFO  o.e.m.c.i.embedder.EclipseLogger - Using 'UTF-8' encoding to copy filtered resources.
2022-11-27 20:21:25,057 [Worker-6: Building] INFO  o.e.m.c.i.embedder.EclipseLogger - Using 'UTF-8' encoding to copy filtered properties files.
2022-11-27 20:21:25,057 [Worker-6: Building] INFO  o.e.m.c.i.embedder.EclipseLogger - skip non existing resourceDirectory /home/igor/Desenvolvimento/igorfood-api/src/test/resources
2022-11-27 20:22:19,883 [Worker-19: Building] INFO  o.e.m.c.i.embedder.EclipseLogger - Using 'UTF-8' encoding to copy filtered resources.
2022-11-27 20:22:19,883 [Worker-19: Building] INFO  o.e.m.c.i.embedder.EclipseLogger - Using 'UTF-8' encoding to copy filtered properties files.
2022-11-27 20:22:19,883 [Worker-19: Building] INFO  o.e.m.c.i.embedder.EclipseLogger - Copying 1 resource
2022-11-27 20:22:19,893 [Worker-19: Building] INFO  o.e.m.c.i.embedder.EclipseLogger - Copying 0 resource
2022-11-27 20:22:19,895 [Worker-19: Building] INFO  o.e.m.c.i.embedder.EclipseLogger - Using 'UTF-8' encoding to copy filtered resources.
2022-11-27 20:22:19,895 [Worker-19: Building] INFO  o.e.m.c.i.embedder.EclipseLogger - Using 'UTF-8' encoding to copy filtered properties files.
2022-11-27 20:22:19,895 [Worker-19: Building] INFO  o.e.m.c.i.embedder.EclipseLogger - skip non existing resourceDirectory /home/igor/Desenvolvimento/igorfood-api/src/test/resources
2022-11-27 20:22:55,699 [Worker-30: Building] INFO  o.e.m.c.i.embedder.EclipseLogger - Using 'UTF-8' encoding to copy filtered resources.
2022-11-27 20:22:55,699 [Worker-30: Building] INFO  o.e.m.c.i.embedder.EclipseLogger - Using 'UTF-8' encoding to copy filtered properties files.
2022-11-27 20:22:55,700 [Worker-30: Building] INFO  o.e.m.c.i.embedder.EclipseLogger - Copying 1 resource
2022-11-27 20:22:55,705 [Worker-30: Building] INFO  o.e.m.c.i.embedder.EclipseLogger - Copying 0 resource
2022-11-27 20:22:55,706 [Worker-30: Building] INFO  o.e.m.c.i.embedder.EclipseLogger - Using 'UTF-8' encoding to copy filtered resources.
2022-11-27 20:22:55,706 [Worker-30: Building] INFO  o.e.m.c.i.embedder.EclipseLogger - Using 'UTF-8' encoding to copy filtered properties files.
2022-11-27 20:22:55,706 [Worker-30: Building] INFO  o.e.m.c.i.embedder.EclipseLogger - skip non existing resourceDirectory /home/igor/Desenvolvimento/igorfood-api/src/test/resources
2022-11-27 20:26:00,711 [Worker-29: Building] INFO  o.e.m.c.i.embedder.EclipseLogger - Using 'UTF-8' encoding to copy filtered resources.
2022-11-27 20:26:00,711 [Worker-29: Building] INFO  o.e.m.c.i.embedder.EclipseLogger - Using 'UTF-8' encoding to copy filtered properties files.
2022-11-27 20:26:00,711 [Worker-29: Building] INFO  o.e.m.c.i.embedder.EclipseLogger - Copying 1 resource
2022-11-27 20:26:00,713 [Worker-29: Building] INFO  o.e.m.c.i.embedder.EclipseLogger - Copying 0 resource
2022-11-27 20:26:00,714 [Worker-29: Building] INFO  o.e.m.c.i.embedder.EclipseLogger - Using 'UTF-8' encoding to copy filtered resources.
2022-11-27 20:26:00,714 [Worker-29: Building] INFO  o.e.m.c.i.embedder.EclipseLogger - Using 'UTF-8' encoding to copy filtered properties files.
2022-11-27 20:26:00,714 [Worker-29: Building] INFO  o.e.m.c.i.embedder.EclipseLogger - skip non existing resourceDirectory /home/igor/Desenvolvimento/igorfood-api/src/test/resources
2022-11-27 20:26:31,164 [Worker-29: Building] INFO  o.e.m.c.i.embedder.EclipseLogger - Using 'UTF-8' encoding to copy filtered resources.
2022-11-27 20:26:31,164 [Worker-29: Building] INFO  o.e.m.c.i.embedder.EclipseLogger - Using 'UTF-8' encoding to copy filtered properties files.
2022-11-27 20:26:31,164 [Worker-29: Building] INFO  o.e.m.c.i.embedder.EclipseLogger - Copying 1 resource
2022-11-27 20:26:31,169 [Worker-29: Building] INFO  o.e.m.c.i.embedder.EclipseLogger - Copying 0 resource
2022-11-27 20:26:31,171 [Worker-29: Building] INFO  o.e.m.c.i.embedder.EclipseLogger - Using 'UTF-8' encoding to copy filtered resources.
2022-11-27 20:26:31,171 [Worker-29: Building] INFO  o.e.m.c.i.embedder.EclipseLogger - Using 'UTF-8' encoding to copy filtered properties files.
2022-11-27 20:26:31,171 [Worker-29: Building] INFO  o.e.m.c.i.embedder.EclipseLogger - skip non existing resourceDirectory /home/igor/Desenvolvimento/igorfood-api/src/test/resources
2022-11-27 20:27:08,389 [Worker-6: Building] INFO  o.e.m.c.i.embedder.EclipseLogger - Using 'UTF-8' encoding to copy filtered resources.
2022-11-27 20:27:08,389 [Worker-6: Building] INFO  o.e.m.c.i.embedder.EclipseLogger - Using 'UTF-8' encoding to copy filtered properties files.
2022-11-27 20:27:08,389 [Worker-6: Building] INFO  o.e.m.c.i.embedder.EclipseLogger - Copying 1 resource
2022-11-27 20:27:08,390 [Worker-6: Building] INFO  o.e.m.c.i.embedder.EclipseLogger - Copying 0 resource
2022-11-27 20:27:08,391 [Worker-6: Building] INFO  o.e.m.c.i.embedder.EclipseLogger - Using 'UTF-8' encoding to copy filtered resources.
2022-11-27 20:27:08,391 [Worker-6: Building] INFO  o.e.m.c.i.embedder.EclipseLogger - Using 'UTF-8' encoding to copy filtered properties files.
2022-11-27 20:27:08,391 [Worker-6: Building] INFO  o.e.m.c.i.embedder.EclipseLogger - skip non existing resourceDirectory /home/igor/Desenvolvimento/igorfood-api/src/test/resources
2022-11-27 20:27:32,636 [Worker-33: Building] INFO  o.e.m.c.i.embedder.EclipseLogger - Using 'UTF-8' encoding to copy filtered resources.
2022-11-27 20:27:32,636 [Worker-33: Building] INFO  o.e.m.c.i.embedder.EclipseLogger - Using 'UTF-8' encoding to copy filtered properties files.
2022-11-27 20:27:32,636 [Worker-33: Building] INFO  o.e.m.c.i.embedder.EclipseLogger - Copying 1 resource
2022-11-27 20:27:32,642 [Worker-33: Building] INFO  o.e.m.c.i.embedder.EclipseLogger - Copying 0 resource
2022-11-27 20:27:32,644 [Worker-33: Building] INFO  o.e.m.c.i.embedder.EclipseLogger - Using 'UTF-8' encoding to copy filtered resources.
2022-11-27 20:27:32,644 [Worker-33: Building] INFO  o.e.m.c.i.embedder.EclipseLogger - Using 'UTF-8' encoding to copy filtered properties files.
2022-11-27 20:27:32,644 [Worker-33: Building] INFO  o.e.m.c.i.embedder.EclipseLogger - skip non existing resourceDirectory /home/igor/Desenvolvimento/igorfood-api/src/test/resources
2022-11-27 20:28:13,764 [Worker-33: Building] INFO  o.e.m.c.i.embedder.EclipseLogger - Using 'UTF-8' encoding to copy filtered resources.
2022-11-27 20:28:13,764 [Worker-33: Building] INFO  o.e.m.c.i.embedder.EclipseLogger - Using 'UTF-8' encoding to copy filtered properties files.
2022-11-27 20:28:13,765 [Worker-33: Building] INFO  o.e.m.c.i.embedder.EclipseLogger - Copying 1 resource
2022-11-27 20:28:13,766 [Worker-33: Building] INFO  o.e.m.c.i.embedder.EclipseLogger - Copying 0 resource
2022-11-27 20:28:13,767 [Worker-33: Building] INFO  o.e.m.c.i.embedder.EclipseLogger - Using 'UTF-8' encoding to copy filtered resources.
2022-11-27 20:28:13,767 [Worker-33: Building] INFO  o.e.m.c.i.embedder.EclipseLogger - Using 'UTF-8' encoding to copy filtered properties files.
2022-11-27 20:28:13,767 [Worker-33: Building] INFO  o.e.m.c.i.embedder.EclipseLogger - skip non existing resourceDirectory /home/igor/Desenvolvimento/igorfood-api/src/test/resources
2022-11-27 20:29:20,809 [Worker-6: Building] INFO  o.e.m.c.i.embedder.EclipseLogger - Using 'UTF-8' encoding to copy filtered resources.
2022-11-27 20:29:20,809 [Worker-6: Building] INFO  o.e.m.c.i.embedder.EclipseLogger - Using 'UTF-8' encoding to copy filtered properties files.
2022-11-27 20:29:20,810 [Worker-6: Building] INFO  o.e.m.c.i.embedder.EclipseLogger - Copying 1 resource
2022-11-27 20:29:20,812 [Worker-6: Building] INFO  o.e.m.c.i.embedder.EclipseLogger - Copying 0 resource
2022-11-27 20:29:20,814 [Worker-6: Building] INFO  o.e.m.c.i.embedder.EclipseLogger - Using 'UTF-8' encoding to copy filtered resources.
2022-11-27 20:29:20,814 [Worker-6: Building] INFO  o.e.m.c.i.embedder.EclipseLogger - Using 'UTF-8' encoding to copy filtered properties files.
2022-11-27 20:29:20,814 [Worker-6: Building] INFO  o.e.m.c.i.embedder.EclipseLogger - skip non existing resourceDirectory /home/igor/Desenvolvimento/igorfood-api/src/test/resources
2022-12-03 07:33:29,768 [Worker-0: Loading available Gradle versions] INFO  o.e.b.c.i.u.g.PublishedGradleVersions - Gradle version information cache is out-of-date. Trying to update.
2022-12-03 08:34:24,410 [Worker-31: Building] INFO  o.e.m.c.i.l.LifecycleMappingFactory - Using org.eclipse.m2e.jdt.JarLifecycleMapping lifecycle mapping for MavenProject: com.igor:kafka-example:0.0.1-SNAPSHOT @ /home/igor/Desenvolvimento/kafka-example/pom.xml.
2022-12-03 08:34:25,069 [Worker-31: Building] INFO  o.e.m.c.i.embedder.EclipseLogger - Using 'UTF-8' encoding to copy filtered resources.
2022-12-03 08:34:25,069 [Worker-31: Building] INFO  o.e.m.c.i.embedder.EclipseLogger - Using 'UTF-8' encoding to copy filtered properties files.
2022-12-03 08:34:25,071 [Worker-31: Building] INFO  o.e.m.c.i.embedder.EclipseLogger - Copying 1 resource
2022-12-03 08:34:25,084 [Worker-31: Building] INFO  o.e.m.c.i.embedder.EclipseLogger - Copying 0 resource
2022-12-03 08:34:25,087 [Worker-31: Building] INFO  o.e.m.c.i.embedder.EclipseLogger - Using 'UTF-8' encoding to copy filtered resources.
2022-12-03 08:34:25,087 [Worker-31: Building] INFO  o.e.m.c.i.embedder.EclipseLogger - Using 'UTF-8' encoding to copy filtered properties files.
2022-12-03 08:34:25,087 [Worker-31: Building] INFO  o.e.m.c.i.embedder.EclipseLogger - skip non existing resourceDirectory /home/igor/Desenvolvimento/kafka-example/src/test/resources
2022-12-03 08:34:26,394 [Worker-31: Building] INFO  o.e.m.c.i.embedder.EclipseLogger - Using 'UTF-8' encoding to copy filtered resources.
2022-12-03 08:34:26,394 [Worker-31: Building] INFO  o.e.m.c.i.embedder.EclipseLogger - Using 'UTF-8' encoding to copy filtered properties files.
2022-12-03 08:34:26,396 [Worker-31: Building] INFO  o.e.m.c.i.embedder.EclipseLogger - Copying 1 resource
2022-12-03 08:34:26,397 [Worker-31: Building] INFO  o.e.m.c.i.embedder.EclipseLogger - Copying 0 resource
2022-12-03 08:34:26,400 [Worker-31: Building] INFO  o.e.m.c.i.embedder.EclipseLogger - Using 'UTF-8' encoding to copy filtered resources.
2022-12-03 08:34:26,400 [Worker-31: Building] INFO  o.e.m.c.i.embedder.EclipseLogger - Using 'UTF-8' encoding to copy filtered properties files.
2022-12-03 08:34:26,400 [Worker-31: Building] INFO  o.e.m.c.i.embedder.EclipseLogger - skip non existing resourceDirectory /home/igor/Desenvolvimento/kafka-example/src/test/resources
2022-12-03 10:39:27,513 [Worker-40: Building] INFO  o.e.m.c.i.embedder.EclipseLogger - Using 'UTF-8' encoding to copy filtered resources.
2022-12-03 10:39:27,513 [Worker-40: Building] INFO  o.e.m.c.i.embedder.EclipseLogger - Using 'UTF-8' encoding to copy filtered properties files.
2022-12-03 10:39:27,513 [Worker-40: Building] INFO  o.e.m.c.i.embedder.EclipseLogger - skip non existing resourceDirectory /home/igor/Desenvolvimento/kafka-example/src/main/resources
2022-12-03 10:39:27,513 [Worker-40: Building] INFO  o.e.m.c.i.embedder.EclipseLogger - skip non existing resourceDirectory /home/igor/Desenvolvimento/kafka-example/src/main/resources
2022-12-03 10:39:27,514 [Worker-40: Building] INFO  o.e.m.c.i.embedder.EclipseLogger - Using 'UTF-8' encoding to copy filtered resources.
2022-12-03 10:39:27,514 [Worker-40: Building] INFO  o.e.m.c.i.embedder.EclipseLogger - Using 'UTF-8' encoding to copy filtered properties files.
2022-12-03 10:39:27,514 [Worker-40: Building] INFO  o.e.m.c.i.embedder.EclipseLogger - skip non existing resourceDirectory /home/igor/Desenvolvimento/kafka-example/src/test/resources
2022-12-03 10:45:27,614 [Worker-42: Importing Maven projects] INFO  o.e.m.c.i.e.AbstractTransferListenerAdapter - Downloading https://repo.maven.apache.org/maven2/org/springframework/boot/spring-boot-starter-parent/3.0.0/spring-boot-starter-parent-3.0.0.pom
2022-12-03 10:45:27,863 [Worker-42: Importing Maven projects] INFO  o.e.m.c.i.e.AbstractTransferListenerAdapter - Downloaded https://repo.maven.apache.org/maven2/org/springframework/boot/spring-boot-starter-parent/3.0.0/spring-boot-starter-parent-3.0.0.pom
2022-12-03 10:45:27,992 [Worker-42: Importing Maven projects] INFO  o.e.m.c.i.e.AbstractTransferListenerAdapter - Downloading https://repo.maven.apache.org/maven2/org/springframework/boot/spring-boot-dependencies/3.0.0/spring-boot-dependencies-3.0.0.pom
2022-12-03 10:45:28,317 [Worker-42: Importing Maven projects] INFO  o.e.m.c.i.e.AbstractTransferListenerAdapter - Downloaded https://repo.maven.apache.org/maven2/org/springframework/boot/spring-boot-dependencies/3.0.0/spring-boot-dependencies-3.0.0.pom
2022-12-03 10:45:28,449 [Worker-42: Importing Maven projects] INFO  o.e.m.c.i.e.AbstractTransferListenerAdapter - Downloading https://repo.maven.apache.org/maven2/io/zipkin/brave/brave-bom/5.14.1/brave-bom-5.14.1.pom
2022-12-03 10:45:28,579 [Worker-42: Importing Maven projects] INFO  o.e.m.c.i.e.AbstractTransferListenerAdapter - Downloaded https://repo.maven.apache.org/maven2/io/zipkin/brave/brave-bom/5.14.1/brave-bom-5.14.1.pom
2022-12-03 10:45:28,710 [Worker-42: Importing Maven projects] INFO  o.e.m.c.i.e.AbstractTransferListenerAdapter - Downloading https://repo.maven.apache.org/maven2/io/zipkin/reporter2/zipkin-reporter-bom/2.16.3/zipkin-reporter-bom-2.16.3.pom
2022-12-03 10:45:28,836 [Worker-42: Importing Maven projects] INFO  o.e.m.c.i.e.AbstractTransferListenerAdapter - Downloaded https://repo.maven.apache.org/maven2/io/zipkin/reporter2/zipkin-reporter-bom/2.16.3/zipkin-reporter-bom-2.16.3.pom
2022-12-03 10:45:28,961 [Worker-42: Importing Maven projects] INFO  o.e.m.c.i.e.AbstractTransferListenerAdapter - Downloading https://repo.maven.apache.org/maven2/com/datastax/oss/java-driver-bom/4.15.0/java-driver-bom-4.15.0.pom
2022-12-03 10:45:29,083 [Worker-42: Importing Maven projects] INFO  o.e.m.c.i.e.AbstractTransferListenerAdapter - Downloaded https://repo.maven.apache.org/maven2/com/datastax/oss/java-driver-bom/4.15.0/java-driver-bom-4.15.0.pom
2022-12-03 10:45:29,212 [Worker-42: Importing Maven projects] INFO  o.e.m.c.i.e.AbstractTransferListenerAdapter - Downloading https://repo.maven.apache.org/maven2/io/dropwizard/metrics/metrics-bom/4.2.13/metrics-bom-4.2.13.pom
2022-12-03 10:45:29,342 [Worker-42: Importing Maven projects] INFO  o.e.m.c.i.e.AbstractTransferListenerAdapter - Downloaded https://repo.maven.apache.org/maven2/io/dropwizard/metrics/metrics-bom/4.2.13/metrics-bom-4.2.13.pom
2022-12-03 10:45:29,467 [Worker-42: Importing Maven projects] INFO  o.e.m.c.i.e.AbstractTransferListenerAdapter - Downloading https://repo.maven.apache.org/maven2/io/dropwizard/metrics/metrics-parent/4.2.13/metrics-parent-4.2.13.pom
2022-12-03 10:45:29,599 [Worker-42: Importing Maven projects] INFO  o.e.m.c.i.e.AbstractTransferListenerAdapter - Downloaded https://repo.maven.apache.org/maven2/io/dropwizard/metrics/metrics-parent/4.2.13/metrics-parent-4.2.13.pom
2022-12-03 10:45:29,731 [Worker-42: Importing Maven projects] INFO  o.e.m.c.i.e.AbstractTransferListenerAdapter - Downloading https://repo.maven.apache.org/maven2/org/glassfish/jaxb/jaxb-bom/4.0.1/jaxb-bom-4.0.1.pom
2022-12-03 10:45:29,854 [Worker-42: Importing Maven projects] INFO  o.e.m.c.i.e.AbstractTransferListenerAdapter - Downloaded https://repo.maven.apache.org/maven2/org/glassfish/jaxb/jaxb-bom/4.0.1/jaxb-bom-4.0.1.pom
2022-12-03 10:45:29,977 [Worker-42: Importing Maven projects] INFO  o.e.m.c.i.e.AbstractTransferListenerAdapter - Downloading https://repo.maven.apache.org/maven2/org/apache/groovy/groovy-bom/4.0.6/groovy-bom-4.0.6.pom
2022-12-03 10:45:30,115 [Worker-42: Importing Maven projects] INFO  o.e.m.c.i.e.AbstractTransferListenerAdapter - Downloaded https://repo.maven.apache.org/maven2/org/apache/groovy/groovy-bom/4.0.6/groovy-bom-4.0.6.pom
2022-12-03 10:45:30,245 [Worker-42: Importing Maven projects] INFO  o.e.m.c.i.e.AbstractTransferListenerAdapter - Downloading https://repo.maven.apache.org/maven2/org/infinispan/infinispan-bom/14.0.2.Final/infinispan-bom-14.0.2.Final.pom
2022-12-03 10:45:30,376 [Worker-42: Importing Maven projects] INFO  o.e.m.c.i.e.AbstractTransferListenerAdapter - Downloaded https://repo.maven.apache.org/maven2/org/infinispan/infinispan-bom/14.0.2.Final/infinispan-bom-14.0.2.Final.pom
2022-12-03 10:45:30,501 [Worker-42: Importing Maven projects] INFO  o.e.m.c.i.e.AbstractTransferListenerAdapter - Downloading https://repo.maven.apache.org/maven2/org/infinispan/infinispan-build-configuration-parent/14.0.2.Final/infinispan-build-configuration-parent-14.0.2.Final.pom
2022-12-03 10:45:30,634 [Worker-42: Importing Maven projects] INFO  o.e.m.c.i.e.AbstractTransferListenerAdapter - Downloaded https://repo.maven.apache.org/maven2/org/infinispan/infinispan-build-configuration-parent/14.0.2.Final/infinispan-build-configuration-parent-14.0.2.Final.pom
2022-12-03 10:45:30,769 [Worker-42: Importing Maven projects] INFO  o.e.m.c.i.e.AbstractTransferListenerAdapter - Downloading https://repo.maven.apache.org/maven2/com/fasterxml/jackson/jackson-bom/2.14.1/jackson-bom-2.14.1.pom
2022-12-03 10:45:30,898 [Worker-42: Importing Maven projects] INFO  o.e.m.c.i.e.AbstractTransferListenerAdapter - Downloaded https://repo.maven.apache.org/maven2/com/fasterxml/jackson/jackson-bom/2.14.1/jackson-bom-2.14.1.pom
2022-12-03 10:45:31,031 [Worker-42: Importing Maven projects] INFO  o.e.m.c.i.e.AbstractTransferListenerAdapter - Downloading https://repo.maven.apache.org/maven2/com/fasterxml/jackson/jackson-parent/2.14/jackson-parent-2.14.pom
2022-12-03 10:45:31,154 [Worker-42: Importing Maven projects] INFO  o.e.m.c.i.e.AbstractTransferListenerAdapter - Downloaded https://repo.maven.apache.org/maven2/com/fasterxml/jackson/jackson-parent/2.14/jackson-parent-2.14.pom
2022-12-03 10:45:31,281 [Worker-42: Importing Maven projects] INFO  o.e.m.c.i.e.AbstractTransferListenerAdapter - Downloading https://repo.maven.apache.org/maven2/com/fasterxml/oss-parent/48/oss-parent-48.pom
2022-12-03 10:45:31,414 [Worker-42: Importing Maven projects] INFO  o.e.m.c.i.e.AbstractTransferListenerAdapter - Downloaded https://repo.maven.apache.org/maven2/com/fasterxml/oss-parent/48/oss-parent-48.pom
2022-12-03 10:45:31,545 [Worker-42: Importing Maven projects] INFO  o.e.m.c.i.e.AbstractTransferListenerAdapter - Downloading https://repo.maven.apache.org/maven2/org/glassfish/jersey/jersey-bom/3.1.0/jersey-bom-3.1.0.pom
2022-12-03 10:45:31,670 [Worker-42: Importing Maven projects] INFO  o.e.m.c.i.e.AbstractTransferListenerAdapter - Downloaded https://repo.maven.apache.org/maven2/org/glassfish/jersey/jersey-bom/3.1.0/jersey-bom-3.1.0.pom
2022-12-03 10:45:31,794 [Worker-42: Importing Maven projects] INFO  o.e.m.c.i.e.AbstractTransferListenerAdapter - Downloading https://repo.maven.apache.org/maven2/org/eclipse/jetty/jetty-bom/11.0.12/jetty-bom-11.0.12.pom
2022-12-03 10:45:31,925 [Worker-42: Importing Maven projects] INFO  o.e.m.c.i.e.AbstractTransferListenerAdapter - Downloaded https://repo.maven.apache.org/maven2/org/eclipse/jetty/jetty-bom/11.0.12/jetty-bom-11.0.12.pom
2022-12-03 10:45:32,052 [Worker-42: Importing Maven projects] INFO  o.e.m.c.i.e.AbstractTransferListenerAdapter - Downloading https://repo.maven.apache.org/maven2/org/junit/junit-bom/5.9.1/junit-bom-5.9.1.pom
2022-12-03 10:45:32,176 [Worker-42: Importing Maven projects] INFO  o.e.m.c.i.e.AbstractTransferListenerAdapter - Downloaded https://repo.maven.apache.org/maven2/org/junit/junit-bom/5.9.1/junit-bom-5.9.1.pom
2022-12-03 10:45:32,299 [Worker-42: Importing Maven projects] INFO  o.e.m.c.i.e.AbstractTransferListenerAdapter - Downloading https://repo.maven.apache.org/maven2/org/jetbrains/kotlin/kotlin-bom/1.7.21/kotlin-bom-1.7.21.pom
2022-12-03 10:45:32,431 [Worker-42: Importing Maven projects] INFO  o.e.m.c.i.e.AbstractTransferListenerAdapter - Downloaded https://repo.maven.apache.org/maven2/org/jetbrains/kotlin/kotlin-bom/1.7.21/kotlin-bom-1.7.21.pom
2022-12-03 10:45:32,556 [Worker-42: Importing Maven projects] INFO  o.e.m.c.i.e.AbstractTransferListenerAdapter - Downloading https://repo.maven.apache.org/maven2/org/apache/logging/log4j/log4j-bom/2.19.0/log4j-bom-2.19.0.pom
2022-12-03 10:45:32,683 [Worker-42: Importing Maven projects] INFO  o.e.m.c.i.e.AbstractTransferListenerAdapter - Downloaded https://repo.maven.apache.org/maven2/org/apache/logging/log4j/log4j-bom/2.19.0/log4j-bom-2.19.0.pom
2022-12-03 10:45:32,814 [Worker-42: Importing Maven projects] INFO  o.e.m.c.i.e.AbstractTransferListenerAdapter - Downloading https://repo.maven.apache.org/maven2/io/micrometer/micrometer-bom/1.10.2/micrometer-bom-1.10.2.pom
2022-12-03 10:45:32,941 [Worker-42: Importing Maven projects] INFO  o.e.m.c.i.e.AbstractTransferListenerAdapter - Downloaded https://repo.maven.apache.org/maven2/io/micrometer/micrometer-bom/1.10.2/micrometer-bom-1.10.2.pom
2022-12-03 10:45:33,070 [Worker-42: Importing Maven projects] INFO  o.e.m.c.i.e.AbstractTransferListenerAdapter - Downloading https://repo.maven.apache.org/maven2/io/micrometer/micrometer-tracing-bom/1.0.0/micrometer-tracing-bom-1.0.0.pom
2022-12-03 10:45:33,198 [Worker-42: Importing Maven projects] INFO  o.e.m.c.i.e.AbstractTransferListenerAdapter - Downloaded https://repo.maven.apache.org/maven2/io/micrometer/micrometer-tracing-bom/1.0.0/micrometer-tracing-bom-1.0.0.pom
2022-12-03 10:45:33,331 [Worker-42: Importing Maven projects] INFO  o.e.m.c.i.e.AbstractTransferListenerAdapter - Downloading https://repo.maven.apache.org/maven2/io/micrometer/micrometer-bom/1.10.0/micrometer-bom-1.10.0.pom
2022-12-03 10:45:33,453 [Worker-42: Importing Maven projects] INFO  o.e.m.c.i.e.AbstractTransferListenerAdapter - Downloaded https://repo.maven.apache.org/maven2/io/micrometer/micrometer-bom/1.10.0/micrometer-bom-1.10.0.pom
2022-12-03 10:45:33,579 [Worker-42: Importing Maven projects] INFO  o.e.m.c.i.e.AbstractTransferListenerAdapter - Downloading https://repo.maven.apache.org/maven2/org/mockito/mockito-bom/4.8.1/mockito-bom-4.8.1.pom
2022-12-03 10:45:33,705 [Worker-42: Importing Maven projects] INFO  o.e.m.c.i.e.AbstractTransferListenerAdapter - Downloaded https://repo.maven.apache.org/maven2/org/mockito/mockito-bom/4.8.1/mockito-bom-4.8.1.pom
2022-12-03 10:45:33,831 [Worker-42: Importing Maven projects] INFO  o.e.m.c.i.e.AbstractTransferListenerAdapter - Downloading https://repo.maven.apache.org/maven2/io/netty/netty-bom/4.1.85.Final/netty-bom-4.1.85.Final.pom
2022-12-03 10:45:33,957 [Worker-42: Importing Maven projects] INFO  o.e.m.c.i.e.AbstractTransferListenerAdapter - Downloaded https://repo.maven.apache.org/maven2/io/netty/netty-bom/4.1.85.Final/netty-bom-4.1.85.Final.pom
2022-12-03 10:45:34,082 [Worker-42: Importing Maven projects] INFO  o.e.m.c.i.e.AbstractTransferListenerAdapter - Downloading https://repo.maven.apache.org/maven2/com/squareup/okhttp3/okhttp-bom/4.10.0/okhttp-bom-4.10.0.pom
2022-12-03 10:45:34,209 [Worker-42: Importing Maven projects] INFO  o.e.m.c.i.e.AbstractTransferListenerAdapter - Downloaded https://repo.maven.apache.org/maven2/com/squareup/okhttp3/okhttp-bom/4.10.0/okhttp-bom-4.10.0.pom
2022-12-03 10:45:34,337 [Worker-42: Importing Maven projects] INFO  o.e.m.c.i.e.AbstractTransferListenerAdapter - Downloading https://repo.maven.apache.org/maven2/io/opentelemetry/opentelemetry-bom/1.19.0/opentelemetry-bom-1.19.0.pom
2022-12-03 10:45:34,462 [Worker-42: Importing Maven projects] INFO  o.e.m.c.i.e.AbstractTransferListenerAdapter - Downloaded https://repo.maven.apache.org/maven2/io/opentelemetry/opentelemetry-bom/1.19.0/opentelemetry-bom-1.19.0.pom
2022-12-03 10:45:34,595 [Worker-42: Importing Maven projects] INFO  o.e.m.c.i.e.AbstractTransferListenerAdapter - Downloading https://repo.maven.apache.org/maven2/com/oracle/database/jdbc/ojdbc-bom/21.7.0.0/ojdbc-bom-21.7.0.0.pom
2022-12-03 10:45:34,717 [Worker-42: Importing Maven projects] INFO  o.e.m.c.i.e.AbstractTransferListenerAdapter - Downloaded https://repo.maven.apache.org/maven2/com/oracle/database/jdbc/ojdbc-bom/21.7.0.0/ojdbc-bom-21.7.0.0.pom
2022-12-03 10:45:34,847 [Worker-42: Importing Maven projects] INFO  o.e.m.c.i.e.AbstractTransferListenerAdapter - Downloading https://repo.maven.apache.org/maven2/io/prometheus/simpleclient_bom/0.16.0/simpleclient_bom-0.16.0.pom
2022-12-03 10:45:34,969 [Worker-42: Importing Maven projects] INFO  o.e.m.c.i.e.AbstractTransferListenerAdapter - Downloaded https://repo.maven.apache.org/maven2/io/prometheus/simpleclient_bom/0.16.0/simpleclient_bom-0.16.0.pom
2022-12-03 10:45:35,100 [Worker-42: Importing Maven projects] INFO  o.e.m.c.i.e.AbstractTransferListenerAdapter - Downloading https://repo.maven.apache.org/maven2/io/prometheus/parent/0.16.0/parent-0.16.0.pom
2022-12-03 10:45:35,224 [Worker-42: Importing Maven projects] INFO  o.e.m.c.i.e.AbstractTransferListenerAdapter - Downloaded https://repo.maven.apache.org/maven2/io/prometheus/parent/0.16.0/parent-0.16.0.pom
2022-12-03 10:45:35,353 [Worker-42: Importing Maven projects] INFO  o.e.m.c.i.e.AbstractTransferListenerAdapter - Downloading https://repo.maven.apache.org/maven2/io/projectreactor/reactor-bom/2022.0.0/reactor-bom-2022.0.0.pom
2022-12-03 10:45:35,479 [Worker-42: Importing Maven projects] INFO  o.e.m.c.i.e.AbstractTransferListenerAdapter - Downloaded https://repo.maven.apache.org/maven2/io/projectreactor/reactor-bom/2022.0.0/reactor-bom-2022.0.0.pom
2022-12-03 10:45:35,609 [Worker-42: Importing Maven projects] INFO  o.e.m.c.i.e.AbstractTransferListenerAdapter - Downloading https://repo.maven.apache.org/maven2/io/rest-assured/rest-assured-bom/5.2.1/rest-assured-bom-5.2.1.pom
2022-12-03 10:45:35,731 [Worker-42: Importing Maven projects] INFO  o.e.m.c.i.e.AbstractTransferListenerAdapter - Downloaded https://repo.maven.apache.org/maven2/io/rest-assured/rest-assured-bom/5.2.1/rest-assured-bom-5.2.1.pom
2022-12-03 10:45:35,854 [Worker-42: Importing Maven projects] INFO  o.e.m.c.i.e.AbstractTransferListenerAdapter - Downloading https://repo.maven.apache.org/maven2/org/springframework/batch/spring-batch-bom/5.0.0/spring-batch-bom-5.0.0.pom
2022-12-03 10:45:35,975 [Worker-42: Importing Maven projects] INFO  o.e.m.c.i.e.AbstractTransferListenerAdapter - Downloaded https://repo.maven.apache.org/maven2/org/springframework/batch/spring-batch-bom/5.0.0/spring-batch-bom-5.0.0.pom
2022-12-03 10:45:36,101 [Worker-42: Importing Maven projects] INFO  o.e.m.c.i.e.AbstractTransferListenerAdapter - Downloading https://repo.maven.apache.org/maven2/org/springframework/data/spring-data-bom/2022.0.0/spring-data-bom-2022.0.0.pom
2022-12-03 10:45:36,225 [Worker-42: Importing Maven projects] INFO  o.e.m.c.i.e.AbstractTransferListenerAdapter - Downloaded https://repo.maven.apache.org/maven2/org/springframework/data/spring-data-bom/2022.0.0/spring-data-bom-2022.0.0.pom
2022-12-03 10:45:36,357 [Worker-42: Importing Maven projects] INFO  o.e.m.c.i.e.AbstractTransferListenerAdapter - Downloading https://repo.maven.apache.org/maven2/org/springframework/spring-framework-bom/6.0.2/spring-framework-bom-6.0.2.pom
2022-12-03 10:45:36,479 [Worker-42: Importing Maven projects] INFO  o.e.m.c.i.e.AbstractTransferListenerAdapter - Downloaded https://repo.maven.apache.org/maven2/org/springframework/spring-framework-bom/6.0.2/spring-framework-bom-6.0.2.pom
2022-12-03 10:45:36,606 [Worker-42: Importing Maven projects] INFO  o.e.m.c.i.e.AbstractTransferListenerAdapter - Downloading https://repo.maven.apache.org/maven2/org/springframework/integration/spring-integration-bom/6.0.0/spring-integration-bom-6.0.0.pom
2022-12-03 10:45:36,737 [Worker-42: Importing Maven projects] INFO  o.e.m.c.i.e.AbstractTransferListenerAdapter - Downloaded https://repo.maven.apache.org/maven2/org/springframework/integration/spring-integration-bom/6.0.0/spring-integration-bom-6.0.0.pom
2022-12-03 10:45:36,864 [Worker-42: Importing Maven projects] INFO  o.e.m.c.i.e.AbstractTransferListenerAdapter - Downloading https://repo.maven.apache.org/maven2/org/springframework/restdocs/spring-restdocs-bom/3.0.0/spring-restdocs-bom-3.0.0.pom
2022-12-03 10:45:36,998 [Worker-42: Importing Maven projects] INFO  o.e.m.c.i.e.AbstractTransferListenerAdapter - Downloaded https://repo.maven.apache.org/maven2/org/springframework/restdocs/spring-restdocs-bom/3.0.0/spring-restdocs-bom-3.0.0.pom
2022-12-03 10:45:37,130 [Worker-42: Importing Maven projects] INFO  o.e.m.c.i.e.AbstractTransferListenerAdapter - Downloading https://repo.maven.apache.org/maven2/org/springframework/security/spring-security-bom/6.0.0/spring-security-bom-6.0.0.pom
2022-12-03 10:45:37,253 [Worker-42: Importing Maven projects] INFO  o.e.m.c.i.e.AbstractTransferListenerAdapter - Downloaded https://repo.maven.apache.org/maven2/org/springframework/security/spring-security-bom/6.0.0/spring-security-bom-6.0.0.pom
2022-12-03 10:45:37,384 [Worker-42: Importing Maven projects] INFO  o.e.m.c.i.e.AbstractTransferListenerAdapter - Downloading https://repo.maven.apache.org/maven2/org/springframework/session/spring-session-bom/3.0.0/spring-session-bom-3.0.0.pom
2022-12-03 10:45:37,506 [Worker-42: Importing Maven projects] INFO  o.e.m.c.i.e.AbstractTransferListenerAdapter - Downloaded https://repo.maven.apache.org/maven2/org/springframework/session/spring-session-bom/3.0.0/spring-session-bom-3.0.0.pom
2022-12-03 10:45:38,559 [Worker-42: Importing Maven projects] INFO  o.e.m.c.i.e.AbstractTransferListenerAdapter - Downloading https://repo.maven.apache.org/maven2/org/springframework/boot/spring-boot-maven-plugin/3.0.0/spring-boot-maven-plugin-3.0.0.pom
2022-12-03 10:45:38,809 [Worker-42: Importing Maven projects] INFO  o.e.m.c.i.e.AbstractTransferListenerAdapter - Downloaded https://repo.maven.apache.org/maven2/org/springframework/boot/spring-boot-maven-plugin/3.0.0/spring-boot-maven-plugin-3.0.0.pom
2022-12-03 10:45:38,937 [Worker-42: Importing Maven projects] INFO  o.e.m.c.i.e.AbstractTransferListenerAdapter - Downloading https://repo.maven.apache.org/maven2/org/springframework/boot/spring-boot-maven-plugin/3.0.0/spring-boot-maven-plugin-3.0.0.jar
2022-12-03 10:45:39,356 [Worker-42: Importing Maven projects] INFO  o.e.m.c.i.e.AbstractTransferListenerAdapter - Downloaded https://repo.maven.apache.org/maven2/org/springframework/boot/spring-boot-maven-plugin/3.0.0/spring-boot-maven-plugin-3.0.0.jar
2022-12-03 10:45:39,571 [Worker-42: Importing Maven projects] INFO  o.e.m.c.i.e.AbstractTransferListenerAdapter - Downloading https://repo.maven.apache.org/maven2/org/apache/maven/plugins/maven-resources-plugin/3.3.0/maven-resources-plugin-3.3.0.jar
2022-12-03 10:45:39,711 [Worker-42: Importing Maven projects] INFO  o.e.m.c.i.e.AbstractTransferListenerAdapter - Downloaded https://repo.maven.apache.org/maven2/org/apache/maven/plugins/maven-resources-plugin/3.3.0/maven-resources-plugin-3.3.0.jar
2022-12-03 10:45:39,942 [Worker-42: Importing Maven projects] INFO  o.e.m.c.i.e.AbstractTransferListenerAdapter - Downloading https://repo.maven.apache.org/maven2/org/apache/maven/plugins/maven-jar-plugin/3.3.0/maven-jar-plugin-3.3.0.jar
2022-12-03 10:45:40,075 [Worker-42: Importing Maven projects] INFO  o.e.m.c.i.e.AbstractTransferListenerAdapter - Downloaded https://repo.maven.apache.org/maven2/org/apache/maven/plugins/maven-jar-plugin/3.3.0/maven-jar-plugin-3.3.0.jar
2022-12-03 10:45:40,313 [Worker-42: Importing Maven projects] INFO  o.e.m.c.i.e.AbstractTransferListenerAdapter - Downloading https://repo.maven.apache.org/maven2/org/apache/maven/plugins/maven-install-plugin/3.0.1/maven-install-plugin-3.0.1.jar
2022-12-03 10:45:40,470 [Worker-42: Importing Maven projects] INFO  o.e.m.c.i.e.AbstractTransferListenerAdapter - Downloaded https://repo.maven.apache.org/maven2/org/apache/maven/plugins/maven-install-plugin/3.0.1/maven-install-plugin-3.0.1.jar
2022-12-03 10:45:40,711 [Worker-42: Importing Maven projects] INFO  o.e.m.c.i.e.AbstractTransferListenerAdapter - Downloading https://repo.maven.apache.org/maven2/org/apache/maven/plugins/maven-deploy-plugin/3.0.0/maven-deploy-plugin-3.0.0.jar
2022-12-03 10:45:40,859 [Worker-42: Importing Maven projects] INFO  o.e.m.c.i.e.AbstractTransferListenerAdapter - Downloaded https://repo.maven.apache.org/maven2/org/apache/maven/plugins/maven-deploy-plugin/3.0.0/maven-deploy-plugin-3.0.0.jar
2022-12-03 10:45:40,988 [Worker-42: Importing Maven projects] INFO  o.e.m.c.i.l.LifecycleMappingFactory - Using org.eclipse.m2e.jdt.JarLifecycleMapping lifecycle mapping for MavenProject: com.producer:Producer:0.0.1-SNAPSHOT @ /home/igor/Desenvolvimento/kafka-example/Producer/pom.xml.
2022-12-03 10:45:41,124 [Worker-42: Importing Maven projects] INFO  o.e.m.c.i.e.AbstractTransferListenerAdapter - Downloading https://repo.maven.apache.org/maven2/org/springframework/boot/spring-boot-starter-data-jpa/3.0.0/spring-boot-starter-data-jpa-3.0.0.pom
2022-12-03 10:45:41,245 [Worker-42: Importing Maven projects] INFO  o.e.m.c.i.e.AbstractTransferListenerAdapter - Downloaded https://repo.maven.apache.org/maven2/org/springframework/boot/spring-boot-starter-data-jpa/3.0.0/spring-boot-starter-data-jpa-3.0.0.pom
2022-12-03 10:45:41,369 [Worker-42: Importing Maven projects] INFO  o.e.m.c.i.e.AbstractTransferListenerAdapter - Downloading https://repo.maven.apache.org/maven2/org/springframework/boot/spring-boot-starter-aop/3.0.0/spring-boot-starter-aop-3.0.0.pom
2022-12-03 10:45:41,496 [Worker-42: Importing Maven projects] INFO  o.e.m.c.i.e.AbstractTransferListenerAdapter - Downloaded https://repo.maven.apache.org/maven2/org/springframework/boot/spring-boot-starter-aop/3.0.0/spring-boot-starter-aop-3.0.0.pom
2022-12-03 10:45:41,624 [Worker-42: Importing Maven projects] INFO  o.e.m.c.i.e.AbstractTransferListenerAdapter - Downloading https://repo.maven.apache.org/maven2/org/springframework/boot/spring-boot-starter/3.0.0/spring-boot-starter-3.0.0.pom
2022-12-03 10:45:41,747 [Worker-42: Importing Maven projects] INFO  o.e.m.c.i.e.AbstractTransferListenerAdapter - Downloaded https://repo.maven.apache.org/maven2/org/springframework/boot/spring-boot-starter/3.0.0/spring-boot-starter-3.0.0.pom
2022-12-03 10:45:41,875 [Worker-42: Importing Maven projects] INFO  o.e.m.c.i.e.AbstractTransferListenerAdapter - Downloading https://repo.maven.apache.org/maven2/org/springframework/boot/spring-boot/3.0.0/spring-boot-3.0.0.pom
2022-12-03 10:45:42,000 [Worker-42: Importing Maven projects] INFO  o.e.m.c.i.e.AbstractTransferListenerAdapter - Downloaded https://repo.maven.apache.org/maven2/org/springframework/boot/spring-boot/3.0.0/spring-boot-3.0.0.pom
2022-12-03 10:45:42,127 [Worker-42: Importing Maven projects] INFO  o.e.m.c.i.e.AbstractTransferListenerAdapter - Downloading https://repo.maven.apache.org/maven2/org/springframework/spring-core/6.0.2/spring-core-6.0.2.pom
2022-12-03 10:45:42,248 [Worker-42: Importing Maven projects] INFO  o.e.m.c.i.e.AbstractTransferListenerAdapter - Downloaded https://repo.maven.apache.org/maven2/org/springframework/spring-core/6.0.2/spring-core-6.0.2.pom
2022-12-03 10:45:42,376 [Worker-42: Importing Maven projects] INFO  o.e.m.c.i.e.AbstractTransferListenerAdapter - Downloading https://repo.maven.apache.org/maven2/org/springframework/spring-jcl/6.0.2/spring-jcl-6.0.2.pom
2022-12-03 10:45:42,504 [Worker-42: Importing Maven projects] INFO  o.e.m.c.i.e.AbstractTransferListenerAdapter - Downloaded https://repo.maven.apache.org/maven2/org/springframework/spring-jcl/6.0.2/spring-jcl-6.0.2.pom
2022-12-03 10:45:42,628 [Worker-42: Importing Maven projects] INFO  o.e.m.c.i.e.AbstractTransferListenerAdapter - Downloading https://repo.maven.apache.org/maven2/org/springframework/spring-context/6.0.2/spring-context-6.0.2.pom
2022-12-03 10:45:42,750 [Worker-42: Importing Maven projects] INFO  o.e.m.c.i.e.AbstractTransferListenerAdapter - Downloaded https://repo.maven.apache.org/maven2/org/springframework/spring-context/6.0.2/spring-context-6.0.2.pom
2022-12-03 10:45:42,888 [Worker-42: Importing Maven projects] INFO  o.e.m.c.i.e.AbstractTransferListenerAdapter - Downloading https://repo.maven.apache.org/maven2/org/springframework/spring-aop/6.0.2/spring-aop-6.0.2.pom
2022-12-03 10:45:43,009 [Worker-42: Importing Maven projects] INFO  o.e.m.c.i.e.AbstractTransferListenerAdapter - Downloaded https://repo.maven.apache.org/maven2/org/springframework/spring-aop/6.0.2/spring-aop-6.0.2.pom
2022-12-03 10:45:43,132 [Worker-42: Importing Maven projects] INFO  o.e.m.c.i.e.AbstractTransferListenerAdapter - Downloading https://repo.maven.apache.org/maven2/org/springframework/spring-beans/6.0.2/spring-beans-6.0.2.pom
2022-12-03 10:45:43,261 [Worker-42: Importing Maven projects] INFO  o.e.m.c.i.e.AbstractTransferListenerAdapter - Downloaded https://repo.maven.apache.org/maven2/org/springframework/spring-beans/6.0.2/spring-beans-6.0.2.pom
2022-12-03 10:45:43,394 [Worker-42: Importing Maven projects] INFO  o.e.m.c.i.e.AbstractTransferListenerAdapter - Downloading https://repo.maven.apache.org/maven2/org/springframework/spring-expression/6.0.2/spring-expression-6.0.2.pom
2022-12-03 10:45:43,514 [Worker-42: Importing Maven projects] INFO  o.e.m.c.i.e.AbstractTransferListenerAdapter - Downloaded https://repo.maven.apache.org/maven2/org/springframework/spring-expression/6.0.2/spring-expression-6.0.2.pom
2022-12-03 10:45:43,641 [Worker-42: Importing Maven projects] INFO  o.e.m.c.i.e.AbstractTransferListenerAdapter - Downloading https://repo.maven.apache.org/maven2/org/springframework/boot/spring-boot-autoconfigure/3.0.0/spring-boot-autoconfigure-3.0.0.pom
2022-12-03 10:45:43,762 [Worker-42: Importing Maven projects] INFO  o.e.m.c.i.e.AbstractTransferListenerAdapter - Downloaded https://repo.maven.apache.org/maven2/org/springframework/boot/spring-boot-autoconfigure/3.0.0/spring-boot-autoconfigure-3.0.0.pom
2022-12-03 10:45:43,884 [Worker-42: Importing Maven projects] INFO  o.e.m.c.i.e.AbstractTransferListenerAdapter - Downloading https://repo.maven.apache.org/maven2/org/springframework/boot/spring-boot-starter-logging/3.0.0/spring-boot-starter-logging-3.0.0.pom
2022-12-03 10:45:44,006 [Worker-42: Importing Maven projects] INFO  o.e.m.c.i.e.AbstractTransferListenerAdapter - Downloaded https://repo.maven.apache.org/maven2/org/springframework/boot/spring-boot-starter-logging/3.0.0/spring-boot-starter-logging-3.0.0.pom
2022-12-03 10:45:44,139 [Worker-42: Importing Maven projects] INFO  o.e.m.c.i.e.AbstractTransferListenerAdapter - Downloading https://repo.maven.apache.org/maven2/ch/qos/logback/logback-classic/1.4.5/logback-classic-1.4.5.pom
2022-12-03 10:45:44,275 [Worker-42: Importing Maven projects] INFO  o.e.m.c.i.e.AbstractTransferListenerAdapter - Downloaded https://repo.maven.apache.org/maven2/ch/qos/logback/logback-classic/1.4.5/logback-classic-1.4.5.pom
2022-12-03 10:45:44,402 [Worker-42: Importing Maven projects] INFO  o.e.m.c.i.e.AbstractTransferListenerAdapter - Downloading https://repo.maven.apache.org/maven2/ch/qos/logback/logback-parent/1.4.5/logback-parent-1.4.5.pom
2022-12-03 10:45:44,531 [Worker-42: Importing Maven projects] INFO  o.e.m.c.i.e.AbstractTransferListenerAdapter - Downloaded https://repo.maven.apache.org/maven2/ch/qos/logback/logback-parent/1.4.5/logback-parent-1.4.5.pom
2022-12-03 10:45:44,658 [Worker-42: Importing Maven projects] INFO  o.e.m.c.i.e.AbstractTransferListenerAdapter - Downloading https://repo.maven.apache.org/maven2/ch/qos/logback/logback-core/1.4.5/logback-core-1.4.5.pom
2022-12-03 10:45:44,779 [Worker-42: Importing Maven projects] INFO  o.e.m.c.i.e.AbstractTransferListenerAdapter - Downloaded https://repo.maven.apache.org/maven2/ch/qos/logback/logback-core/1.4.5/logback-core-1.4.5.pom
2022-12-03 10:45:44,904 [Worker-42: Importing Maven projects] INFO  o.e.m.c.i.e.AbstractTransferListenerAdapter - Downloading https://repo.maven.apache.org/maven2/org/slf4j/slf4j-api/2.0.4/slf4j-api-2.0.4.pom
2022-12-03 10:45:45,033 [Worker-42: Importing Maven projects] INFO  o.e.m.c.i.e.AbstractTransferListenerAdapter - Downloaded https://repo.maven.apache.org/maven2/org/slf4j/slf4j-api/2.0.4/slf4j-api-2.0.4.pom
2022-12-03 10:45:45,157 [Worker-42: Importing Maven projects] INFO  o.e.m.c.i.e.AbstractTransferListenerAdapter - Downloading https://repo.maven.apache.org/maven2/org/slf4j/slf4j-parent/2.0.4/slf4j-parent-2.0.4.pom
2022-12-03 10:45:45,286 [Worker-42: Importing Maven projects] INFO  o.e.m.c.i.e.AbstractTransferListenerAdapter - Downloaded https://repo.maven.apache.org/maven2/org/slf4j/slf4j-parent/2.0.4/slf4j-parent-2.0.4.pom
2022-12-03 10:45:45,416 [Worker-42: Importing Maven projects] INFO  o.e.m.c.i.e.AbstractTransferListenerAdapter - Downloading https://repo.maven.apache.org/maven2/org/apache/logging/log4j/log4j-to-slf4j/2.19.0/log4j-to-slf4j-2.19.0.pom
2022-12-03 10:45:45,540 [Worker-42: Importing Maven projects] INFO  o.e.m.c.i.e.AbstractTransferListenerAdapter - Downloaded https://repo.maven.apache.org/maven2/org/apache/logging/log4j/log4j-to-slf4j/2.19.0/log4j-to-slf4j-2.19.0.pom
2022-12-03 10:45:45,668 [Worker-42: Importing Maven projects] INFO  o.e.m.c.i.e.AbstractTransferListenerAdapter - Downloading https://repo.maven.apache.org/maven2/org/apache/logging/log4j/log4j/2.19.0/log4j-2.19.0.pom
2022-12-03 10:45:45,829 [Worker-42: Importing Maven projects] INFO  o.e.m.c.i.e.AbstractTransferListenerAdapter - Downloaded https://repo.maven.apache.org/maven2/org/apache/logging/log4j/log4j/2.19.0/log4j-2.19.0.pom
2022-12-03 10:45:45,956 [Worker-42: Importing Maven projects] INFO  o.e.m.c.i.e.AbstractTransferListenerAdapter - Downloading https://repo.maven.apache.org/maven2/org/junit/junit-bom/5.9.0/junit-bom-5.9.0.pom
2022-12-03 10:45:46,082 [Worker-42: Importing Maven projects] INFO  o.e.m.c.i.e.AbstractTransferListenerAdapter - Downloaded https://repo.maven.apache.org/maven2/org/junit/junit-bom/5.9.0/junit-bom-5.9.0.pom
2022-12-03 10:45:46,220 [Worker-42: Importing Maven projects] INFO  o.e.m.c.i.e.AbstractTransferListenerAdapter - Downloading https://repo.maven.apache.org/maven2/org/apache/logging/log4j/log4j-api/2.19.0/log4j-api-2.19.0.pom
2022-12-03 10:45:46,340 [Worker-42: Importing Maven projects] INFO  o.e.m.c.i.e.AbstractTransferListenerAdapter - Downloaded https://repo.maven.apache.org/maven2/org/apache/logging/log4j/log4j-api/2.19.0/log4j-api-2.19.0.pom
2022-12-03 10:45:46,475 [Worker-42: Importing Maven projects] INFO  o.e.m.c.i.e.AbstractTransferListenerAdapter - Downloading https://repo.maven.apache.org/maven2/org/slf4j/jul-to-slf4j/2.0.4/jul-to-slf4j-2.0.4.pom
2022-12-03 10:45:46,596 [Worker-42: Importing Maven projects] INFO  o.e.m.c.i.e.AbstractTransferListenerAdapter - Downloaded https://repo.maven.apache.org/maven2/org/slf4j/jul-to-slf4j/2.0.4/jul-to-slf4j-2.0.4.pom
2022-12-03 10:45:46,723 [Worker-42: Importing Maven projects] INFO  o.e.m.c.i.e.AbstractTransferListenerAdapter - Downloading https://repo.maven.apache.org/maven2/jakarta/annotation/jakarta.annotation-api/2.1.1/jakarta.annotation-api-2.1.1.pom
2022-12-03 10:45:46,848 [Worker-42: Importing Maven projects] INFO  o.e.m.c.i.e.AbstractTransferListenerAdapter - Downloaded https://repo.maven.apache.org/maven2/jakarta/annotation/jakarta.annotation-api/2.1.1/jakarta.annotation-api-2.1.1.pom
2022-12-03 10:45:46,986 [Worker-42: Importing Maven projects] INFO  o.e.m.c.i.e.AbstractTransferListenerAdapter - Downloading https://repo.maven.apache.org/maven2/org/yaml/snakeyaml/1.33/snakeyaml-1.33.pom
2022-12-03 10:45:47,122 [Worker-42: Importing Maven projects] INFO  o.e.m.c.i.e.AbstractTransferListenerAdapter - Downloaded https://repo.maven.apache.org/maven2/org/yaml/snakeyaml/1.33/snakeyaml-1.33.pom
2022-12-03 10:45:47,250 [Worker-42: Importing Maven projects] INFO  o.e.m.c.i.e.AbstractTransferListenerAdapter - Downloading https://repo.maven.apache.org/maven2/org/aspectj/aspectjweaver/1.9.9.1/aspectjweaver-1.9.9.1.pom
2022-12-03 10:45:47,374 [Worker-42: Importing Maven projects] INFO  o.e.m.c.i.e.AbstractTransferListenerAdapter - Downloaded https://repo.maven.apache.org/maven2/org/aspectj/aspectjweaver/1.9.9.1/aspectjweaver-1.9.9.1.pom
2022-12-03 10:45:47,499 [Worker-42: Importing Maven projects] INFO  o.e.m.c.i.e.AbstractTransferListenerAdapter - Downloading https://repo.maven.apache.org/maven2/org/springframework/boot/spring-boot-starter-jdbc/3.0.0/spring-boot-starter-jdbc-3.0.0.pom
2022-12-03 10:45:47,627 [Worker-42: Importing Maven projects] INFO  o.e.m.c.i.e.AbstractTransferListenerAdapter - Downloaded https://repo.maven.apache.org/maven2/org/springframework/boot/spring-boot-starter-jdbc/3.0.0/spring-boot-starter-jdbc-3.0.0.pom
2022-12-03 10:45:47,760 [Worker-42: Importing Maven projects] INFO  o.e.m.c.i.e.AbstractTransferListenerAdapter - Downloading https://repo.maven.apache.org/maven2/com/zaxxer/HikariCP/5.0.1/HikariCP-5.0.1.pom
2022-12-03 10:45:47,895 [Worker-42: Importing Maven projects] INFO  o.e.m.c.i.e.AbstractTransferListenerAdapter - Downloaded https://repo.maven.apache.org/maven2/com/zaxxer/HikariCP/5.0.1/HikariCP-5.0.1.pom
2022-12-03 10:45:48,025 [Worker-42: Importing Maven projects] INFO  o.e.m.c.i.e.AbstractTransferListenerAdapter - Downloading https://repo.maven.apache.org/maven2/org/springframework/spring-jdbc/6.0.2/spring-jdbc-6.0.2.pom
2022-12-03 10:45:48,148 [Worker-42: Importing Maven projects] INFO  o.e.m.c.i.e.AbstractTransferListenerAdapter - Downloaded https://repo.maven.apache.org/maven2/org/springframework/spring-jdbc/6.0.2/spring-jdbc-6.0.2.pom
2022-12-03 10:45:48,279 [Worker-42: Importing Maven projects] INFO  o.e.m.c.i.e.AbstractTransferListenerAdapter - Downloading https://repo.maven.apache.org/maven2/org/springframework/spring-tx/6.0.2/spring-tx-6.0.2.pom
2022-12-03 10:45:48,413 [Worker-42: Importing Maven projects] INFO  o.e.m.c.i.e.AbstractTransferListenerAdapter - Downloaded https://repo.maven.apache.org/maven2/org/springframework/spring-tx/6.0.2/spring-tx-6.0.2.pom
2022-12-03 10:45:48,542 [Worker-42: Importing Maven projects] INFO  o.e.m.c.i.e.AbstractTransferListenerAdapter - Downloading https://repo.maven.apache.org/maven2/org/hibernate/orm/hibernate-core/6.1.5.Final/hibernate-core-6.1.5.Final.pom
2022-12-03 10:45:48,669 [Worker-42: Importing Maven projects] INFO  o.e.m.c.i.e.AbstractTransferListenerAdapter - Downloaded https://repo.maven.apache.org/maven2/org/hibernate/orm/hibernate-core/6.1.5.Final/hibernate-core-6.1.5.Final.pom
2022-12-03 10:45:48,799 [Worker-42: Importing Maven projects] INFO  o.e.m.c.i.e.AbstractTransferListenerAdapter - Downloading https://repo.maven.apache.org/maven2/jakarta/persistence/jakarta.persistence-api/3.1.0/jakarta.persistence-api-3.1.0.pom
2022-12-03 10:45:48,939 [Worker-42: Importing Maven projects] INFO  o.e.m.c.i.e.AbstractTransferListenerAdapter - Downloaded https://repo.maven.apache.org/maven2/jakarta/persistence/jakarta.persistence-api/3.1.0/jakarta.persistence-api-3.1.0.pom
2022-12-03 10:45:49,068 [Worker-42: Importing Maven projects] INFO  o.e.m.c.i.e.AbstractTransferListenerAdapter - Downloading https://repo.maven.apache.org/maven2/jakarta/transaction/jakarta.transaction-api/2.0.1/jakarta.transaction-api-2.0.1.pom
2022-12-03 10:45:49,191 [Worker-42: Importing Maven projects] INFO  o.e.m.c.i.e.AbstractTransferListenerAdapter - Downloaded https://repo.maven.apache.org/maven2/jakarta/transaction/jakarta.transaction-api/2.0.1/jakarta.transaction-api-2.0.1.pom
2022-12-03 10:45:49,321 [Worker-42: Importing Maven projects] INFO  o.e.m.c.i.e.AbstractTransferListenerAdapter - Downloading https://repo.maven.apache.org/maven2/org/jboss/logging/jboss-logging/3.5.0.Final/jboss-logging-3.5.0.Final.pom
2022-12-03 10:45:49,446 [Worker-42: Importing Maven projects] INFO  o.e.m.c.i.e.AbstractTransferListenerAdapter - Downloaded https://repo.maven.apache.org/maven2/org/jboss/logging/jboss-logging/3.5.0.Final/jboss-logging-3.5.0.Final.pom
2022-12-03 10:45:49,575 [Worker-42: Importing Maven projects] INFO  o.e.m.c.i.e.AbstractTransferListenerAdapter - Downloading https://repo.maven.apache.org/maven2/org/hibernate/common/hibernate-commons-annotations/6.0.2.Final/hibernate-commons-annotations-6.0.2.Final.pom
2022-12-03 10:45:49,702 [Worker-42: Importing Maven projects] INFO  o.e.m.c.i.e.AbstractTransferListenerAdapter - Downloaded https://repo.maven.apache.org/maven2/org/hibernate/common/hibernate-commons-annotations/6.0.2.Final/hibernate-commons-annotations-6.0.2.Final.pom
2022-12-03 10:45:49,834 [Worker-42: Importing Maven projects] INFO  o.e.m.c.i.e.AbstractTransferListenerAdapter - Downloading https://repo.maven.apache.org/maven2/net/bytebuddy/byte-buddy/1.12.19/byte-buddy-1.12.19.pom
2022-12-03 10:45:49,955 [Worker-42: Importing Maven projects] INFO  o.e.m.c.i.e.AbstractTransferListenerAdapter - Downloaded https://repo.maven.apache.org/maven2/net/bytebuddy/byte-buddy/1.12.19/byte-buddy-1.12.19.pom
2022-12-03 10:45:50,089 [Worker-42: Importing Maven projects] INFO  o.e.m.c.i.e.AbstractTransferListenerAdapter - Downloading https://repo.maven.apache.org/maven2/net/bytebuddy/byte-buddy-parent/1.12.19/byte-buddy-parent-1.12.19.pom
2022-12-03 10:45:50,237 [Worker-42: Importing Maven projects] INFO  o.e.m.c.i.e.AbstractTransferListenerAdapter - Downloaded https://repo.maven.apache.org/maven2/net/bytebuddy/byte-buddy-parent/1.12.19/byte-buddy-parent-1.12.19.pom
2022-12-03 10:45:50,368 [Worker-42: Importing Maven projects] INFO  o.e.m.c.i.e.AbstractTransferListenerAdapter - Downloading https://repo.maven.apache.org/maven2/jakarta/xml/bind/jakarta.xml.bind-api/4.0.0/jakarta.xml.bind-api-4.0.0.pom
2022-12-03 10:45:50,493 [Worker-42: Importing Maven projects] INFO  o.e.m.c.i.e.AbstractTransferListenerAdapter - Downloaded https://repo.maven.apache.org/maven2/jakarta/xml/bind/jakarta.xml.bind-api/4.0.0/jakarta.xml.bind-api-4.0.0.pom
2022-12-03 10:45:50,619 [Worker-42: Importing Maven projects] INFO  o.e.m.c.i.e.AbstractTransferListenerAdapter - Downloading https://repo.maven.apache.org/maven2/jakarta/xml/bind/jakarta.xml.bind-api-parent/4.0.0/jakarta.xml.bind-api-parent-4.0.0.pom
2022-12-03 10:45:50,741 [Worker-42: Importing Maven projects] INFO  o.e.m.c.i.e.AbstractTransferListenerAdapter - Downloaded https://repo.maven.apache.org/maven2/jakarta/xml/bind/jakarta.xml.bind-api-parent/4.0.0/jakarta.xml.bind-api-parent-4.0.0.pom
2022-12-03 10:45:50,869 [Worker-42: Importing Maven projects] INFO  o.e.m.c.i.e.AbstractTransferListenerAdapter - Downloading https://repo.maven.apache.org/maven2/jakarta/activation/jakarta.activation-api/2.1.0/jakarta.activation-api-2.1.0.pom
2022-12-03 10:45:50,995 [Worker-42: Importing Maven projects] INFO  o.e.m.c.i.e.AbstractTransferListenerAdapter - Downloaded https://repo.maven.apache.org/maven2/jakarta/activation/jakarta.activation-api/2.1.0/jakarta.activation-api-2.1.0.pom
2022-12-03 10:45:51,136 [Worker-42: Importing Maven projects] INFO  o.e.m.c.i.e.AbstractTransferListenerAdapter - Downloading https://repo.maven.apache.org/maven2/org/glassfish/jaxb/jaxb-runtime/4.0.1/jaxb-runtime-4.0.1.pom
2022-12-03 10:45:51,268 [Worker-42: Importing Maven projects] INFO  o.e.m.c.i.e.AbstractTransferListenerAdapter - Downloaded https://repo.maven.apache.org/maven2/org/glassfish/jaxb/jaxb-runtime/4.0.1/jaxb-runtime-4.0.1.pom
2022-12-03 10:45:51,396 [Worker-42: Importing Maven projects] INFO  o.e.m.c.i.e.AbstractTransferListenerAdapter - Downloading https://repo.maven.apache.org/maven2/com/sun/xml/bind/mvn/jaxb-runtime-parent/4.0.1/jaxb-runtime-parent-4.0.1.pom
2022-12-03 10:45:51,532 [Worker-42: Importing Maven projects] INFO  o.e.m.c.i.e.AbstractTransferListenerAdapter - Downloaded https://repo.maven.apache.org/maven2/com/sun/xml/bind/mvn/jaxb-runtime-parent/4.0.1/jaxb-runtime-parent-4.0.1.pom
2022-12-03 10:45:51,659 [Worker-42: Importing Maven projects] INFO  o.e.m.c.i.e.AbstractTransferListenerAdapter - Downloading https://repo.maven.apache.org/maven2/com/sun/xml/bind/mvn/jaxb-parent/4.0.1/jaxb-parent-4.0.1.pom
2022-12-03 10:45:51,796 [Worker-42: Importing Maven projects] INFO  o.e.m.c.i.e.AbstractTransferListenerAdapter - Downloaded https://repo.maven.apache.org/maven2/com/sun/xml/bind/mvn/jaxb-parent/4.0.1/jaxb-parent-4.0.1.pom
2022-12-03 10:45:51,922 [Worker-42: Importing Maven projects] INFO  o.e.m.c.i.e.AbstractTransferListenerAdapter - Downloading https://repo.maven.apache.org/maven2/com/sun/xml/bind/jaxb-bom-ext/4.0.1/jaxb-bom-ext-4.0.1.pom
2022-12-03 10:45:52,065 [Worker-42: Importing Maven projects] INFO  o.e.m.c.i.e.AbstractTransferListenerAdapter - Downloaded https://repo.maven.apache.org/maven2/com/sun/xml/bind/jaxb-bom-ext/4.0.1/jaxb-bom-ext-4.0.1.pom
2022-12-03 10:45:52,196 [Worker-42: Importing Maven projects] INFO  o.e.m.c.i.e.AbstractTransferListenerAdapter - Downloading https://repo.maven.apache.org/maven2/org/glassfish/jaxb/jaxb-core/4.0.1/jaxb-core-4.0.1.pom
2022-12-03 10:45:52,318 [Worker-42: Importing Maven projects] INFO  o.e.m.c.i.e.AbstractTransferListenerAdapter - Downloaded https://repo.maven.apache.org/maven2/org/glassfish/jaxb/jaxb-core/4.0.1/jaxb-core-4.0.1.pom
2022-12-03 10:45:52,443 [Worker-42: Importing Maven projects] INFO  o.e.m.c.i.e.AbstractTransferListenerAdapter - Downloading https://repo.maven.apache.org/maven2/org/eclipse/angus/angus-activation/1.0.0/angus-activation-1.0.0.pom
2022-12-03 10:45:52,611 [Worker-42: Importing Maven projects] INFO  o.e.m.c.i.e.AbstractTransferListenerAdapter - Downloaded https://repo.maven.apache.org/maven2/org/eclipse/angus/angus-activation/1.0.0/angus-activation-1.0.0.pom
2022-12-03 10:45:52,738 [Worker-42: Importing Maven projects] INFO  o.e.m.c.i.e.AbstractTransferListenerAdapter - Downloading https://repo.maven.apache.org/maven2/org/eclipse/angus/angus-activation-project/1.0.0/angus-activation-project-1.0.0.pom
2022-12-03 10:45:52,867 [Worker-42: Importing Maven projects] INFO  o.e.m.c.i.e.AbstractTransferListenerAdapter - Downloaded https://repo.maven.apache.org/maven2/org/eclipse/angus/angus-activation-project/1.0.0/angus-activation-project-1.0.0.pom
2022-12-03 10:45:52,991 [Worker-42: Importing Maven projects] INFO  o.e.m.c.i.e.AbstractTransferListenerAdapter - Downloading https://repo.maven.apache.org/maven2/org/glassfish/jaxb/txw2/4.0.1/txw2-4.0.1.pom
2022-12-03 10:45:53,112 [Worker-42: Importing Maven projects] INFO  o.e.m.c.i.e.AbstractTransferListenerAdapter - Downloaded https://repo.maven.apache.org/maven2/org/glassfish/jaxb/txw2/4.0.1/txw2-4.0.1.pom
2022-12-03 10:45:53,246 [Worker-42: Importing Maven projects] INFO  o.e.m.c.i.e.AbstractTransferListenerAdapter - Downloading https://repo.maven.apache.org/maven2/com/sun/xml/bind/mvn/jaxb-txw-parent/4.0.1/jaxb-txw-parent-4.0.1.pom
2022-12-03 10:45:53,369 [Worker-42: Importing Maven projects] INFO  o.e.m.c.i.e.AbstractTransferListenerAdapter - Downloaded https://repo.maven.apache.org/maven2/com/sun/xml/bind/mvn/jaxb-txw-parent/4.0.1/jaxb-txw-parent-4.0.1.pom
2022-12-03 10:45:53,492 [Worker-42: Importing Maven projects] INFO  o.e.m.c.i.e.AbstractTransferListenerAdapter - Downloading https://repo.maven.apache.org/maven2/com/sun/istack/istack-commons-runtime/4.1.1/istack-commons-runtime-4.1.1.pom
2022-12-03 10:45:53,614 [Worker-42: Importing Maven projects] INFO  o.e.m.c.i.e.AbstractTransferListenerAdapter - Downloaded https://repo.maven.apache.org/maven2/com/sun/istack/istack-commons-runtime/4.1.1/istack-commons-runtime-4.1.1.pom
2022-12-03 10:45:53,762 [Worker-42: Importing Maven projects] INFO  o.e.m.c.i.e.AbstractTransferListenerAdapter - Downloading https://repo.maven.apache.org/maven2/com/sun/istack/istack-commons/4.1.1/istack-commons-4.1.1.pom
2022-12-03 10:45:53,885 [Worker-42: Importing Maven projects] INFO  o.e.m.c.i.e.AbstractTransferListenerAdapter - Downloaded https://repo.maven.apache.org/maven2/com/sun/istack/istack-commons/4.1.1/istack-commons-4.1.1.pom
2022-12-03 10:45:54,011 [Worker-42: Importing Maven projects] INFO  o.e.m.c.i.e.AbstractTransferListenerAdapter - Downloading https://repo.maven.apache.org/maven2/jakarta/inject/jakarta.inject-api/2.0.0/jakarta.inject-api-2.0.0.pom
2022-12-03 10:45:54,132 [Worker-42: Importing Maven projects] INFO  o.e.m.c.i.e.AbstractTransferListenerAdapter - Downloaded https://repo.maven.apache.org/maven2/jakarta/inject/jakarta.inject-api/2.0.0/jakarta.inject-api-2.0.0.pom
2022-12-03 10:45:54,258 [Worker-42: Importing Maven projects] INFO  o.e.m.c.i.e.AbstractTransferListenerAdapter - Downloading https://repo.maven.apache.org/maven2/org/antlr/antlr4-runtime/4.10.1/antlr4-runtime-4.10.1.pom
2022-12-03 10:45:54,391 [Worker-42: Importing Maven projects] INFO  o.e.m.c.i.e.AbstractTransferListenerAdapter - Downloaded https://repo.maven.apache.org/maven2/org/antlr/antlr4-runtime/4.10.1/antlr4-runtime-4.10.1.pom
2022-12-03 10:45:54,514 [Worker-42: Importing Maven projects] INFO  o.e.m.c.i.e.AbstractTransferListenerAdapter - Downloading https://repo.maven.apache.org/maven2/org/antlr/antlr4-master/4.10.1/antlr4-master-4.10.1.pom
2022-12-03 10:45:54,648 [Worker-42: Importing Maven projects] INFO  o.e.m.c.i.e.AbstractTransferListenerAdapter - Downloaded https://repo.maven.apache.org/maven2/org/antlr/antlr4-master/4.10.1/antlr4-master-4.10.1.pom
2022-12-03 10:45:54,777 [Worker-42: Importing Maven projects] INFO  o.e.m.c.i.e.AbstractTransferListenerAdapter - Downloading https://repo.maven.apache.org/maven2/org/springframework/data/spring-data-jpa/3.0.0/spring-data-jpa-3.0.0.pom
2022-12-03 10:45:54,918 [Worker-42: Importing Maven projects] INFO  o.e.m.c.i.e.AbstractTransferListenerAdapter - Downloaded https://repo.maven.apache.org/maven2/org/springframework/data/spring-data-jpa/3.0.0/spring-data-jpa-3.0.0.pom
2022-12-03 10:45:55,058 [Worker-42: Importing Maven projects] INFO  o.e.m.c.i.e.AbstractTransferListenerAdapter - Downloading https://repo.maven.apache.org/maven2/org/springframework/data/spring-data-jpa-parent/3.0.0/spring-data-jpa-parent-3.0.0.pom
2022-12-03 10:45:55,187 [Worker-42: Importing Maven projects] INFO  o.e.m.c.i.e.AbstractTransferListenerAdapter - Downloaded https://repo.maven.apache.org/maven2/org/springframework/data/spring-data-jpa-parent/3.0.0/spring-data-jpa-parent-3.0.0.pom
2022-12-03 10:45:55,315 [Worker-42: Importing Maven projects] INFO  o.e.m.c.i.e.AbstractTransferListenerAdapter - Downloading https://repo.maven.apache.org/maven2/org/springframework/data/build/spring-data-parent/3.0.0/spring-data-parent-3.0.0.pom
2022-12-03 10:45:55,481 [Worker-42: Importing Maven projects] INFO  o.e.m.c.i.e.AbstractTransferListenerAdapter - Downloaded https://repo.maven.apache.org/maven2/org/springframework/data/build/spring-data-parent/3.0.0/spring-data-parent-3.0.0.pom
2022-12-03 10:45:55,619 [Worker-42: Importing Maven projects] INFO  o.e.m.c.i.e.AbstractTransferListenerAdapter - Downloading https://repo.maven.apache.org/maven2/org/springframework/data/build/spring-data-build/3.0.0/spring-data-build-3.0.0.pom
2022-12-03 10:45:55,744 [Worker-42: Importing Maven projects] INFO  o.e.m.c.i.e.AbstractTransferListenerAdapter - Downloaded https://repo.maven.apache.org/maven2/org/springframework/data/build/spring-data-build/3.0.0/spring-data-build-3.0.0.pom
2022-12-03 10:45:55,868 [Worker-42: Importing Maven projects] INFO  o.e.m.c.i.e.AbstractTransferListenerAdapter - Downloading https://repo.maven.apache.org/maven2/org/testcontainers/testcontainers-bom/1.17.5/testcontainers-bom-1.17.5.pom
2022-12-03 10:45:55,992 [Worker-42: Importing Maven projects] INFO  o.e.m.c.i.e.AbstractTransferListenerAdapter - Downloaded https://repo.maven.apache.org/maven2/org/testcontainers/testcontainers-bom/1.17.5/testcontainers-bom-1.17.5.pom
2022-12-03 10:45:56,119 [Worker-42: Importing Maven projects] INFO  o.e.m.c.i.e.AbstractTransferListenerAdapter - Downloading https://repo.maven.apache.org/maven2/io/micrometer/micrometer-bom/1.10.1/micrometer-bom-1.10.1.pom
2022-12-03 10:45:56,242 [Worker-42: Importing Maven projects] INFO  o.e.m.c.i.e.AbstractTransferListenerAdapter - Downloaded https://repo.maven.apache.org/maven2/io/micrometer/micrometer-bom/1.10.1/micrometer-bom-1.10.1.pom
2022-12-03 10:45:56,370 [Worker-42: Importing Maven projects] INFO  o.e.m.c.i.e.AbstractTransferListenerAdapter - Downloading https://repo.maven.apache.org/maven2/org/springframework/spring-framework-bom/6.0.0/spring-framework-bom-6.0.0.pom
2022-12-03 10:45:56,497 [Worker-42: Importing Maven projects] INFO  o.e.m.c.i.e.AbstractTransferListenerAdapter - Downloaded https://repo.maven.apache.org/maven2/org/springframework/spring-framework-bom/6.0.0/spring-framework-bom-6.0.0.pom
2022-12-03 10:45:56,622 [Worker-42: Importing Maven projects] INFO  o.e.m.c.i.e.AbstractTransferListenerAdapter - Downloading https://repo.maven.apache.org/maven2/com/fasterxml/jackson/jackson-bom/2.14.0/jackson-bom-2.14.0.pom
2022-12-03 10:45:56,755 [Worker-42: Importing Maven projects] INFO  o.e.m.c.i.e.AbstractTransferListenerAdapter - Downloaded https://repo.maven.apache.org/maven2/com/fasterxml/jackson/jackson-bom/2.14.0/jackson-bom-2.14.0.pom
2022-12-03 10:45:56,893 [Worker-42: Importing Maven projects] INFO  o.e.m.c.i.e.AbstractTransferListenerAdapter - Downloading https://repo.maven.apache.org/maven2/org/springframework/data/spring-data-commons/3.0.0/spring-data-commons-3.0.0.pom
2022-12-03 10:45:57,029 [Worker-42: Importing Maven projects] INFO  o.e.m.c.i.e.AbstractTransferListenerAdapter - Downloaded https://repo.maven.apache.org/maven2/org/springframework/data/spring-data-commons/3.0.0/spring-data-commons-3.0.0.pom
2022-12-03 10:45:57,155 [Worker-42: Importing Maven projects] INFO  o.e.m.c.i.e.AbstractTransferListenerAdapter - Downloading https://repo.maven.apache.org/maven2/org/springframework/spring-orm/6.0.2/spring-orm-6.0.2.pom
2022-12-03 10:45:57,278 [Worker-42: Importing Maven projects] INFO  o.e.m.c.i.e.AbstractTransferListenerAdapter - Downloaded https://repo.maven.apache.org/maven2/org/springframework/spring-orm/6.0.2/spring-orm-6.0.2.pom
2022-12-03 10:45:57,409 [Worker-42: Importing Maven projects] INFO  o.e.m.c.i.e.AbstractTransferListenerAdapter - Downloading https://repo.maven.apache.org/maven2/org/springframework/spring-aspects/6.0.2/spring-aspects-6.0.2.pom
2022-12-03 10:45:57,536 [Worker-42: Importing Maven projects] INFO  o.e.m.c.i.e.AbstractTransferListenerAdapter - Downloaded https://repo.maven.apache.org/maven2/org/springframework/spring-aspects/6.0.2/spring-aspects-6.0.2.pom
2022-12-03 10:45:57,660 [Worker-42: Importing Maven projects] INFO  o.e.m.c.i.e.AbstractTransferListenerAdapter - Downloading https://repo.maven.apache.org/maven2/org/springframework/boot/spring-boot-starter-web/3.0.0/spring-boot-starter-web-3.0.0.pom
2022-12-03 10:45:57,785 [Worker-42: Importing Maven projects] INFO  o.e.m.c.i.e.AbstractTransferListenerAdapter - Downloaded https://repo.maven.apache.org/maven2/org/springframework/boot/spring-boot-starter-web/3.0.0/spring-boot-starter-web-3.0.0.pom
2022-12-03 10:45:57,913 [Worker-42: Importing Maven projects] INFO  o.e.m.c.i.e.AbstractTransferListenerAdapter - Downloading https://repo.maven.apache.org/maven2/org/springframework/boot/spring-boot-starter-json/3.0.0/spring-boot-starter-json-3.0.0.pom
2022-12-03 10:45:58,035 [Worker-42: Importing Maven projects] INFO  o.e.m.c.i.e.AbstractTransferListenerAdapter - Downloaded https://repo.maven.apache.org/maven2/org/springframework/boot/spring-boot-starter-json/3.0.0/spring-boot-starter-json-3.0.0.pom
2022-12-03 10:45:58,159 [Worker-42: Importing Maven projects] INFO  o.e.m.c.i.e.AbstractTransferListenerAdapter - Downloading https://repo.maven.apache.org/maven2/org/springframework/spring-web/6.0.2/spring-web-6.0.2.pom
2022-12-03 10:45:58,280 [Worker-42: Importing Maven projects] INFO  o.e.m.c.i.e.AbstractTransferListenerAdapter - Downloaded https://repo.maven.apache.org/maven2/org/springframework/spring-web/6.0.2/spring-web-6.0.2.pom
2022-12-03 10:45:58,409 [Worker-42: Importing Maven projects] INFO  o.e.m.c.i.e.AbstractTransferListenerAdapter - Downloading https://repo.maven.apache.org/maven2/io/micrometer/micrometer-observation/1.10.2/micrometer-observation-1.10.2.pom
2022-12-03 10:45:58,538 [Worker-42: Importing Maven projects] INFO  o.e.m.c.i.e.AbstractTransferListenerAdapter - Downloaded https://repo.maven.apache.org/maven2/io/micrometer/micrometer-observation/1.10.2/micrometer-observation-1.10.2.pom
2022-12-03 10:45:58,661 [Worker-42: Importing Maven projects] INFO  o.e.m.c.i.e.AbstractTransferListenerAdapter - Downloading https://repo.maven.apache.org/maven2/io/micrometer/micrometer-commons/1.10.2/micrometer-commons-1.10.2.pom
2022-12-03 10:45:58,784 [Worker-42: Importing Maven projects] INFO  o.e.m.c.i.e.AbstractTransferListenerAdapter - Downloaded https://repo.maven.apache.org/maven2/io/micrometer/micrometer-commons/1.10.2/micrometer-commons-1.10.2.pom
2022-12-03 10:45:58,915 [Worker-42: Importing Maven projects] INFO  o.e.m.c.i.e.AbstractTransferListenerAdapter - Downloading https://repo.maven.apache.org/maven2/com/fasterxml/jackson/core/jackson-databind/2.14.1/jackson-databind-2.14.1.pom
2022-12-03 10:45:59,042 [Worker-42: Importing Maven projects] INFO  o.e.m.c.i.e.AbstractTransferListenerAdapter - Downloaded https://repo.maven.apache.org/maven2/com/fasterxml/jackson/core/jackson-databind/2.14.1/jackson-databind-2.14.1.pom
2022-12-03 10:45:59,170 [Worker-42: Importing Maven projects] INFO  o.e.m.c.i.e.AbstractTransferListenerAdapter - Downloading https://repo.maven.apache.org/maven2/com/fasterxml/jackson/jackson-base/2.14.1/jackson-base-2.14.1.pom
2022-12-03 10:45:59,296 [Worker-42: Importing Maven projects] INFO  o.e.m.c.i.e.AbstractTransferListenerAdapter - Downloaded https://repo.maven.apache.org/maven2/com/fasterxml/jackson/jackson-base/2.14.1/jackson-base-2.14.1.pom
2022-12-03 10:45:59,424 [Worker-42: Importing Maven projects] INFO  o.e.m.c.i.e.AbstractTransferListenerAdapter - Downloading https://repo.maven.apache.org/maven2/com/fasterxml/jackson/core/jackson-annotations/2.14.1/jackson-annotations-2.14.1.pom
2022-12-03 10:45:59,549 [Worker-42: Importing Maven projects] INFO  o.e.m.c.i.e.AbstractTransferListenerAdapter - Downloaded https://repo.maven.apache.org/maven2/com/fasterxml/jackson/core/jackson-annotations/2.14.1/jackson-annotations-2.14.1.pom
2022-12-03 10:45:59,673 [Worker-42: Importing Maven projects] INFO  o.e.m.c.i.e.AbstractTransferListenerAdapter - Downloading https://repo.maven.apache.org/maven2/com/fasterxml/jackson/core/jackson-core/2.14.1/jackson-core-2.14.1.pom
2022-12-03 10:45:59,811 [Worker-42: Importing Maven projects] INFO  o.e.m.c.i.e.AbstractTransferListenerAdapter - Downloaded https://repo.maven.apache.org/maven2/com/fasterxml/jackson/core/jackson-core/2.14.1/jackson-core-2.14.1.pom
2022-12-03 10:45:59,934 [Worker-42: Importing Maven projects] INFO  o.e.m.c.i.e.AbstractTransferListenerAdapter - Downloading https://repo.maven.apache.org/maven2/com/fasterxml/jackson/datatype/jackson-datatype-jdk8/2.14.1/jackson-datatype-jdk8-2.14.1.pom
2022-12-03 10:46:00,057 [Worker-42: Importing Maven projects] INFO  o.e.m.c.i.e.AbstractTransferListenerAdapter - Downloaded https://repo.maven.apache.org/maven2/com/fasterxml/jackson/datatype/jackson-datatype-jdk8/2.14.1/jackson-datatype-jdk8-2.14.1.pom
2022-12-03 10:46:00,186 [Worker-42: Importing Maven projects] INFO  o.e.m.c.i.e.AbstractTransferListenerAdapter - Downloading https://repo.maven.apache.org/maven2/com/fasterxml/jackson/module/jackson-modules-java8/2.14.1/jackson-modules-java8-2.14.1.pom
2022-12-03 10:46:00,307 [Worker-42: Importing Maven projects] INFO  o.e.m.c.i.e.AbstractTransferListenerAdapter - Downloaded https://repo.maven.apache.org/maven2/com/fasterxml/jackson/module/jackson-modules-java8/2.14.1/jackson-modules-java8-2.14.1.pom
2022-12-03 10:46:00,436 [Worker-42: Importing Maven projects] INFO  o.e.m.c.i.e.AbstractTransferListenerAdapter - Downloading https://repo.maven.apache.org/maven2/com/fasterxml/jackson/datatype/jackson-datatype-jsr310/2.14.1/jackson-datatype-jsr310-2.14.1.pom
2022-12-03 10:46:00,559 [Worker-42: Importing Maven projects] INFO  o.e.m.c.i.e.AbstractTransferListenerAdapter - Downloaded https://repo.maven.apache.org/maven2/com/fasterxml/jackson/datatype/jackson-datatype-jsr310/2.14.1/jackson-datatype-jsr310-2.14.1.pom
2022-12-03 10:46:00,687 [Worker-42: Importing Maven projects] INFO  o.e.m.c.i.e.AbstractTransferListenerAdapter - Downloading https://repo.maven.apache.org/maven2/com/fasterxml/jackson/module/jackson-module-parameter-names/2.14.1/jackson-module-parameter-names-2.14.1.pom
2022-12-03 10:46:00,808 [Worker-42: Importing Maven projects] INFO  o.e.m.c.i.e.AbstractTransferListenerAdapter - Downloaded https://repo.maven.apache.org/maven2/com/fasterxml/jackson/module/jackson-module-parameter-names/2.14.1/jackson-module-parameter-names-2.14.1.pom
2022-12-03 10:46:00,936 [Worker-42: Importing Maven projects] INFO  o.e.m.c.i.e.AbstractTransferListenerAdapter - Downloading https://repo.maven.apache.org/maven2/org/springframework/boot/spring-boot-starter-tomcat/3.0.0/spring-boot-starter-tomcat-3.0.0.pom
2022-12-03 10:46:01,063 [Worker-42: Importing Maven projects] INFO  o.e.m.c.i.e.AbstractTransferListenerAdapter - Downloaded https://repo.maven.apache.org/maven2/org/springframework/boot/spring-boot-starter-tomcat/3.0.0/spring-boot-starter-tomcat-3.0.0.pom
2022-12-03 10:46:01,187 [Worker-42: Importing Maven projects] INFO  o.e.m.c.i.e.AbstractTransferListenerAdapter - Downloading https://repo.maven.apache.org/maven2/org/apache/tomcat/embed/tomcat-embed-core/10.1.1/tomcat-embed-core-10.1.1.pom
2022-12-03 10:46:01,313 [Worker-42: Importing Maven projects] INFO  o.e.m.c.i.e.AbstractTransferListenerAdapter - Downloaded https://repo.maven.apache.org/maven2/org/apache/tomcat/embed/tomcat-embed-core/10.1.1/tomcat-embed-core-10.1.1.pom
2022-12-03 10:46:01,444 [Worker-42: Importing Maven projects] INFO  o.e.m.c.i.e.AbstractTransferListenerAdapter - Downloading https://repo.maven.apache.org/maven2/org/apache/tomcat/embed/tomcat-embed-el/10.1.1/tomcat-embed-el-10.1.1.pom
2022-12-03 10:46:01,567 [Worker-42: Importing Maven projects] INFO  o.e.m.c.i.e.AbstractTransferListenerAdapter - Downloaded https://repo.maven.apache.org/maven2/org/apache/tomcat/embed/tomcat-embed-el/10.1.1/tomcat-embed-el-10.1.1.pom
2022-12-03 10:46:01,697 [Worker-42: Importing Maven projects] INFO  o.e.m.c.i.e.AbstractTransferListenerAdapter - Downloading https://repo.maven.apache.org/maven2/org/apache/tomcat/embed/tomcat-embed-websocket/10.1.1/tomcat-embed-websocket-10.1.1.pom
2022-12-03 10:46:01,825 [Worker-42: Importing Maven projects] INFO  o.e.m.c.i.e.AbstractTransferListenerAdapter - Downloaded https://repo.maven.apache.org/maven2/org/apache/tomcat/embed/tomcat-embed-websocket/10.1.1/tomcat-embed-websocket-10.1.1.pom
2022-12-03 10:46:01,951 [Worker-42: Importing Maven projects] INFO  o.e.m.c.i.e.AbstractTransferListenerAdapter - Downloading https://repo.maven.apache.org/maven2/org/springframework/spring-webmvc/6.0.2/spring-webmvc-6.0.2.pom
2022-12-03 10:46:02,085 [Worker-42: Importing Maven projects] INFO  o.e.m.c.i.e.AbstractTransferListenerAdapter - Downloaded https://repo.maven.apache.org/maven2/org/springframework/spring-webmvc/6.0.2/spring-webmvc-6.0.2.pom
2022-12-03 10:46:02,217 [Worker-42: Importing Maven projects] INFO  o.e.m.c.i.e.AbstractTransferListenerAdapter - Downloading https://repo.maven.apache.org/maven2/org/apache/kafka/kafka-streams/3.3.1/kafka-streams-3.3.1.pom
2022-12-03 10:46:02,349 [Worker-42: Importing Maven projects] INFO  o.e.m.c.i.e.AbstractTransferListenerAdapter - Downloaded https://repo.maven.apache.org/maven2/org/apache/kafka/kafka-streams/3.3.1/kafka-streams-3.3.1.pom
2022-12-03 10:46:02,474 [Worker-42: Importing Maven projects] INFO  o.e.m.c.i.e.AbstractTransferListenerAdapter - Downloading https://repo.maven.apache.org/maven2/org/apache/kafka/kafka-clients/3.3.1/kafka-clients-3.3.1.pom
2022-12-03 10:46:02,595 [Worker-42: Importing Maven projects] INFO  o.e.m.c.i.e.AbstractTransferListenerAdapter - Downloaded https://repo.maven.apache.org/maven2/org/apache/kafka/kafka-clients/3.3.1/kafka-clients-3.3.1.pom
2022-12-03 10:46:02,720 [Worker-42: Importing Maven projects] INFO  o.e.m.c.i.e.AbstractTransferListenerAdapter - Downloading https://repo.maven.apache.org/maven2/com/github/luben/zstd-jni/1.5.2-1/zstd-jni-1.5.2-1.pom
2022-12-03 10:46:02,845 [Worker-42: Importing Maven projects] INFO  o.e.m.c.i.e.AbstractTransferListenerAdapter - Downloaded https://repo.maven.apache.org/maven2/com/github/luben/zstd-jni/1.5.2-1/zstd-jni-1.5.2-1.pom
2022-12-03 10:46:02,974 [Worker-42: Importing Maven projects] INFO  o.e.m.c.i.e.AbstractTransferListenerAdapter - Downloading https://repo.maven.apache.org/maven2/org/lz4/lz4-java/1.8.0/lz4-java-1.8.0.pom
2022-12-03 10:46:03,094 [Worker-42: Importing Maven projects] INFO  o.e.m.c.i.e.AbstractTransferListenerAdapter - Downloaded https://repo.maven.apache.org/maven2/org/lz4/lz4-java/1.8.0/lz4-java-1.8.0.pom
2022-12-03 10:46:03,225 [Worker-42: Importing Maven projects] INFO  o.e.m.c.i.e.AbstractTransferListenerAdapter - Downloading https://repo.maven.apache.org/maven2/org/xerial/snappy/snappy-java/1.1.8.4/snappy-java-1.1.8.4.pom
2022-12-03 10:46:03,352 [Worker-42: Importing Maven projects] INFO  o.e.m.c.i.e.AbstractTransferListenerAdapter - Downloaded https://repo.maven.apache.org/maven2/org/xerial/snappy/snappy-java/1.1.8.4/snappy-java-1.1.8.4.pom
2022-12-03 10:46:03,477 [Worker-42: Importing Maven projects] INFO  o.e.m.c.i.e.AbstractTransferListenerAdapter - Downloading https://repo.maven.apache.org/maven2/org/rocksdb/rocksdbjni/6.29.4.1/rocksdbjni-6.29.4.1.pom
2022-12-03 10:46:03,605 [Worker-42: Importing Maven projects] INFO  o.e.m.c.i.e.AbstractTransferListenerAdapter - Downloaded https://repo.maven.apache.org/maven2/org/rocksdb/rocksdbjni/6.29.4.1/rocksdbjni-6.29.4.1.pom
2022-12-03 10:46:03,738 [Worker-42: Importing Maven projects] INFO  o.e.m.c.i.e.AbstractTransferListenerAdapter - Downloading https://repo.maven.apache.org/maven2/org/springframework/kafka/spring-kafka/3.0.0/spring-kafka-3.0.0.pom
2022-12-03 10:46:03,868 [Worker-42: Importing Maven projects] INFO  o.e.m.c.i.e.AbstractTransferListenerAdapter - Downloaded https://repo.maven.apache.org/maven2/org/springframework/kafka/spring-kafka/3.0.0/spring-kafka-3.0.0.pom
2022-12-03 10:46:03,996 [Worker-42: Importing Maven projects] INFO  o.e.m.c.i.e.AbstractTransferListenerAdapter - Downloading https://repo.maven.apache.org/maven2/org/springframework/spring-messaging/6.0.2/spring-messaging-6.0.2.pom
2022-12-03 10:46:04,126 [Worker-42: Importing Maven projects] INFO  o.e.m.c.i.e.AbstractTransferListenerAdapter - Downloaded https://repo.maven.apache.org/maven2/org/springframework/spring-messaging/6.0.2/spring-messaging-6.0.2.pom
2022-12-03 10:46:04,267 [Worker-42: Importing Maven projects] INFO  o.e.m.c.i.e.AbstractTransferListenerAdapter - Downloading https://repo.maven.apache.org/maven2/org/springframework/retry/spring-retry/2.0.0/spring-retry-2.0.0.pom
2022-12-03 10:46:04,393 [Worker-42: Importing Maven projects] INFO  o.e.m.c.i.e.AbstractTransferListenerAdapter - Downloaded https://repo.maven.apache.org/maven2/org/springframework/retry/spring-retry/2.0.0/spring-retry-2.0.0.pom
2022-12-03 10:46:04,526 [Worker-42: Importing Maven projects] INFO  o.e.m.c.i.e.AbstractTransferListenerAdapter - Downloading https://repo.maven.apache.org/maven2/org/springframework/boot/spring-boot-starter-test/3.0.0/spring-boot-starter-test-3.0.0.pom
2022-12-03 10:46:04,654 [Worker-42: Importing Maven projects] INFO  o.e.m.c.i.e.AbstractTransferListenerAdapter - Downloaded https://repo.maven.apache.org/maven2/org/springframework/boot/spring-boot-starter-test/3.0.0/spring-boot-starter-test-3.0.0.pom
2022-12-03 10:46:04,780 [Worker-42: Importing Maven projects] INFO  o.e.m.c.i.e.AbstractTransferListenerAdapter - Downloading https://repo.maven.apache.org/maven2/org/springframework/boot/spring-boot-test/3.0.0/spring-boot-test-3.0.0.pom
2022-12-03 10:46:04,919 [Worker-42: Importing Maven projects] INFO  o.e.m.c.i.e.AbstractTransferListenerAdapter - Downloaded https://repo.maven.apache.org/maven2/org/springframework/boot/spring-boot-test/3.0.0/spring-boot-test-3.0.0.pom
2022-12-03 10:46:05,056 [Worker-42: Importing Maven projects] INFO  o.e.m.c.i.e.AbstractTransferListenerAdapter - Downloading https://repo.maven.apache.org/maven2/org/springframework/boot/spring-boot-test-autoconfigure/3.0.0/spring-boot-test-autoconfigure-3.0.0.pom
2022-12-03 10:46:05,192 [Worker-42: Importing Maven projects] INFO  o.e.m.c.i.e.AbstractTransferListenerAdapter - Downloaded https://repo.maven.apache.org/maven2/org/springframework/boot/spring-boot-test-autoconfigure/3.0.0/spring-boot-test-autoconfigure-3.0.0.pom
2022-12-03 10:46:05,328 [Worker-42: Importing Maven projects] INFO  o.e.m.c.i.e.AbstractTransferListenerAdapter - Downloading https://repo.maven.apache.org/maven2/org/assertj/assertj-core/3.23.1/assertj-core-3.23.1.pom
2022-12-03 10:46:05,470 [Worker-42: Importing Maven projects] INFO  o.e.m.c.i.e.AbstractTransferListenerAdapter - Downloaded https://repo.maven.apache.org/maven2/org/assertj/assertj-core/3.23.1/assertj-core-3.23.1.pom
2022-12-03 10:46:05,597 [Worker-42: Importing Maven projects] INFO  o.e.m.c.i.e.AbstractTransferListenerAdapter - Downloading https://repo.maven.apache.org/maven2/org/assertj/assertj-parent-pom/2.2.17/assertj-parent-pom-2.2.17.pom
2022-12-03 10:46:05,738 [Worker-42: Importing Maven projects] INFO  o.e.m.c.i.e.AbstractTransferListenerAdapter - Downloaded https://repo.maven.apache.org/maven2/org/assertj/assertj-parent-pom/2.2.17/assertj-parent-pom-2.2.17.pom
2022-12-03 10:46:05,874 [Worker-42: Importing Maven projects] INFO  o.e.m.c.i.e.AbstractTransferListenerAdapter - Downloading https://repo.maven.apache.org/maven2/org/junit/jupiter/junit-jupiter/5.9.1/junit-jupiter-5.9.1.pom
2022-12-03 10:46:06,004 [Worker-42: Importing Maven projects] INFO  o.e.m.c.i.e.AbstractTransferListenerAdapter - Downloaded https://repo.maven.apache.org/maven2/org/junit/jupiter/junit-jupiter/5.9.1/junit-jupiter-5.9.1.pom
2022-12-03 10:46:06,141 [Worker-42: Importing Maven projects] INFO  o.e.m.c.i.e.AbstractTransferListenerAdapter - Downloading https://repo.maven.apache.org/maven2/org/junit/jupiter/junit-jupiter-api/5.9.1/junit-jupiter-api-5.9.1.pom
2022-12-03 10:46:06,273 [Worker-42: Importing Maven projects] INFO  o.e.m.c.i.e.AbstractTransferListenerAdapter - Downloaded https://repo.maven.apache.org/maven2/org/junit/jupiter/junit-jupiter-api/5.9.1/junit-jupiter-api-5.9.1.pom
2022-12-03 10:46:06,407 [Worker-42: Importing Maven projects] INFO  o.e.m.c.i.e.AbstractTransferListenerAdapter - Downloading https://repo.maven.apache.org/maven2/org/junit/platform/junit-platform-commons/1.9.1/junit-platform-commons-1.9.1.pom
2022-12-03 10:46:06,537 [Worker-42: Importing Maven projects] INFO  o.e.m.c.i.e.AbstractTransferListenerAdapter - Downloaded https://repo.maven.apache.org/maven2/org/junit/platform/junit-platform-commons/1.9.1/junit-platform-commons-1.9.1.pom
2022-12-03 10:46:06,668 [Worker-42: Importing Maven projects] INFO  o.e.m.c.i.e.AbstractTransferListenerAdapter - Downloading https://repo.maven.apache.org/maven2/org/junit/jupiter/junit-jupiter-params/5.9.1/junit-jupiter-params-5.9.1.pom
2022-12-03 10:46:06,798 [Worker-42: Importing Maven projects] INFO  o.e.m.c.i.e.AbstractTransferListenerAdapter - Downloaded https://repo.maven.apache.org/maven2/org/junit/jupiter/junit-jupiter-params/5.9.1/junit-jupiter-params-5.9.1.pom
2022-12-03 10:46:06,928 [Worker-42: Importing Maven projects] INFO  o.e.m.c.i.e.AbstractTransferListenerAdapter - Downloading https://repo.maven.apache.org/maven2/org/junit/jupiter/junit-jupiter-engine/5.9.1/junit-jupiter-engine-5.9.1.pom
2022-12-03 10:46:07,057 [Worker-42: Importing Maven projects] INFO  o.e.m.c.i.e.AbstractTransferListenerAdapter - Downloaded https://repo.maven.apache.org/maven2/org/junit/jupiter/junit-jupiter-engine/5.9.1/junit-jupiter-engine-5.9.1.pom
2022-12-03 10:46:07,185 [Worker-42: Importing Maven projects] INFO  o.e.m.c.i.e.AbstractTransferListenerAdapter - Downloading https://repo.maven.apache.org/maven2/org/junit/platform/junit-platform-engine/1.9.1/junit-platform-engine-1.9.1.pom
2022-12-03 10:46:07,321 [Worker-42: Importing Maven projects] INFO  o.e.m.c.i.e.AbstractTransferListenerAdapter - Downloaded https://repo.maven.apache.org/maven2/org/junit/platform/junit-platform-engine/1.9.1/junit-platform-engine-1.9.1.pom
2022-12-03 10:46:07,452 [Worker-42: Importing Maven projects] INFO  o.e.m.c.i.e.AbstractTransferListenerAdapter - Downloading https://repo.maven.apache.org/maven2/org/mockito/mockito-core/4.8.1/mockito-core-4.8.1.pom
2022-12-03 10:46:07,578 [Worker-42: Importing Maven projects] INFO  o.e.m.c.i.e.AbstractTransferListenerAdapter - Downloaded https://repo.maven.apache.org/maven2/org/mockito/mockito-core/4.8.1/mockito-core-4.8.1.pom
2022-12-03 10:46:07,711 [Worker-42: Importing Maven projects] INFO  o.e.m.c.i.e.AbstractTransferListenerAdapter - Downloading https://repo.maven.apache.org/maven2/net/bytebuddy/byte-buddy-agent/1.12.19/byte-buddy-agent-1.12.19.pom
2022-12-03 10:46:07,841 [Worker-42: Importing Maven projects] INFO  o.e.m.c.i.e.AbstractTransferListenerAdapter - Downloaded https://repo.maven.apache.org/maven2/net/bytebuddy/byte-buddy-agent/1.12.19/byte-buddy-agent-1.12.19.pom
2022-12-03 10:46:07,981 [Worker-42: Importing Maven projects] INFO  o.e.m.c.i.e.AbstractTransferListenerAdapter - Downloading https://repo.maven.apache.org/maven2/org/mockito/mockito-junit-jupiter/4.8.1/mockito-junit-jupiter-4.8.1.pom
2022-12-03 10:46:08,112 [Worker-42: Importing Maven projects] INFO  o.e.m.c.i.e.AbstractTransferListenerAdapter - Downloaded https://repo.maven.apache.org/maven2/org/mockito/mockito-junit-jupiter/4.8.1/mockito-junit-jupiter-4.8.1.pom
2022-12-03 10:46:08,244 [Worker-42: Importing Maven projects] INFO  o.e.m.c.i.e.AbstractTransferListenerAdapter - Downloading https://repo.maven.apache.org/maven2/org/springframework/spring-test/6.0.2/spring-test-6.0.2.pom
2022-12-03 10:46:08,372 [Worker-42: Importing Maven projects] INFO  o.e.m.c.i.e.AbstractTransferListenerAdapter - Downloaded https://repo.maven.apache.org/maven2/org/springframework/spring-test/6.0.2/spring-test-6.0.2.pom
2022-12-03 10:46:08,512 [Worker-42: Importing Maven projects] INFO  o.e.m.c.i.e.AbstractTransferListenerAdapter - Downloading https://repo.maven.apache.org/maven2/org/springframework/kafka/spring-kafka-test/3.0.0/spring-kafka-test-3.0.0.pom
2022-12-03 10:46:08,641 [Worker-42: Importing Maven projects] INFO  o.e.m.c.i.e.AbstractTransferListenerAdapter - Downloaded https://repo.maven.apache.org/maven2/org/springframework/kafka/spring-kafka-test/3.0.0/spring-kafka-test-3.0.0.pom
2022-12-03 10:46:08,777 [Worker-42: Importing Maven projects] INFO  o.e.m.c.i.e.AbstractTransferListenerAdapter - Downloading https://repo.maven.apache.org/maven2/org/apache/zookeeper/zookeeper/3.6.3/zookeeper-3.6.3.pom
2022-12-03 10:46:08,934 [Worker-42: Importing Maven projects] INFO  o.e.m.c.i.e.AbstractTransferListenerAdapter - Downloaded https://repo.maven.apache.org/maven2/org/apache/zookeeper/zookeeper/3.6.3/zookeeper-3.6.3.pom
2022-12-03 10:46:09,065 [Worker-42: Importing Maven projects] INFO  o.e.m.c.i.e.AbstractTransferListenerAdapter - Downloading https://repo.maven.apache.org/maven2/org/apache/zookeeper/parent/3.6.3/parent-3.6.3.pom
2022-12-03 10:46:09,219 [Worker-42: Importing Maven projects] INFO  o.e.m.c.i.e.AbstractTransferListenerAdapter - Downloaded https://repo.maven.apache.org/maven2/org/apache/zookeeper/parent/3.6.3/parent-3.6.3.pom
2022-12-03 10:46:09,353 [Worker-42: Importing Maven projects] INFO  o.e.m.c.i.e.AbstractTransferListenerAdapter - Downloading https://repo.maven.apache.org/maven2/org/apache/zookeeper/zookeeper-jute/3.6.3/zookeeper-jute-3.6.3.pom
2022-12-03 10:46:09,490 [Worker-42: Importing Maven projects] INFO  o.e.m.c.i.e.AbstractTransferListenerAdapter - Downloaded https://repo.maven.apache.org/maven2/org/apache/zookeeper/zookeeper-jute/3.6.3/zookeeper-jute-3.6.3.pom
2022-12-03 10:46:09,631 [Worker-42: Importing Maven projects] INFO  o.e.m.c.i.e.AbstractTransferListenerAdapter - Downloading https://repo.maven.apache.org/maven2/org/apache/yetus/audience-annotations/0.5.0/audience-annotations-0.5.0.pom
2022-12-03 10:46:09,761 [Worker-42: Importing Maven projects] INFO  o.e.m.c.i.e.AbstractTransferListenerAdapter - Downloaded https://repo.maven.apache.org/maven2/org/apache/yetus/audience-annotations/0.5.0/audience-annotations-0.5.0.pom
2022-12-03 10:46:09,896 [Worker-42: Importing Maven projects] INFO  o.e.m.c.i.e.AbstractTransferListenerAdapter - Downloading https://repo.maven.apache.org/maven2/org/apache/yetus/yetus-project/0.5.0/yetus-project-0.5.0.pom
2022-12-03 10:46:10,022 [Worker-42: Importing Maven projects] INFO  o.e.m.c.i.e.AbstractTransferListenerAdapter - Downloaded https://repo.maven.apache.org/maven2/org/apache/yetus/yetus-project/0.5.0/yetus-project-0.5.0.pom
2022-12-03 10:46:10,157 [Worker-42: Importing Maven projects] INFO  o.e.m.c.i.e.AbstractTransferListenerAdapter - Downloading https://repo.maven.apache.org/maven2/io/netty/netty-handler/4.1.85.Final/netty-handler-4.1.85.Final.pom
2022-12-03 10:46:10,287 [Worker-42: Importing Maven projects] INFO  o.e.m.c.i.e.AbstractTransferListenerAdapter - Downloaded https://repo.maven.apache.org/maven2/io/netty/netty-handler/4.1.85.Final/netty-handler-4.1.85.Final.pom
2022-12-03 10:46:10,422 [Worker-42: Importing Maven projects] INFO  o.e.m.c.i.e.AbstractTransferListenerAdapter - Downloading https://repo.maven.apache.org/maven2/io/netty/netty-parent/4.1.85.Final/netty-parent-4.1.85.Final.pom
2022-12-03 10:46:10,588 [Worker-42: Importing Maven projects] INFO  o.e.m.c.i.e.AbstractTransferListenerAdapter - Downloaded https://repo.maven.apache.org/maven2/io/netty/netty-parent/4.1.85.Final/netty-parent-4.1.85.Final.pom
2022-12-03 10:46:10,726 [Worker-42: Importing Maven projects] INFO  o.e.m.c.i.e.AbstractTransferListenerAdapter - Downloading https://repo.maven.apache.org/maven2/io/netty/netty-common/4.1.85.Final/netty-common-4.1.85.Final.pom
2022-12-03 10:46:10,863 [Worker-42: Importing Maven projects] INFO  o.e.m.c.i.e.AbstractTransferListenerAdapter - Downloaded https://repo.maven.apache.org/maven2/io/netty/netty-common/4.1.85.Final/netty-common-4.1.85.Final.pom
2022-12-03 10:46:10,998 [Worker-42: Importing Maven projects] INFO  o.e.m.c.i.e.AbstractTransferListenerAdapter - Downloading https://repo.maven.apache.org/maven2/io/netty/netty-resolver/4.1.85.Final/netty-resolver-4.1.85.Final.pom
2022-12-03 10:46:11,128 [Worker-42: Importing Maven projects] INFO  o.e.m.c.i.e.AbstractTransferListenerAdapter - Downloaded https://repo.maven.apache.org/maven2/io/netty/netty-resolver/4.1.85.Final/netty-resolver-4.1.85.Final.pom
2022-12-03 10:46:11,269 [Worker-42: Importing Maven projects] INFO  o.e.m.c.i.e.AbstractTransferListenerAdapter - Downloading https://repo.maven.apache.org/maven2/io/netty/netty-buffer/4.1.85.Final/netty-buffer-4.1.85.Final.pom
2022-12-03 10:46:11,402 [Worker-42: Importing Maven projects] INFO  o.e.m.c.i.e.AbstractTransferListenerAdapter - Downloaded https://repo.maven.apache.org/maven2/io/netty/netty-buffer/4.1.85.Final/netty-buffer-4.1.85.Final.pom
2022-12-03 10:46:11,551 [Worker-42: Importing Maven projects] INFO  o.e.m.c.i.e.AbstractTransferListenerAdapter - Downloading https://repo.maven.apache.org/maven2/io/netty/netty-transport/4.1.85.Final/netty-transport-4.1.85.Final.pom
2022-12-03 10:46:11,677 [Worker-42: Importing Maven projects] INFO  o.e.m.c.i.e.AbstractTransferListenerAdapter - Downloaded https://repo.maven.apache.org/maven2/io/netty/netty-transport/4.1.85.Final/netty-transport-4.1.85.Final.pom
2022-12-03 10:46:11,829 [Worker-42: Importing Maven projects] INFO  o.e.m.c.i.e.AbstractTransferListenerAdapter - Downloading https://repo.maven.apache.org/maven2/io/netty/netty-transport-native-unix-common/4.1.85.Final/netty-transport-native-unix-common-4.1.85.Final.pom
2022-12-03 10:46:11,962 [Worker-42: Importing Maven projects] INFO  o.e.m.c.i.e.AbstractTransferListenerAdapter - Downloaded https://repo.maven.apache.org/maven2/io/netty/netty-transport-native-unix-common/4.1.85.Final/netty-transport-native-unix-common-4.1.85.Final.pom
2022-12-03 10:46:12,094 [Worker-42: Importing Maven projects] INFO  o.e.m.c.i.e.AbstractTransferListenerAdapter - Downloading https://repo.maven.apache.org/maven2/io/netty/netty-codec/4.1.85.Final/netty-codec-4.1.85.Final.pom
2022-12-03 10:46:12,222 [Worker-42: Importing Maven projects] INFO  o.e.m.c.i.e.AbstractTransferListenerAdapter - Downloaded https://repo.maven.apache.org/maven2/io/netty/netty-codec/4.1.85.Final/netty-codec-4.1.85.Final.pom
2022-12-03 10:46:12,357 [Worker-42: Importing Maven projects] INFO  o.e.m.c.i.e.AbstractTransferListenerAdapter - Downloading https://repo.maven.apache.org/maven2/io/netty/netty-transport-native-epoll/4.1.85.Final/netty-transport-native-epoll-4.1.85.Final.pom
2022-12-03 10:46:12,494 [Worker-42: Importing Maven projects] INFO  o.e.m.c.i.e.AbstractTransferListenerAdapter - Downloaded https://repo.maven.apache.org/maven2/io/netty/netty-transport-native-epoll/4.1.85.Final/netty-transport-native-epoll-4.1.85.Final.pom
2022-12-03 10:46:12,634 [Worker-42: Importing Maven projects] INFO  o.e.m.c.i.e.AbstractTransferListenerAdapter - Downloading https://repo.maven.apache.org/maven2/io/netty/netty-transport-classes-epoll/4.1.85.Final/netty-transport-classes-epoll-4.1.85.Final.pom
2022-12-03 10:46:12,763 [Worker-42: Importing Maven projects] INFO  o.e.m.c.i.e.AbstractTransferListenerAdapter - Downloaded https://repo.maven.apache.org/maven2/io/netty/netty-transport-classes-epoll/4.1.85.Final/netty-transport-classes-epoll-4.1.85.Final.pom
2022-12-03 10:46:12,897 [Worker-42: Importing Maven projects] INFO  o.e.m.c.i.e.AbstractTransferListenerAdapter - Downloading https://repo.maven.apache.org/maven2/org/apache/kafka/kafka-metadata/3.3.1/kafka-metadata-3.3.1.pom
2022-12-03 10:46:13,024 [Worker-42: Importing Maven projects] INFO  o.e.m.c.i.e.AbstractTransferListenerAdapter - Downloaded https://repo.maven.apache.org/maven2/org/apache/kafka/kafka-metadata/3.3.1/kafka-metadata-3.3.1.pom
2022-12-03 10:46:13,152 [Worker-42: Importing Maven projects] INFO  o.e.m.c.i.e.AbstractTransferListenerAdapter - Downloading https://repo.maven.apache.org/maven2/org/apache/kafka/kafka-server-common/3.3.1/kafka-server-common-3.3.1.pom
2022-12-03 10:46:13,285 [Worker-42: Importing Maven projects] INFO  o.e.m.c.i.e.AbstractTransferListenerAdapter - Downloaded https://repo.maven.apache.org/maven2/org/apache/kafka/kafka-server-common/3.3.1/kafka-server-common-3.3.1.pom
2022-12-03 10:46:13,417 [Worker-42: Importing Maven projects] INFO  o.e.m.c.i.e.AbstractTransferListenerAdapter - Downloading https://repo.maven.apache.org/maven2/com/yammer/metrics/metrics-core/2.2.0/metrics-core-2.2.0.pom
2022-12-03 10:46:13,551 [Worker-42: Importing Maven projects] INFO  o.e.m.c.i.e.AbstractTransferListenerAdapter - Downloaded https://repo.maven.apache.org/maven2/com/yammer/metrics/metrics-core/2.2.0/metrics-core-2.2.0.pom
2022-12-03 10:46:13,688 [Worker-42: Importing Maven projects] INFO  o.e.m.c.i.e.AbstractTransferListenerAdapter - Downloading https://repo.maven.apache.org/maven2/com/yammer/metrics/metrics-parent/2.2.0/metrics-parent-2.2.0.pom
2022-12-03 10:46:13,820 [Worker-42: Importing Maven projects] INFO  o.e.m.c.i.e.AbstractTransferListenerAdapter - Downloaded https://repo.maven.apache.org/maven2/com/yammer/metrics/metrics-parent/2.2.0/metrics-parent-2.2.0.pom
2022-12-03 10:46:13,966 [Worker-42: Importing Maven projects] INFO  o.e.m.c.i.e.AbstractTransferListenerAdapter - Downloading https://repo.maven.apache.org/maven2/org/apache/kafka/kafka-raft/3.3.1/kafka-raft-3.3.1.pom
2022-12-03 10:46:14,100 [Worker-42: Importing Maven projects] INFO  o.e.m.c.i.e.AbstractTransferListenerAdapter - Downloaded https://repo.maven.apache.org/maven2/org/apache/kafka/kafka-raft/3.3.1/kafka-raft-3.3.1.pom
2022-12-03 10:46:14,232 [Worker-42: Importing Maven projects] INFO  o.e.m.c.i.e.AbstractTransferListenerAdapter - Downloading https://repo.maven.apache.org/maven2/org/apache/kafka/kafka-streams-test-utils/3.3.1/kafka-streams-test-utils-3.3.1.pom
2022-12-03 10:46:14,366 [Worker-42: Importing Maven projects] INFO  o.e.m.c.i.e.AbstractTransferListenerAdapter - Downloaded https://repo.maven.apache.org/maven2/org/apache/kafka/kafka-streams-test-utils/3.3.1/kafka-streams-test-utils-3.3.1.pom
2022-12-03 10:46:14,525 [Worker-42: Importing Maven projects] INFO  o.e.m.c.i.e.AbstractTransferListenerAdapter - Downloading https://repo.maven.apache.org/maven2/org/apache/kafka/kafka_2.13/3.3.1/kafka_2.13-3.3.1.pom
2022-12-03 10:46:14,655 [Worker-42: Importing Maven projects] INFO  o.e.m.c.i.e.AbstractTransferListenerAdapter - Downloaded https://repo.maven.apache.org/maven2/org/apache/kafka/kafka_2.13/3.3.1/kafka_2.13-3.3.1.pom
2022-12-03 10:46:14,796 [Worker-42: Importing Maven projects] INFO  o.e.m.c.i.e.AbstractTransferListenerAdapter - Downloading https://repo.maven.apache.org/maven2/org/scala-lang/scala-library/2.13.8/scala-library-2.13.8.pom
2022-12-03 10:46:14,927 [Worker-42: Importing Maven projects] INFO  o.e.m.c.i.e.AbstractTransferListenerAdapter - Downloaded https://repo.maven.apache.org/maven2/org/scala-lang/scala-library/2.13.8/scala-library-2.13.8.pom
2022-12-03 10:46:15,070 [Worker-42: Importing Maven projects] INFO  o.e.m.c.i.e.AbstractTransferListenerAdapter - Downloading https://repo.maven.apache.org/maven2/org/apache/kafka/kafka-storage/3.3.1/kafka-storage-3.3.1.pom
2022-12-03 10:46:15,199 [Worker-42: Importing Maven projects] INFO  o.e.m.c.i.e.AbstractTransferListenerAdapter - Downloaded https://repo.maven.apache.org/maven2/org/apache/kafka/kafka-storage/3.3.1/kafka-storage-3.3.1.pom
2022-12-03 10:46:15,327 [Worker-42: Importing Maven projects] INFO  o.e.m.c.i.e.AbstractTransferListenerAdapter - Downloading https://repo.maven.apache.org/maven2/org/apache/kafka/kafka-storage-api/3.3.1/kafka-storage-api-3.3.1.pom
2022-12-03 10:46:15,456 [Worker-42: Importing Maven projects] INFO  o.e.m.c.i.e.AbstractTransferListenerAdapter - Downloaded https://repo.maven.apache.org/maven2/org/apache/kafka/kafka-storage-api/3.3.1/kafka-storage-api-3.3.1.pom
2022-12-03 10:46:15,589 [Worker-42: Importing Maven projects] INFO  o.e.m.c.i.e.AbstractTransferListenerAdapter - Downloading https://repo.maven.apache.org/maven2/net/sourceforge/argparse4j/argparse4j/0.7.0/argparse4j-0.7.0.pom
2022-12-03 10:46:15,735 [Worker-42: Importing Maven projects] INFO  o.e.m.c.i.e.AbstractTransferListenerAdapter - Downloaded https://repo.maven.apache.org/maven2/net/sourceforge/argparse4j/argparse4j/0.7.0/argparse4j-0.7.0.pom
2022-12-03 10:46:15,869 [Worker-42: Importing Maven projects] INFO  o.e.m.c.i.e.AbstractTransferListenerAdapter - Downloading https://repo.maven.apache.org/maven2/com/fasterxml/jackson/module/jackson-module-scala_2.13/2.14.1/jackson-module-scala_2.13-2.14.1.pom
2022-12-03 10:46:15,998 [Worker-42: Importing Maven projects] INFO  o.e.m.c.i.e.AbstractTransferListenerAdapter - Downloaded https://repo.maven.apache.org/maven2/com/fasterxml/jackson/module/jackson-module-scala_2.13/2.14.1/jackson-module-scala_2.13-2.14.1.pom
2022-12-03 10:46:16,138 [Worker-42: Importing Maven projects] INFO  o.e.m.c.i.e.AbstractTransferListenerAdapter - Downloading https://repo.maven.apache.org/maven2/org/scala-lang/scala-library/2.13.10/scala-library-2.13.10.pom
2022-12-03 10:46:16,275 [Worker-42: Importing Maven projects] INFO  o.e.m.c.i.e.AbstractTransferListenerAdapter - Downloaded https://repo.maven.apache.org/maven2/org/scala-lang/scala-library/2.13.10/scala-library-2.13.10.pom
2022-12-03 10:46:16,418 [Worker-42: Importing Maven projects] INFO  o.e.m.c.i.e.AbstractTransferListenerAdapter - Downloading https://repo.maven.apache.org/maven2/com/thoughtworks/paranamer/paranamer/2.8/paranamer-2.8.pom
2022-12-03 10:46:16,550 [Worker-42: Importing Maven projects] INFO  o.e.m.c.i.e.AbstractTransferListenerAdapter - Downloaded https://repo.maven.apache.org/maven2/com/thoughtworks/paranamer/paranamer/2.8/paranamer-2.8.pom
2022-12-03 10:46:16,682 [Worker-42: Importing Maven projects] INFO  o.e.m.c.i.e.AbstractTransferListenerAdapter - Downloading https://repo.maven.apache.org/maven2/com/thoughtworks/paranamer/paranamer-parent/2.8/paranamer-parent-2.8.pom
2022-12-03 10:46:16,816 [Worker-42: Importing Maven projects] INFO  o.e.m.c.i.e.AbstractTransferListenerAdapter - Downloaded https://repo.maven.apache.org/maven2/com/thoughtworks/paranamer/paranamer-parent/2.8/paranamer-parent-2.8.pom
2022-12-03 10:46:16,943 [Worker-42: Importing Maven projects] INFO  o.e.m.c.i.e.AbstractTransferListenerAdapter - Downloading https://repo.maven.apache.org/maven2/com/fasterxml/jackson/dataformat/jackson-dataformat-csv/2.14.1/jackson-dataformat-csv-2.14.1.pom
2022-12-03 10:46:17,088 [Worker-42: Importing Maven projects] INFO  o.e.m.c.i.e.AbstractTransferListenerAdapter - Downloaded https://repo.maven.apache.org/maven2/com/fasterxml/jackson/dataformat/jackson-dataformat-csv/2.14.1/jackson-dataformat-csv-2.14.1.pom
2022-12-03 10:46:17,225 [Worker-42: Importing Maven projects] INFO  o.e.m.c.i.e.AbstractTransferListenerAdapter - Downloading https://repo.maven.apache.org/maven2/com/fasterxml/jackson/dataformat/jackson-dataformats-text/2.14.1/jackson-dataformats-text-2.14.1.pom
2022-12-03 10:46:17,360 [Worker-42: Importing Maven projects] INFO  o.e.m.c.i.e.AbstractTransferListenerAdapter - Downloaded https://repo.maven.apache.org/maven2/com/fasterxml/jackson/dataformat/jackson-dataformats-text/2.14.1/jackson-dataformats-text-2.14.1.pom
2022-12-03 10:46:17,505 [Worker-42: Importing Maven projects] INFO  o.e.m.c.i.e.AbstractTransferListenerAdapter - Downloading https://repo.maven.apache.org/maven2/net/sf/jopt-simple/jopt-simple/5.0.4/jopt-simple-5.0.4.pom
2022-12-03 10:46:17,634 [Worker-42: Importing Maven projects] INFO  o.e.m.c.i.e.AbstractTransferListenerAdapter - Downloaded https://repo.maven.apache.org/maven2/net/sf/jopt-simple/jopt-simple/5.0.4/jopt-simple-5.0.4.pom
2022-12-03 10:46:17,767 [Worker-42: Importing Maven projects] INFO  o.e.m.c.i.e.AbstractTransferListenerAdapter - Downloading https://repo.maven.apache.org/maven2/org/bitbucket/b_c/jose4j/0.7.9/jose4j-0.7.9.pom
2022-12-03 10:46:17,895 [Worker-42: Importing Maven projects] INFO  o.e.m.c.i.e.AbstractTransferListenerAdapter - Downloaded https://repo.maven.apache.org/maven2/org/bitbucket/b_c/jose4j/0.7.9/jose4j-0.7.9.pom
2022-12-03 10:46:18,064 [Worker-42: Importing Maven projects] INFO  o.e.m.c.i.e.AbstractTransferListenerAdapter - Downloading https://repo.maven.apache.org/maven2/org/scala-lang/modules/scala-collection-compat_2.13/2.6.0/scala-collection-compat_2.13-2.6.0.pom
2022-12-03 10:46:18,198 [Worker-42: Importing Maven projects] INFO  o.e.m.c.i.e.AbstractTransferListenerAdapter - Downloaded https://repo.maven.apache.org/maven2/org/scala-lang/modules/scala-collection-compat_2.13/2.6.0/scala-collection-compat_2.13-2.6.0.pom
2022-12-03 10:46:18,331 [Worker-42: Importing Maven projects] INFO  o.e.m.c.i.e.AbstractTransferListenerAdapter - Downloading https://repo.maven.apache.org/maven2/org/scala-lang/scala-library/2.13.7/scala-library-2.13.7.pom
2022-12-03 10:46:18,466 [Worker-42: Importing Maven projects] INFO  o.e.m.c.i.e.AbstractTransferListenerAdapter - Downloaded https://repo.maven.apache.org/maven2/org/scala-lang/scala-library/2.13.7/scala-library-2.13.7.pom
2022-12-03 10:46:18,604 [Worker-42: Importing Maven projects] INFO  o.e.m.c.i.e.AbstractTransferListenerAdapter - Downloading https://repo.maven.apache.org/maven2/org/scala-lang/modules/scala-java8-compat_2.13/1.0.2/scala-java8-compat_2.13-1.0.2.pom
2022-12-03 10:46:18,737 [Worker-42: Importing Maven projects] INFO  o.e.m.c.i.e.AbstractTransferListenerAdapter - Downloaded https://repo.maven.apache.org/maven2/org/scala-lang/modules/scala-java8-compat_2.13/1.0.2/scala-java8-compat_2.13-1.0.2.pom
2022-12-03 10:46:18,869 [Worker-42: Importing Maven projects] INFO  o.e.m.c.i.e.AbstractTransferListenerAdapter - Downloading https://repo.maven.apache.org/maven2/org/scala-lang/scala-library/2.13.6/scala-library-2.13.6.pom
2022-12-03 10:46:18,997 [Worker-42: Importing Maven projects] INFO  o.e.m.c.i.e.AbstractTransferListenerAdapter - Downloaded https://repo.maven.apache.org/maven2/org/scala-lang/scala-library/2.13.6/scala-library-2.13.6.pom
2022-12-03 10:46:19,140 [Worker-42: Importing Maven projects] INFO  o.e.m.c.i.e.AbstractTransferListenerAdapter - Downloading https://repo.maven.apache.org/maven2/org/scala-lang/scala-reflect/2.13.8/scala-reflect-2.13.8.pom
2022-12-03 10:46:19,273 [Worker-42: Importing Maven projects] INFO  o.e.m.c.i.e.AbstractTransferListenerAdapter - Downloaded https://repo.maven.apache.org/maven2/org/scala-lang/scala-reflect/2.13.8/scala-reflect-2.13.8.pom
2022-12-03 10:46:19,423 [Worker-42: Importing Maven projects] INFO  o.e.m.c.i.e.AbstractTransferListenerAdapter - Downloading https://repo.maven.apache.org/maven2/com/typesafe/scala-logging/scala-logging_2.13/3.9.4/scala-logging_2.13-3.9.4.pom
2022-12-03 10:46:19,547 [Worker-42: Importing Maven projects] INFO  o.e.m.c.i.e.AbstractTransferListenerAdapter - Downloaded https://repo.maven.apache.org/maven2/com/typesafe/scala-logging/scala-logging_2.13/3.9.4/scala-logging_2.13-3.9.4.pom
2022-12-03 10:46:19,688 [Worker-42: Importing Maven projects] INFO  o.e.m.c.i.e.AbstractTransferListenerAdapter - Downloading https://repo.maven.apache.org/maven2/org/scala-lang/scala-library/2.13.5/scala-library-2.13.5.pom
2022-12-03 10:46:19,824 [Worker-42: Importing Maven projects] INFO  o.e.m.c.i.e.AbstractTransferListenerAdapter - Downloaded https://repo.maven.apache.org/maven2/org/scala-lang/scala-library/2.13.5/scala-library-2.13.5.pom
2022-12-03 10:46:19,954 [Worker-42: Importing Maven projects] INFO  o.e.m.c.i.e.AbstractTransferListenerAdapter - Downloading https://repo.maven.apache.org/maven2/org/scala-lang/scala-reflect/2.13.5/scala-reflect-2.13.5.pom
2022-12-03 10:46:20,083 [Worker-42: Importing Maven projects] INFO  o.e.m.c.i.e.AbstractTransferListenerAdapter - Downloaded https://repo.maven.apache.org/maven2/org/scala-lang/scala-reflect/2.13.5/scala-reflect-2.13.5.pom
2022-12-03 10:46:20,219 [Worker-42: Importing Maven projects] INFO  o.e.m.c.i.e.AbstractTransferListenerAdapter - Downloading https://repo.maven.apache.org/maven2/io/dropwizard/metrics/metrics-core/4.2.13/metrics-core-4.2.13.pom
2022-12-03 10:46:20,350 [Worker-42: Importing Maven projects] INFO  o.e.m.c.i.e.AbstractTransferListenerAdapter - Downloaded https://repo.maven.apache.org/maven2/io/dropwizard/metrics/metrics-core/4.2.13/metrics-core-4.2.13.pom
2022-12-03 10:46:20,486 [Worker-42: Importing Maven projects] INFO  o.e.m.c.i.e.AbstractTransferListenerAdapter - Downloading https://repo.maven.apache.org/maven2/commons-cli/commons-cli/1.4/commons-cli-1.4.pom
2022-12-03 10:46:20,615 [Worker-42: Importing Maven projects] INFO  o.e.m.c.i.e.AbstractTransferListenerAdapter - Downloaded https://repo.maven.apache.org/maven2/commons-cli/commons-cli/1.4/commons-cli-1.4.pom
2022-12-03 10:46:20,754 [AetherRepositoryConnector-repo.maven.apache.org-0-0] INFO  o.e.m.c.i.e.AbstractTransferListenerAdapter - Downloading https://repo.maven.apache.org/maven2/org/springframework/boot/spring-boot-starter-data-jpa/3.0.0/spring-boot-starter-data-jpa-3.0.0.jar
2022-12-03 10:46:20,880 [AetherRepositoryConnector-repo.maven.apache.org-0-4] INFO  o.e.m.c.i.e.AbstractTransferListenerAdapter - Downloading https://repo.maven.apache.org/maven2/org/springframework/boot/spring-boot-starter-jdbc/3.0.0/spring-boot-starter-jdbc-3.0.0.jar
2022-12-03 10:46:20,882 [AetherRepositoryConnector-repo.maven.apache.org-0-1] INFO  o.e.m.c.i.e.AbstractTransferListenerAdapter - Downloading https://repo.maven.apache.org/maven2/org/springframework/boot/spring-boot-starter-aop/3.0.0/spring-boot-starter-aop-3.0.0.jar
2022-12-03 10:46:20,888 [AetherRepositoryConnector-repo.maven.apache.org-0-2] INFO  o.e.m.c.i.e.AbstractTransferListenerAdapter - Downloading https://repo.maven.apache.org/maven2/org/springframework/spring-aop/6.0.2/spring-aop-6.0.2.jar
2022-12-03 10:46:21,064 [AetherRepositoryConnector-repo.maven.apache.org-0-3] INFO  o.e.m.c.i.e.AbstractTransferListenerAdapter - Downloading https://repo.maven.apache.org/maven2/org/aspectj/aspectjweaver/1.9.9.1/aspectjweaver-1.9.9.1.jar
2022-12-03 10:46:21,064 [AetherRepositoryConnector-repo.maven.apache.org-0-0] INFO  o.e.m.c.i.e.AbstractTransferListenerAdapter - Downloaded https://repo.maven.apache.org/maven2/org/springframework/boot/spring-boot-starter-data-jpa/3.0.0/spring-boot-starter-data-jpa-3.0.0.jar
2022-12-03 10:46:21,257 [AetherRepositoryConnector-repo.maven.apache.org-0-4] INFO  o.e.m.c.i.e.AbstractTransferListenerAdapter - Downloaded https://repo.maven.apache.org/maven2/org/springframework/boot/spring-boot-starter-jdbc/3.0.0/spring-boot-starter-jdbc-3.0.0.jar
2022-12-03 10:46:21,257 [AetherRepositoryConnector-repo.maven.apache.org-0-1] INFO  o.e.m.c.i.e.AbstractTransferListenerAdapter - Downloaded https://repo.maven.apache.org/maven2/org/springframework/boot/spring-boot-starter-aop/3.0.0/spring-boot-starter-aop-3.0.0.jar
2022-12-03 10:46:21,401 [AetherRepositoryConnector-repo.maven.apache.org-0-0] INFO  o.e.m.c.i.e.AbstractTransferListenerAdapter - Downloading https://repo.maven.apache.org/maven2/com/zaxxer/HikariCP/5.0.1/HikariCP-5.0.1.jar
2022-12-03 10:46:21,401 [AetherRepositoryConnector-repo.maven.apache.org-0-2] INFO  o.e.m.c.i.e.AbstractTransferListenerAdapter - Downloaded https://repo.maven.apache.org/maven2/org/springframework/spring-aop/6.0.2/spring-aop-6.0.2.jar
2022-12-03 10:46:21,497 [AetherRepositoryConnector-repo.maven.apache.org-0-4] INFO  o.e.m.c.i.e.AbstractTransferListenerAdapter - Downloading https://repo.maven.apache.org/maven2/org/springframework/spring-jdbc/6.0.2/spring-jdbc-6.0.2.jar
2022-12-03 10:46:21,526 [AetherRepositoryConnector-repo.maven.apache.org-0-1] INFO  o.e.m.c.i.e.AbstractTransferListenerAdapter - Downloading https://repo.maven.apache.org/maven2/org/hibernate/orm/hibernate-core/6.1.5.Final/hibernate-core-6.1.5.Final.jar
2022-12-03 10:46:21,658 [AetherRepositoryConnector-repo.maven.apache.org-0-2] INFO  o.e.m.c.i.e.AbstractTransferListenerAdapter - Downloading https://repo.maven.apache.org/maven2/jakarta/persistence/jakarta.persistence-api/3.1.0/jakarta.persistence-api-3.1.0.jar
2022-12-03 10:46:21,769 [AetherRepositoryConnector-repo.maven.apache.org-0-0] INFO  o.e.m.c.i.e.AbstractTransferListenerAdapter - Downloaded https://repo.maven.apache.org/maven2/com/zaxxer/HikariCP/5.0.1/HikariCP-5.0.1.jar
2022-12-03 10:46:21,963 [AetherRepositoryConnector-repo.maven.apache.org-0-0] INFO  o.e.m.c.i.e.AbstractTransferListenerAdapter - Downloading https://repo.maven.apache.org/maven2/jakarta/transaction/jakarta.transaction-api/2.0.1/jakarta.transaction-api-2.0.1.jar
2022-12-03 10:46:22,159 [AetherRepositoryConnector-repo.maven.apache.org-0-2] INFO  o.e.m.c.i.e.AbstractTransferListenerAdapter - Downloaded https://repo.maven.apache.org/maven2/jakarta/persistence/jakarta.persistence-api/3.1.0/jakarta.persistence-api-3.1.0.jar
2022-12-03 10:46:22,275 [AetherRepositoryConnector-repo.maven.apache.org-0-0] INFO  o.e.m.c.i.e.AbstractTransferListenerAdapter - Downloaded https://repo.maven.apache.org/maven2/jakarta/transaction/jakarta.transaction-api/2.0.1/jakarta.transaction-api-2.0.1.jar
2022-12-03 10:46:22,335 [AetherRepositoryConnector-repo.maven.apache.org-0-4] INFO  o.e.m.c.i.e.AbstractTransferListenerAdapter - Downloaded https://repo.maven.apache.org/maven2/org/springframework/spring-jdbc/6.0.2/spring-jdbc-6.0.2.jar
2022-12-03 10:46:22,396 [AetherRepositoryConnector-repo.maven.apache.org-0-2] INFO  o.e.m.c.i.e.AbstractTransferListenerAdapter - Downloading https://repo.maven.apache.org/maven2/org/jboss/logging/jboss-logging/3.5.0.Final/jboss-logging-3.5.0.Final.jar
2022-12-03 10:46:22,531 [AetherRepositoryConnector-repo.maven.apache.org-0-0] INFO  o.e.m.c.i.e.AbstractTransferListenerAdapter - Downloading https://repo.maven.apache.org/maven2/org/hibernate/common/hibernate-commons-annotations/6.0.2.Final/hibernate-commons-annotations-6.0.2.Final.jar
2022-12-03 10:46:22,654 [AetherRepositoryConnector-repo.maven.apache.org-0-4] INFO  o.e.m.c.i.e.AbstractTransferListenerAdapter - Downloading https://repo.maven.apache.org/maven2/net/bytebuddy/byte-buddy/1.12.19/byte-buddy-1.12.19.jar
2022-12-03 10:46:22,658 [AetherRepositoryConnector-repo.maven.apache.org-0-3] INFO  o.e.m.c.i.e.AbstractTransferListenerAdapter - Downloaded https://repo.maven.apache.org/maven2/org/aspectj/aspectjweaver/1.9.9.1/aspectjweaver-1.9.9.1.jar
2022-12-03 10:46:22,789 [AetherRepositoryConnector-repo.maven.apache.org-0-2] INFO  o.e.m.c.i.e.AbstractTransferListenerAdapter - Downloaded https://repo.maven.apache.org/maven2/org/jboss/logging/jboss-logging/3.5.0.Final/jboss-logging-3.5.0.Final.jar
2022-12-03 10:46:22,934 [AetherRepositoryConnector-repo.maven.apache.org-0-3] INFO  o.e.m.c.i.e.AbstractTransferListenerAdapter - Downloading https://repo.maven.apache.org/maven2/org/glassfish/jaxb/jaxb-runtime/4.0.1/jaxb-runtime-4.0.1.jar
2022-12-03 10:46:22,934 [AetherRepositoryConnector-repo.maven.apache.org-0-0] INFO  o.e.m.c.i.e.AbstractTransferListenerAdapter - Downloaded https://repo.maven.apache.org/maven2/org/hibernate/common/hibernate-commons-annotations/6.0.2.Final/hibernate-commons-annotations-6.0.2.Final.jar
2022-12-03 10:46:23,072 [AetherRepositoryConnector-repo.maven.apache.org-0-2] INFO  o.e.m.c.i.e.AbstractTransferListenerAdapter - Downloading https://repo.maven.apache.org/maven2/org/glassfish/jaxb/jaxb-core/4.0.1/jaxb-core-4.0.1.jar
2022-12-03 10:46:23,310 [AetherRepositoryConnector-repo.maven.apache.org-0-0] INFO  o.e.m.c.i.e.AbstractTransferListenerAdapter - Downloading https://repo.maven.apache.org/maven2/org/eclipse/angus/angus-activation/1.0.0/angus-activation-1.0.0.jar
2022-12-03 10:46:23,448 [AetherRepositoryConnector-repo.maven.apache.org-0-2] INFO  o.e.m.c.i.e.AbstractTransferListenerAdapter - Downloaded https://repo.maven.apache.org/maven2/org/glassfish/jaxb/jaxb-core/4.0.1/jaxb-core-4.0.1.jar
2022-12-03 10:46:23,585 [AetherRepositoryConnector-repo.maven.apache.org-0-0] INFO  o.e.m.c.i.e.AbstractTransferListenerAdapter - Downloaded https://repo.maven.apache.org/maven2/org/eclipse/angus/angus-activation/1.0.0/angus-activation-1.0.0.jar
2022-12-03 10:46:23,715 [AetherRepositoryConnector-repo.maven.apache.org-0-2] INFO  o.e.m.c.i.e.AbstractTransferListenerAdapter - Downloading https://repo.maven.apache.org/maven2/org/glassfish/jaxb/txw2/4.0.1/txw2-4.0.1.jar
2022-12-03 10:46:23,847 [AetherRepositoryConnector-repo.maven.apache.org-0-3] INFO  o.e.m.c.i.e.AbstractTransferListenerAdapter - Downloaded https://repo.maven.apache.org/maven2/org/glassfish/jaxb/jaxb-runtime/4.0.1/jaxb-runtime-4.0.1.jar
2022-12-03 10:46:23,984 [AetherRepositoryConnector-repo.maven.apache.org-0-0] INFO  o.e.m.c.i.e.AbstractTransferListenerAdapter - Downloading https://repo.maven.apache.org/maven2/com/sun/istack/istack-commons-runtime/4.1.1/istack-commons-runtime-4.1.1.jar
2022-12-03 10:46:24,102 [AetherRepositoryConnector-repo.maven.apache.org-0-2] INFO  o.e.m.c.i.e.AbstractTransferListenerAdapter - Downloaded https://repo.maven.apache.org/maven2/org/glassfish/jaxb/txw2/4.0.1/txw2-4.0.1.jar
2022-12-03 10:46:24,234 [AetherRepositoryConnector-repo.maven.apache.org-0-3] INFO  o.e.m.c.i.e.AbstractTransferListenerAdapter - Downloading https://repo.maven.apache.org/maven2/jakarta/inject/jakarta.inject-api/2.0.0/jakarta.inject-api-2.0.0.jar
2022-12-03 10:46:24,364 [AetherRepositoryConnector-repo.maven.apache.org-0-0] INFO  o.e.m.c.i.e.AbstractTransferListenerAdapter - Downloaded https://repo.maven.apache.org/maven2/com/sun/istack/istack-commons-runtime/4.1.1/istack-commons-runtime-4.1.1.jar
2022-12-03 10:46:24,475 [AetherRepositoryConnector-repo.maven.apache.org-0-2] INFO  o.e.m.c.i.e.AbstractTransferListenerAdapter - Downloading https://repo.maven.apache.org/maven2/org/antlr/antlr4-runtime/4.10.1/antlr4-runtime-4.10.1.jar
2022-12-03 10:46:24,475 [AetherRepositoryConnector-repo.maven.apache.org-0-4] INFO  o.e.m.c.i.e.AbstractTransferListenerAdapter - Downloaded https://repo.maven.apache.org/maven2/net/bytebuddy/byte-buddy/1.12.19/byte-buddy-1.12.19.jar
2022-12-03 10:46:24,611 [AetherRepositoryConnector-repo.maven.apache.org-0-3] INFO  o.e.m.c.i.e.AbstractTransferListenerAdapter - Downloaded https://repo.maven.apache.org/maven2/jakarta/inject/jakarta.inject-api/2.0.0/jakarta.inject-api-2.0.0.jar
2022-12-03 10:46:24,656 [AetherRepositoryConnector-repo.maven.apache.org-0-0] INFO  o.e.m.c.i.e.AbstractTransferListenerAdapter - Downloading https://repo.maven.apache.org/maven2/org/springframework/data/spring-data-jpa/3.0.0/spring-data-jpa-3.0.0.jar
2022-12-03 10:46:24,692 [AetherRepositoryConnector-repo.maven.apache.org-0-4] INFO  o.e.m.c.i.e.AbstractTransferListenerAdapter - Downloading https://repo.maven.apache.org/maven2/org/springframework/data/spring-data-commons/3.0.0/spring-data-commons-3.0.0.jar
2022-12-03 10:46:24,839 [AetherRepositoryConnector-repo.maven.apache.org-0-2] INFO  o.e.m.c.i.e.AbstractTransferListenerAdapter - Downloaded https://repo.maven.apache.org/maven2/org/antlr/antlr4-runtime/4.10.1/antlr4-runtime-4.10.1.jar
2022-12-03 10:46:24,890 [AetherRepositoryConnector-repo.maven.apache.org-0-3] INFO  o.e.m.c.i.e.AbstractTransferListenerAdapter - Downloading https://repo.maven.apache.org/maven2/org/springframework/spring-orm/6.0.2/spring-orm-6.0.2.jar
2022-12-03 10:46:24,891 [AetherRepositoryConnector-repo.maven.apache.org-0-1] INFO  o.e.m.c.i.e.AbstractTransferListenerAdapter - Downloaded https://repo.maven.apache.org/maven2/org/hibernate/orm/hibernate-core/6.1.5.Final/hibernate-core-6.1.5.Final.jar
2022-12-03 10:46:24,897 [AetherRepositoryConnector-repo.maven.apache.org-0-0] INFO  o.e.m.c.i.e.AbstractTransferListenerAdapter - Downloaded https://repo.maven.apache.org/maven2/org/springframework/data/spring-data-jpa/3.0.0/spring-data-jpa-3.0.0.jar
2022-12-03 10:46:25,008 [AetherRepositoryConnector-repo.maven.apache.org-0-2] INFO  o.e.m.c.i.e.AbstractTransferListenerAdapter - Downloading https://repo.maven.apache.org/maven2/org/springframework/spring-beans/6.0.2/spring-beans-6.0.2.jar
2022-12-03 10:46:25,009 [AetherRepositoryConnector-repo.maven.apache.org-0-4] INFO  o.e.m.c.i.e.AbstractTransferListenerAdapter - Downloaded https://repo.maven.apache.org/maven2/org/springframework/data/spring-data-commons/3.0.0/spring-data-commons-3.0.0.jar
2022-12-03 10:46:25,129 [AetherRepositoryConnector-repo.maven.apache.org-0-3] INFO  o.e.m.c.i.e.AbstractTransferListenerAdapter - Downloaded https://repo.maven.apache.org/maven2/org/springframework/spring-orm/6.0.2/spring-orm-6.0.2.jar
2022-12-03 10:46:25,130 [AetherRepositoryConnector-repo.maven.apache.org-0-1] INFO  o.e.m.c.i.e.AbstractTransferListenerAdapter - Downloading https://repo.maven.apache.org/maven2/jakarta/annotation/jakarta.annotation-api/2.1.1/jakarta.annotation-api-2.1.1.jar
2022-12-03 10:46:25,131 [AetherRepositoryConnector-repo.maven.apache.org-0-0] INFO  o.e.m.c.i.e.AbstractTransferListenerAdapter - Downloading https://repo.maven.apache.org/maven2/org/springframework/spring-aspects/6.0.2/spring-aspects-6.0.2.jar
2022-12-03 10:46:25,267 [AetherRepositoryConnector-repo.maven.apache.org-0-4] INFO  o.e.m.c.i.e.AbstractTransferListenerAdapter - Downloading https://repo.maven.apache.org/maven2/org/springframework/boot/spring-boot-starter-web/3.0.0/spring-boot-starter-web-3.0.0.jar
2022-12-03 10:46:25,268 [AetherRepositoryConnector-repo.maven.apache.org-0-2] INFO  o.e.m.c.i.e.AbstractTransferListenerAdapter - Downloaded https://repo.maven.apache.org/maven2/org/springframework/spring-beans/6.0.2/spring-beans-6.0.2.jar
2022-12-03 10:46:25,384 [AetherRepositoryConnector-repo.maven.apache.org-0-1] INFO  o.e.m.c.i.e.AbstractTransferListenerAdapter - Downloaded https://repo.maven.apache.org/maven2/jakarta/annotation/jakarta.annotation-api/2.1.1/jakarta.annotation-api-2.1.1.jar
2022-12-03 10:46:25,384 [AetherRepositoryConnector-repo.maven.apache.org-0-3] INFO  o.e.m.c.i.e.AbstractTransferListenerAdapter - Downloading https://repo.maven.apache.org/maven2/org/springframework/boot/spring-boot-starter/3.0.0/spring-boot-starter-3.0.0.jar
2022-12-03 10:46:25,385 [AetherRepositoryConnector-repo.maven.apache.org-0-0] INFO  o.e.m.c.i.e.AbstractTransferListenerAdapter - Downloaded https://repo.maven.apache.org/maven2/org/springframework/spring-aspects/6.0.2/spring-aspects-6.0.2.jar
2022-12-03 10:46:25,512 [AetherRepositoryConnector-repo.maven.apache.org-0-4] INFO  o.e.m.c.i.e.AbstractTransferListenerAdapter - Downloaded https://repo.maven.apache.org/maven2/org/springframework/boot/spring-boot-starter-web/3.0.0/spring-boot-starter-web-3.0.0.jar
2022-12-03 10:46:25,513 [AetherRepositoryConnector-repo.maven.apache.org-0-2] INFO  o.e.m.c.i.e.AbstractTransferListenerAdapter - Downloading https://repo.maven.apache.org/maven2/org/springframework/boot/spring-boot/3.0.0/spring-boot-3.0.0.jar
2022-12-03 10:46:25,656 [AetherRepositoryConnector-repo.maven.apache.org-0-0] INFO  o.e.m.c.i.e.AbstractTransferListenerAdapter - Downloading https://repo.maven.apache.org/maven2/org/springframework/boot/spring-boot-starter-logging/3.0.0/spring-boot-starter-logging-3.0.0.jar
2022-12-03 10:46:25,657 [AetherRepositoryConnector-repo.maven.apache.org-0-3] INFO  o.e.m.c.i.e.AbstractTransferListenerAdapter - Downloaded https://repo.maven.apache.org/maven2/org/springframework/boot/spring-boot-starter/3.0.0/spring-boot-starter-3.0.0.jar
2022-12-03 10:46:25,658 [AetherRepositoryConnector-repo.maven.apache.org-0-1] INFO  o.e.m.c.i.e.AbstractTransferListenerAdapter - Downloading https://repo.maven.apache.org/maven2/org/springframework/boot/spring-boot-autoconfigure/3.0.0/spring-boot-autoconfigure-3.0.0.jar
2022-12-03 10:46:25,801 [AetherRepositoryConnector-repo.maven.apache.org-0-4] INFO  o.e.m.c.i.e.AbstractTransferListenerAdapter - Downloading https://repo.maven.apache.org/maven2/ch/qos/logback/logback-classic/1.4.5/logback-classic-1.4.5.jar
2022-12-03 10:46:25,883 [AetherRepositoryConnector-repo.maven.apache.org-0-0] INFO  o.e.m.c.i.e.AbstractTransferListenerAdapter - Downloaded https://repo.maven.apache.org/maven2/org/springframework/boot/spring-boot-starter-logging/3.0.0/spring-boot-starter-logging-3.0.0.jar
2022-12-03 10:46:25,883 [AetherRepositoryConnector-repo.maven.apache.org-0-2] INFO  o.e.m.c.i.e.AbstractTransferListenerAdapter - Downloaded https://repo.maven.apache.org/maven2/org/springframework/boot/spring-boot/3.0.0/spring-boot-3.0.0.jar
2022-12-03 10:46:25,884 [AetherRepositoryConnector-repo.maven.apache.org-0-3] INFO  o.e.m.c.i.e.AbstractTransferListenerAdapter - Downloading https://repo.maven.apache.org/maven2/ch/qos/logback/logback-core/1.4.5/logback-core-1.4.5.jar
2022-12-03 10:46:26,013 [AetherRepositoryConnector-repo.maven.apache.org-0-1] INFO  o.e.m.c.i.e.AbstractTransferListenerAdapter - Downloaded https://repo.maven.apache.org/maven2/org/springframework/boot/spring-boot-autoconfigure/3.0.0/spring-boot-autoconfigure-3.0.0.jar
2022-12-03 10:46:26,013 [AetherRepositoryConnector-repo.maven.apache.org-0-4] INFO  o.e.m.c.i.e.AbstractTransferListenerAdapter - Downloaded https://repo.maven.apache.org/maven2/ch/qos/logback/logback-classic/1.4.5/logback-classic-1.4.5.jar
2022-12-03 10:46:26,144 [AetherRepositoryConnector-repo.maven.apache.org-0-3] INFO  o.e.m.c.i.e.AbstractTransferListenerAdapter - Downloaded https://repo.maven.apache.org/maven2/ch/qos/logback/logback-core/1.4.5/logback-core-1.4.5.jar
2022-12-03 10:46:26,145 [AetherRepositoryConnector-repo.maven.apache.org-0-2] INFO  o.e.m.c.i.e.AbstractTransferListenerAdapter - Downloading https://repo.maven.apache.org/maven2/org/apache/logging/log4j/log4j-to-slf4j/2.19.0/log4j-to-slf4j-2.19.0.jar
2022-12-03 10:46:26,147 [AetherRepositoryConnector-repo.maven.apache.org-0-0] INFO  o.e.m.c.i.e.AbstractTransferListenerAdapter - Downloading https://repo.maven.apache.org/maven2/org/apache/logging/log4j/log4j-api/2.19.0/log4j-api-2.19.0.jar
2022-12-03 10:46:26,278 [AetherRepositoryConnector-repo.maven.apache.org-0-4] INFO  o.e.m.c.i.e.AbstractTransferListenerAdapter - Downloading https://repo.maven.apache.org/maven2/org/slf4j/jul-to-slf4j/2.0.4/jul-to-slf4j-2.0.4.jar
2022-12-03 10:46:26,279 [AetherRepositoryConnector-repo.maven.apache.org-0-1] INFO  o.e.m.c.i.e.AbstractTransferListenerAdapter - Downloading https://repo.maven.apache.org/maven2/org/yaml/snakeyaml/1.33/snakeyaml-1.33.jar
2022-12-03 10:46:26,405 [AetherRepositoryConnector-repo.maven.apache.org-0-3] INFO  o.e.m.c.i.e.AbstractTransferListenerAdapter - Downloading https://repo.maven.apache.org/maven2/org/springframework/boot/spring-boot-starter-json/3.0.0/spring-boot-starter-json-3.0.0.jar
2022-12-03 10:46:26,405 [AetherRepositoryConnector-repo.maven.apache.org-0-0] INFO  o.e.m.c.i.e.AbstractTransferListenerAdapter - Downloaded https://repo.maven.apache.org/maven2/org/apache/logging/log4j/log4j-api/2.19.0/log4j-api-2.19.0.jar
2022-12-03 10:46:26,405 [AetherRepositoryConnector-repo.maven.apache.org-0-2] INFO  o.e.m.c.i.e.AbstractTransferListenerAdapter - Downloaded https://repo.maven.apache.org/maven2/org/apache/logging/log4j/log4j-to-slf4j/2.19.0/log4j-to-slf4j-2.19.0.jar
2022-12-03 10:46:26,535 [AetherRepositoryConnector-repo.maven.apache.org-0-4] INFO  o.e.m.c.i.e.AbstractTransferListenerAdapter - Downloaded https://repo.maven.apache.org/maven2/org/slf4j/jul-to-slf4j/2.0.4/jul-to-slf4j-2.0.4.jar
2022-12-03 10:46:26,535 [AetherRepositoryConnector-repo.maven.apache.org-0-1] INFO  o.e.m.c.i.e.AbstractTransferListenerAdapter - Downloaded https://repo.maven.apache.org/maven2/org/yaml/snakeyaml/1.33/snakeyaml-1.33.jar
2022-12-03 10:46:26,663 [AetherRepositoryConnector-repo.maven.apache.org-0-0] INFO  o.e.m.c.i.e.AbstractTransferListenerAdapter - Downloading https://repo.maven.apache.org/maven2/com/fasterxml/jackson/datatype/jackson-datatype-jdk8/2.14.1/jackson-datatype-jdk8-2.14.1.jar
2022-12-03 10:46:26,664 [AetherRepositoryConnector-repo.maven.apache.org-0-2] INFO  o.e.m.c.i.e.AbstractTransferListenerAdapter - Downloading https://repo.maven.apache.org/maven2/com/fasterxml/jackson/datatype/jackson-datatype-jsr310/2.14.1/jackson-datatype-jsr310-2.14.1.jar
2022-12-03 10:46:26,668 [AetherRepositoryConnector-repo.maven.apache.org-0-3] INFO  o.e.m.c.i.e.AbstractTransferListenerAdapter - Downloaded https://repo.maven.apache.org/maven2/org/springframework/boot/spring-boot-starter-json/3.0.0/spring-boot-starter-json-3.0.0.jar
2022-12-03 10:46:26,801 [AetherRepositoryConnector-repo.maven.apache.org-0-4] INFO  o.e.m.c.i.e.AbstractTransferListenerAdapter - Downloading https://repo.maven.apache.org/maven2/org/springframework/boot/spring-boot-starter-tomcat/3.0.0/spring-boot-starter-tomcat-3.0.0.jar
2022-12-03 10:46:26,802 [AetherRepositoryConnector-repo.maven.apache.org-0-1] INFO  o.e.m.c.i.e.AbstractTransferListenerAdapter - Downloading https://repo.maven.apache.org/maven2/com/fasterxml/jackson/module/jackson-module-parameter-names/2.14.1/jackson-module-parameter-names-2.14.1.jar
2022-12-03 10:46:26,933 [AetherRepositoryConnector-repo.maven.apache.org-0-2] INFO  o.e.m.c.i.e.AbstractTransferListenerAdapter - Downloaded https://repo.maven.apache.org/maven2/com/fasterxml/jackson/datatype/jackson-datatype-jsr310/2.14.1/jackson-datatype-jsr310-2.14.1.jar
2022-12-03 10:46:26,933 [AetherRepositoryConnector-repo.maven.apache.org-0-0] INFO  o.e.m.c.i.e.AbstractTransferListenerAdapter - Downloaded https://repo.maven.apache.org/maven2/com/fasterxml/jackson/datatype/jackson-datatype-jdk8/2.14.1/jackson-datatype-jdk8-2.14.1.jar
2022-12-03 10:46:26,936 [AetherRepositoryConnector-repo.maven.apache.org-0-3] INFO  o.e.m.c.i.e.AbstractTransferListenerAdapter - Downloading https://repo.maven.apache.org/maven2/org/apache/tomcat/embed/tomcat-embed-core/10.1.1/tomcat-embed-core-10.1.1.jar
2022-12-03 10:46:27,208 [AetherRepositoryConnector-repo.maven.apache.org-0-4] INFO  o.e.m.c.i.e.AbstractTransferListenerAdapter - Downloaded https://repo.maven.apache.org/maven2/org/springframework/boot/spring-boot-starter-tomcat/3.0.0/spring-boot-starter-tomcat-3.0.0.jar
2022-12-03 10:46:27,208 [AetherRepositoryConnector-repo.maven.apache.org-0-1] INFO  o.e.m.c.i.e.AbstractTransferListenerAdapter - Downloaded https://repo.maven.apache.org/maven2/com/fasterxml/jackson/module/jackson-module-parameter-names/2.14.1/jackson-module-parameter-names-2.14.1.jar
2022-12-03 10:46:27,224 [AetherRepositoryConnector-repo.maven.apache.org-0-0] INFO  o.e.m.c.i.e.AbstractTransferListenerAdapter - Downloading https://repo.maven.apache.org/maven2/org/apache/tomcat/embed/tomcat-embed-el/10.1.1/tomcat-embed-el-10.1.1.jar
2022-12-03 10:46:27,246 [AetherRepositoryConnector-repo.maven.apache.org-0-2] INFO  o.e.m.c.i.e.AbstractTransferListenerAdapter - Downloading https://repo.maven.apache.org/maven2/org/apache/tomcat/embed/tomcat-embed-websocket/10.1.1/tomcat-embed-websocket-10.1.1.jar
2022-12-03 10:46:27,336 [AetherRepositoryConnector-repo.maven.apache.org-0-1] INFO  o.e.m.c.i.e.AbstractTransferListenerAdapter - Downloading https://repo.maven.apache.org/maven2/org/springframework/spring-webmvc/6.0.2/spring-webmvc-6.0.2.jar
2022-12-03 10:46:27,460 [AetherRepositoryConnector-repo.maven.apache.org-0-0] INFO  o.e.m.c.i.e.AbstractTransferListenerAdapter - Downloaded https://repo.maven.apache.org/maven2/org/apache/tomcat/embed/tomcat-embed-el/10.1.1/tomcat-embed-el-10.1.1.jar
2022-12-03 10:46:27,460 [AetherRepositoryConnector-repo.maven.apache.org-0-3] INFO  o.e.m.c.i.e.AbstractTransferListenerAdapter - Downloaded https://repo.maven.apache.org/maven2/org/apache/tomcat/embed/tomcat-embed-core/10.1.1/tomcat-embed-core-10.1.1.jar
2022-12-03 10:46:27,460 [AetherRepositoryConnector-repo.maven.apache.org-0-2] INFO  o.e.m.c.i.e.AbstractTransferListenerAdapter - Downloaded https://repo.maven.apache.org/maven2/org/apache/tomcat/embed/tomcat-embed-websocket/10.1.1/tomcat-embed-websocket-10.1.1.jar
2022-12-03 10:46:27,461 [AetherRepositoryConnector-repo.maven.apache.org-0-4] INFO  o.e.m.c.i.e.AbstractTransferListenerAdapter - Downloading https://repo.maven.apache.org/maven2/org/springframework/spring-web/6.0.2/spring-web-6.0.2.jar
2022-12-03 10:46:27,594 [AetherRepositoryConnector-repo.maven.apache.org-0-1] INFO  o.e.m.c.i.e.AbstractTransferListenerAdapter - Downloaded https://repo.maven.apache.org/maven2/org/springframework/spring-webmvc/6.0.2/spring-webmvc-6.0.2.jar
2022-12-03 10:46:27,728 [AetherRepositoryConnector-repo.maven.apache.org-0-0] INFO  o.e.m.c.i.e.AbstractTransferListenerAdapter - Downloading https://repo.maven.apache.org/maven2/org/springframework/spring-expression/6.0.2/spring-expression-6.0.2.jar
2022-12-03 10:46:27,745 [AetherRepositoryConnector-repo.maven.apache.org-0-2] INFO  o.e.m.c.i.e.AbstractTransferListenerAdapter - Downloading https://repo.maven.apache.org/maven2/org/apache/kafka/kafka-streams/3.3.1/kafka-streams-3.3.1.jar
2022-12-03 10:46:27,872 [AetherRepositoryConnector-repo.maven.apache.org-0-3] INFO  o.e.m.c.i.e.AbstractTransferListenerAdapter - Downloading https://repo.maven.apache.org/maven2/org/apache/kafka/kafka-clients/3.3.1/kafka-clients-3.3.1.jar
2022-12-03 10:46:27,982 [AetherRepositoryConnector-repo.maven.apache.org-0-4] INFO  o.e.m.c.i.e.AbstractTransferListenerAdapter - Downloaded https://repo.maven.apache.org/maven2/org/springframework/spring-web/6.0.2/spring-web-6.0.2.jar
2022-12-03 10:46:28,000 [AetherRepositoryConnector-repo.maven.apache.org-0-1] INFO  o.e.m.c.i.e.AbstractTransferListenerAdapter - Downloading https://repo.maven.apache.org/maven2/com/github/luben/zstd-jni/1.5.2-1/zstd-jni-1.5.2-1.jar
2022-12-03 10:46:28,102 [AetherRepositoryConnector-repo.maven.apache.org-0-0] INFO  o.e.m.c.i.e.AbstractTransferListenerAdapter - Downloaded https://repo.maven.apache.org/maven2/org/springframework/spring-expression/6.0.2/spring-expression-6.0.2.jar
2022-12-03 10:46:28,233 [AetherRepositoryConnector-repo.maven.apache.org-0-2] INFO  o.e.m.c.i.e.AbstractTransferListenerAdapter - Downloaded https://repo.maven.apache.org/maven2/org/apache/kafka/kafka-streams/3.3.1/kafka-streams-3.3.1.jar
2022-12-03 10:46:28,369 [AetherRepositoryConnector-repo.maven.apache.org-0-4] INFO  o.e.m.c.i.e.AbstractTransferListenerAdapter - Downloading https://repo.maven.apache.org/maven2/org/lz4/lz4-java/1.8.0/lz4-java-1.8.0.jar
2022-12-03 10:46:28,511 [AetherRepositoryConnector-repo.maven.apache.org-0-0] INFO  o.e.m.c.i.e.AbstractTransferListenerAdapter - Downloading https://repo.maven.apache.org/maven2/org/xerial/snappy/snappy-java/1.1.8.4/snappy-java-1.1.8.4.jar
2022-12-03 10:46:28,631 [AetherRepositoryConnector-repo.maven.apache.org-0-2] INFO  o.e.m.c.i.e.AbstractTransferListenerAdapter - Downloading https://repo.maven.apache.org/maven2/org/rocksdb/rocksdbjni/6.29.4.1/rocksdbjni-6.29.4.1.jar
2022-12-03 10:46:28,772 [AetherRepositoryConnector-repo.maven.apache.org-0-3] INFO  o.e.m.c.i.e.AbstractTransferListenerAdapter - Downloaded https://repo.maven.apache.org/maven2/org/apache/kafka/kafka-clients/3.3.1/kafka-clients-3.3.1.jar
2022-12-03 10:46:28,913 [AetherRepositoryConnector-repo.maven.apache.org-0-4] INFO  o.e.m.c.i.e.AbstractTransferListenerAdapter - Downloaded https://repo.maven.apache.org/maven2/org/lz4/lz4-java/1.8.0/lz4-java-1.8.0.jar
2022-12-03 10:46:29,177 [AetherRepositoryConnector-repo.maven.apache.org-0-3] INFO  o.e.m.c.i.e.AbstractTransferListenerAdapter - Downloading https://repo.maven.apache.org/maven2/org/slf4j/slf4j-api/2.0.4/slf4j-api-2.0.4.jar
2022-12-03 10:46:29,177 [AetherRepositoryConnector-repo.maven.apache.org-0-1] INFO  o.e.m.c.i.e.AbstractTransferListenerAdapter - Downloaded https://repo.maven.apache.org/maven2/com/github/luben/zstd-jni/1.5.2-1/zstd-jni-1.5.2-1.jar
2022-12-03 10:46:29,177 [AetherRepositoryConnector-repo.maven.apache.org-0-0] INFO  o.e.m.c.i.e.AbstractTransferListenerAdapter - Downloaded https://repo.maven.apache.org/maven2/org/xerial/snappy/snappy-java/1.1.8.4/snappy-java-1.1.8.4.jar
2022-12-03 10:46:29,293 [AetherRepositoryConnector-repo.maven.apache.org-0-4] INFO  o.e.m.c.i.e.AbstractTransferListenerAdapter - Downloading https://repo.maven.apache.org/maven2/com/fasterxml/jackson/core/jackson-annotations/2.14.1/jackson-annotations-2.14.1.jar
2022-12-03 10:46:29,440 [AetherRepositoryConnector-repo.maven.apache.org-0-1] INFO  o.e.m.c.i.e.AbstractTransferListenerAdapter - Downloading https://repo.maven.apache.org/maven2/com/fasterxml/jackson/core/jackson-databind/2.14.1/jackson-databind-2.14.1.jar
2022-12-03 10:46:29,566 [AetherRepositoryConnector-repo.maven.apache.org-0-0] INFO  o.e.m.c.i.e.AbstractTransferListenerAdapter - Downloading https://repo.maven.apache.org/maven2/com/fasterxml/jackson/core/jackson-core/2.14.1/jackson-core-2.14.1.jar
2022-12-03 10:46:29,567 [AetherRepositoryConnector-repo.maven.apache.org-0-3] INFO  o.e.m.c.i.e.AbstractTransferListenerAdapter - Downloaded https://repo.maven.apache.org/maven2/org/slf4j/slf4j-api/2.0.4/slf4j-api-2.0.4.jar
2022-12-03 10:46:29,567 [AetherRepositoryConnector-repo.maven.apache.org-0-4] INFO  o.e.m.c.i.e.AbstractTransferListenerAdapter - Downloaded https://repo.maven.apache.org/maven2/com/fasterxml/jackson/core/jackson-annotations/2.14.1/jackson-annotations-2.14.1.jar
2022-12-03 10:46:29,837 [AetherRepositoryConnector-repo.maven.apache.org-0-4] INFO  o.e.m.c.i.e.AbstractTransferListenerAdapter - Downloading https://repo.maven.apache.org/maven2/org/springframework/spring-context/6.0.2/spring-context-6.0.2.jar
2022-12-03 10:46:29,959 [AetherRepositoryConnector-repo.maven.apache.org-0-1] INFO  o.e.m.c.i.e.AbstractTransferListenerAdapter - Downloaded https://repo.maven.apache.org/maven2/com/fasterxml/jackson/core/jackson-databind/2.14.1/jackson-databind-2.14.1.jar
2022-12-03 10:46:29,959 [AetherRepositoryConnector-repo.maven.apache.org-0-0] INFO  o.e.m.c.i.e.AbstractTransferListenerAdapter - Downloaded https://repo.maven.apache.org/maven2/com/fasterxml/jackson/core/jackson-core/2.14.1/jackson-core-2.14.1.jar
2022-12-03 10:46:29,971 [AetherRepositoryConnector-repo.maven.apache.org-0-3] INFO  o.e.m.c.i.e.AbstractTransferListenerAdapter - Downloading https://repo.maven.apache.org/maven2/org/springframework/kafka/spring-kafka/3.0.0/spring-kafka-3.0.0.jar
2022-12-03 10:46:30,219 [AetherRepositoryConnector-repo.maven.apache.org-0-4] INFO  o.e.m.c.i.e.AbstractTransferListenerAdapter - Downloaded https://repo.maven.apache.org/maven2/org/springframework/spring-context/6.0.2/spring-context-6.0.2.jar
2022-12-03 10:46:30,328 [AetherRepositoryConnector-repo.maven.apache.org-0-0] INFO  o.e.m.c.i.e.AbstractTransferListenerAdapter - Downloading https://repo.maven.apache.org/maven2/org/springframework/spring-messaging/6.0.2/spring-messaging-6.0.2.jar
2022-12-03 10:46:30,350 [AetherRepositoryConnector-repo.maven.apache.org-0-3] INFO  o.e.m.c.i.e.AbstractTransferListenerAdapter - Downloaded https://repo.maven.apache.org/maven2/org/springframework/kafka/spring-kafka/3.0.0/spring-kafka-3.0.0.jar
2022-12-03 10:46:30,357 [AetherRepositoryConnector-repo.maven.apache.org-0-1] INFO  o.e.m.c.i.e.AbstractTransferListenerAdapter - Downloading https://repo.maven.apache.org/maven2/org/springframework/spring-tx/6.0.2/spring-tx-6.0.2.jar
2022-12-03 10:46:30,605 [AetherRepositoryConnector-repo.maven.apache.org-0-4] INFO  o.e.m.c.i.e.AbstractTransferListenerAdapter - Downloading https://repo.maven.apache.org/maven2/org/springframework/retry/spring-retry/2.0.0/spring-retry-2.0.0.jar
2022-12-03 10:46:30,733 [AetherRepositoryConnector-repo.maven.apache.org-0-3] INFO  o.e.m.c.i.e.AbstractTransferListenerAdapter - Downloading https://repo.maven.apache.org/maven2/io/micrometer/micrometer-observation/1.10.2/micrometer-observation-1.10.2.jar
2022-12-03 10:46:30,733 [AetherRepositoryConnector-repo.maven.apache.org-0-1] INFO  o.e.m.c.i.e.AbstractTransferListenerAdapter - Downloaded https://repo.maven.apache.org/maven2/org/springframework/spring-tx/6.0.2/spring-tx-6.0.2.jar
2022-12-03 10:46:30,733 [AetherRepositoryConnector-repo.maven.apache.org-0-0] INFO  o.e.m.c.i.e.AbstractTransferListenerAdapter - Downloaded https://repo.maven.apache.org/maven2/org/springframework/spring-messaging/6.0.2/spring-messaging-6.0.2.jar
2022-12-03 10:46:30,987 [AetherRepositoryConnector-repo.maven.apache.org-0-4] INFO  o.e.m.c.i.e.AbstractTransferListenerAdapter - Downloaded https://repo.maven.apache.org/maven2/org/springframework/retry/spring-retry/2.0.0/spring-retry-2.0.0.jar
2022-12-03 10:46:31,114 [AetherRepositoryConnector-repo.maven.apache.org-0-1] INFO  o.e.m.c.i.e.AbstractTransferListenerAdapter - Downloading https://repo.maven.apache.org/maven2/io/micrometer/micrometer-commons/1.10.2/micrometer-commons-1.10.2.jar
2022-12-03 10:46:31,114 [AetherRepositoryConnector-repo.maven.apache.org-0-0] INFO  o.e.m.c.i.e.AbstractTransferListenerAdapter - Downloading https://repo.maven.apache.org/maven2/org/springframework/boot/spring-boot-starter-test/3.0.0/spring-boot-starter-test-3.0.0.jar
2022-12-03 10:46:31,115 [AetherRepositoryConnector-repo.maven.apache.org-0-3] INFO  o.e.m.c.i.e.AbstractTransferListenerAdapter - Downloaded https://repo.maven.apache.org/maven2/io/micrometer/micrometer-observation/1.10.2/micrometer-observation-1.10.2.jar
2022-12-03 10:46:31,345 [AetherRepositoryConnector-repo.maven.apache.org-0-4] INFO  o.e.m.c.i.e.AbstractTransferListenerAdapter - Downloading https://repo.maven.apache.org/maven2/org/springframework/boot/spring-boot-test/3.0.0/spring-boot-test-3.0.0.jar
2022-12-03 10:46:31,357 [AetherRepositoryConnector-repo.maven.apache.org-0-3] INFO  o.e.m.c.i.e.AbstractTransferListenerAdapter - Downloading https://repo.maven.apache.org/maven2/org/springframework/boot/spring-boot-test-autoconfigure/3.0.0/spring-boot-test-autoconfigure-3.0.0.jar
2022-12-03 10:46:31,358 [AetherRepositoryConnector-repo.maven.apache.org-0-1] INFO  o.e.m.c.i.e.AbstractTransferListenerAdapter - Downloaded https://repo.maven.apache.org/maven2/io/micrometer/micrometer-commons/1.10.2/micrometer-commons-1.10.2.jar
2022-12-03 10:46:31,358 [AetherRepositoryConnector-repo.maven.apache.org-0-0] INFO  o.e.m.c.i.e.AbstractTransferListenerAdapter - Downloaded https://repo.maven.apache.org/maven2/org/springframework/boot/spring-boot-starter-test/3.0.0/spring-boot-starter-test-3.0.0.jar
2022-12-03 10:46:31,604 [AetherRepositoryConnector-repo.maven.apache.org-0-4] INFO  o.e.m.c.i.e.AbstractTransferListenerAdapter - Downloaded https://repo.maven.apache.org/maven2/org/springframework/boot/spring-boot-test/3.0.0/spring-boot-test-3.0.0.jar
2022-12-03 10:46:31,604 [AetherRepositoryConnector-repo.maven.apache.org-0-3] INFO  o.e.m.c.i.e.AbstractTransferListenerAdapter - Downloaded https://repo.maven.apache.org/maven2/org/springframework/boot/spring-boot-test-autoconfigure/3.0.0/spring-boot-test-autoconfigure-3.0.0.jar
2022-12-03 10:46:31,604 [AetherRepositoryConnector-repo.maven.apache.org-0-1] INFO  o.e.m.c.i.e.AbstractTransferListenerAdapter - Downloading https://repo.maven.apache.org/maven2/jakarta/xml/bind/jakarta.xml.bind-api/4.0.0/jakarta.xml.bind-api-4.0.0.jar
2022-12-03 10:46:31,604 [AetherRepositoryConnector-repo.maven.apache.org-0-0] INFO  o.e.m.c.i.e.AbstractTransferListenerAdapter - Downloading https://repo.maven.apache.org/maven2/jakarta/activation/jakarta.activation-api/2.1.0/jakarta.activation-api-2.1.0.jar
2022-12-03 10:46:31,610 [AetherRepositoryConnector-repo.maven.apache.org-0-2] INFO  o.e.m.c.i.e.AbstractTransferListenerAdapter - Downloaded https://repo.maven.apache.org/maven2/org/rocksdb/rocksdbjni/6.29.4.1/rocksdbjni-6.29.4.1.jar
2022-12-03 10:46:31,751 [AetherRepositoryConnector-repo.maven.apache.org-0-3] INFO  o.e.m.c.i.e.AbstractTransferListenerAdapter - Downloading https://repo.maven.apache.org/maven2/org/assertj/assertj-core/3.23.1/assertj-core-3.23.1.jar
2022-12-03 10:46:31,871 [AetherRepositoryConnector-repo.maven.apache.org-0-4] INFO  o.e.m.c.i.e.AbstractTransferListenerAdapter - Downloading https://repo.maven.apache.org/maven2/org/junit/jupiter/junit-jupiter/5.9.1/junit-jupiter-5.9.1.jar
2022-12-03 10:46:31,871 [AetherRepositoryConnector-repo.maven.apache.org-0-0] INFO  o.e.m.c.i.e.AbstractTransferListenerAdapter - Downloaded https://repo.maven.apache.org/maven2/jakarta/activation/jakarta.activation-api/2.1.0/jakarta.activation-api-2.1.0.jar
2022-12-03 10:46:31,871 [AetherRepositoryConnector-repo.maven.apache.org-0-1] INFO  o.e.m.c.i.e.AbstractTransferListenerAdapter - Downloaded https://repo.maven.apache.org/maven2/jakarta/xml/bind/jakarta.xml.bind-api/4.0.0/jakarta.xml.bind-api-4.0.0.jar
2022-12-03 10:46:31,872 [AetherRepositoryConnector-repo.maven.apache.org-0-2] INFO  o.e.m.c.i.e.AbstractTransferListenerAdapter - Downloading https://repo.maven.apache.org/maven2/org/junit/jupiter/junit-jupiter-params/5.9.1/junit-jupiter-params-5.9.1.jar
2022-12-03 10:46:32,000 [AetherRepositoryConnector-repo.maven.apache.org-0-3] INFO  o.e.m.c.i.e.AbstractTransferListenerAdapter - Downloaded https://repo.maven.apache.org/maven2/org/assertj/assertj-core/3.23.1/assertj-core-3.23.1.jar
2022-12-03 10:46:32,136 [AetherRepositoryConnector-repo.maven.apache.org-0-2] INFO  o.e.m.c.i.e.AbstractTransferListenerAdapter - Downloaded https://repo.maven.apache.org/maven2/org/junit/jupiter/junit-jupiter-params/5.9.1/junit-jupiter-params-5.9.1.jar
2022-12-03 10:46:32,136 [AetherRepositoryConnector-repo.maven.apache.org-0-4] INFO  o.e.m.c.i.e.AbstractTransferListenerAdapter - Downloaded https://repo.maven.apache.org/maven2/org/junit/jupiter/junit-jupiter/5.9.1/junit-jupiter-5.9.1.jar
2022-12-03 10:46:32,143 [AetherRepositoryConnector-repo.maven.apache.org-0-0] INFO  o.e.m.c.i.e.AbstractTransferListenerAdapter - Downloading https://repo.maven.apache.org/maven2/org/junit/jupiter/junit-jupiter-engine/5.9.1/junit-jupiter-engine-5.9.1.jar
2022-12-03 10:46:32,143 [AetherRepositoryConnector-repo.maven.apache.org-0-1] INFO  o.e.m.c.i.e.AbstractTransferListenerAdapter - Downloading https://repo.maven.apache.org/maven2/org/junit/platform/junit-platform-engine/1.9.1/junit-platform-engine-1.9.1.jar
2022-12-03 10:46:32,255 [AetherRepositoryConnector-repo.maven.apache.org-0-3] INFO  o.e.m.c.i.e.AbstractTransferListenerAdapter - Downloading https://repo.maven.apache.org/maven2/org/mockito/mockito-core/4.8.1/mockito-core-4.8.1.jar
2022-12-03 10:46:32,390 [AetherRepositoryConnector-repo.maven.apache.org-0-2] INFO  o.e.m.c.i.e.AbstractTransferListenerAdapter - Downloading https://repo.maven.apache.org/maven2/org/mockito/mockito-junit-jupiter/4.8.1/mockito-junit-jupiter-4.8.1.jar
2022-12-03 10:46:32,390 [AetherRepositoryConnector-repo.maven.apache.org-0-0] INFO  o.e.m.c.i.e.AbstractTransferListenerAdapter - Downloaded https://repo.maven.apache.org/maven2/org/junit/jupiter/junit-jupiter-engine/5.9.1/junit-jupiter-engine-5.9.1.jar
2022-12-03 10:46:32,390 [AetherRepositoryConnector-repo.maven.apache.org-0-1] INFO  o.e.m.c.i.e.AbstractTransferListenerAdapter - Downloaded https://repo.maven.apache.org/maven2/org/junit/platform/junit-platform-engine/1.9.1/junit-platform-engine-1.9.1.jar
2022-12-03 10:46:32,392 [AetherRepositoryConnector-repo.maven.apache.org-0-4] INFO  o.e.m.c.i.e.AbstractTransferListenerAdapter - Downloading https://repo.maven.apache.org/maven2/net/bytebuddy/byte-buddy-agent/1.12.19/byte-buddy-agent-1.12.19.jar
2022-12-03 10:46:32,517 [AetherRepositoryConnector-repo.maven.apache.org-0-3] INFO  o.e.m.c.i.e.AbstractTransferListenerAdapter - Downloaded https://repo.maven.apache.org/maven2/org/mockito/mockito-core/4.8.1/mockito-core-4.8.1.jar
2022-12-03 10:46:32,655 [AetherRepositoryConnector-repo.maven.apache.org-0-1] INFO  o.e.m.c.i.e.AbstractTransferListenerAdapter - Downloading https://repo.maven.apache.org/maven2/org/springframework/spring-jcl/6.0.2/spring-jcl-6.0.2.jar
2022-12-03 10:46:32,655 [AetherRepositoryConnector-repo.maven.apache.org-0-4] INFO  o.e.m.c.i.e.AbstractTransferListenerAdapter - Downloaded https://repo.maven.apache.org/maven2/net/bytebuddy/byte-buddy-agent/1.12.19/byte-buddy-agent-1.12.19.jar
2022-12-03 10:46:32,655 [AetherRepositoryConnector-repo.maven.apache.org-0-2] INFO  o.e.m.c.i.e.AbstractTransferListenerAdapter - Downloaded https://repo.maven.apache.org/maven2/org/mockito/mockito-junit-jupiter/4.8.1/mockito-junit-jupiter-4.8.1.jar
2022-12-03 10:46:32,658 [AetherRepositoryConnector-repo.maven.apache.org-0-0] INFO  o.e.m.c.i.e.AbstractTransferListenerAdapter - Downloading https://repo.maven.apache.org/maven2/org/springframework/spring-core/6.0.2/spring-core-6.0.2.jar
2022-12-03 10:46:32,781 [AetherRepositoryConnector-repo.maven.apache.org-0-3] INFO  o.e.m.c.i.e.AbstractTransferListenerAdapter - Downloading https://repo.maven.apache.org/maven2/org/springframework/spring-test/6.0.2/spring-test-6.0.2.jar
2022-12-03 10:46:32,910 [AetherRepositoryConnector-repo.maven.apache.org-0-0] INFO  o.e.m.c.i.e.AbstractTransferListenerAdapter - Downloaded https://repo.maven.apache.org/maven2/org/springframework/spring-core/6.0.2/spring-core-6.0.2.jar
2022-12-03 10:46:32,910 [AetherRepositoryConnector-repo.maven.apache.org-0-1] INFO  o.e.m.c.i.e.AbstractTransferListenerAdapter - Downloaded https://repo.maven.apache.org/maven2/org/springframework/spring-jcl/6.0.2/spring-jcl-6.0.2.jar
2022-12-03 10:46:32,911 [AetherRepositoryConnector-repo.maven.apache.org-0-4] INFO  o.e.m.c.i.e.AbstractTransferListenerAdapter - Downloading https://repo.maven.apache.org/maven2/org/springframework/kafka/spring-kafka-test/3.0.0/spring-kafka-test-3.0.0.jar
2022-12-03 10:46:32,932 [AetherRepositoryConnector-repo.maven.apache.org-0-2] INFO  o.e.m.c.i.e.AbstractTransferListenerAdapter - Downloading https://repo.maven.apache.org/maven2/org/apache/zookeeper/zookeeper/3.6.3/zookeeper-3.6.3.jar
2022-12-03 10:46:33,040 [AetherRepositoryConnector-repo.maven.apache.org-0-3] INFO  o.e.m.c.i.e.AbstractTransferListenerAdapter - Downloaded https://repo.maven.apache.org/maven2/org/springframework/spring-test/6.0.2/spring-test-6.0.2.jar
2022-12-03 10:46:33,167 [AetherRepositoryConnector-repo.maven.apache.org-0-4] INFO  o.e.m.c.i.e.AbstractTransferListenerAdapter - Downloaded https://repo.maven.apache.org/maven2/org/springframework/kafka/spring-kafka-test/3.0.0/spring-kafka-test-3.0.0.jar
2022-12-03 10:46:33,167 [AetherRepositoryConnector-repo.maven.apache.org-0-2] INFO  o.e.m.c.i.e.AbstractTransferListenerAdapter - Downloaded https://repo.maven.apache.org/maven2/org/apache/zookeeper/zookeeper/3.6.3/zookeeper-3.6.3.jar
2022-12-03 10:46:33,170 [AetherRepositoryConnector-repo.maven.apache.org-0-0] INFO  o.e.m.c.i.e.AbstractTransferListenerAdapter - Downloading https://repo.maven.apache.org/maven2/org/apache/yetus/audience-annotations/0.5.0/audience-annotations-0.5.0.jar
2022-12-03 10:46:33,179 [AetherRepositoryConnector-repo.maven.apache.org-0-1] INFO  o.e.m.c.i.e.AbstractTransferListenerAdapter - Downloading https://repo.maven.apache.org/maven2/org/apache/zookeeper/zookeeper-jute/3.6.3/zookeeper-jute-3.6.3.jar
2022-12-03 10:46:33,320 [AetherRepositoryConnector-repo.maven.apache.org-0-3] INFO  o.e.m.c.i.e.AbstractTransferListenerAdapter - Downloading https://repo.maven.apache.org/maven2/io/netty/netty-handler/4.1.85.Final/netty-handler-4.1.85.Final.jar
2022-12-03 10:46:33,425 [AetherRepositoryConnector-repo.maven.apache.org-0-4] INFO  o.e.m.c.i.e.AbstractTransferListenerAdapter - Downloading https://repo.maven.apache.org/maven2/io/netty/netty-resolver/4.1.85.Final/netty-resolver-4.1.85.Final.jar
2022-12-03 10:46:33,425 [AetherRepositoryConnector-repo.maven.apache.org-0-0] INFO  o.e.m.c.i.e.AbstractTransferListenerAdapter - Downloaded https://repo.maven.apache.org/maven2/org/apache/yetus/audience-annotations/0.5.0/audience-annotations-0.5.0.jar
2022-12-03 10:46:33,425 [AetherRepositoryConnector-repo.maven.apache.org-0-1] INFO  o.e.m.c.i.e.AbstractTransferListenerAdapter - Downloaded https://repo.maven.apache.org/maven2/org/apache/zookeeper/zookeeper-jute/3.6.3/zookeeper-jute-3.6.3.jar
2022-12-03 10:46:33,427 [AetherRepositoryConnector-repo.maven.apache.org-0-2] INFO  o.e.m.c.i.e.AbstractTransferListenerAdapter - Downloading https://repo.maven.apache.org/maven2/io/netty/netty-common/4.1.85.Final/netty-common-4.1.85.Final.jar
2022-12-03 10:46:33,552 [AetherRepositoryConnector-repo.maven.apache.org-0-3] INFO  o.e.m.c.i.e.AbstractTransferListenerAdapter - Downloaded https://repo.maven.apache.org/maven2/io/netty/netty-handler/4.1.85.Final/netty-handler-4.1.85.Final.jar
2022-12-03 10:46:33,675 [AetherRepositoryConnector-repo.maven.apache.org-0-4] INFO  o.e.m.c.i.e.AbstractTransferListenerAdapter - Downloaded https://repo.maven.apache.org/maven2/io/netty/netty-resolver/4.1.85.Final/netty-resolver-4.1.85.Final.jar
2022-12-03 10:46:33,675 [AetherRepositoryConnector-repo.maven.apache.org-0-2] INFO  o.e.m.c.i.e.AbstractTransferListenerAdapter - Downloaded https://repo.maven.apache.org/maven2/io/netty/netty-common/4.1.85.Final/netty-common-4.1.85.Final.jar
2022-12-03 10:46:33,676 [AetherRepositoryConnector-repo.maven.apache.org-0-0] INFO  o.e.m.c.i.e.AbstractTransferListenerAdapter - Downloading https://repo.maven.apache.org/maven2/io/netty/netty-buffer/4.1.85.Final/netty-buffer-4.1.85.Final.jar
2022-12-03 10:46:33,686 [AetherRepositoryConnector-repo.maven.apache.org-0-1] INFO  o.e.m.c.i.e.AbstractTransferListenerAdapter - Downloading https://repo.maven.apache.org/maven2/io/netty/netty-transport/4.1.85.Final/netty-transport-4.1.85.Final.jar
2022-12-03 10:46:33,800 [AetherRepositoryConnector-repo.maven.apache.org-0-3] INFO  o.e.m.c.i.e.AbstractTransferListenerAdapter - Downloading https://repo.maven.apache.org/maven2/io/netty/netty-transport-native-unix-common/4.1.85.Final/netty-transport-native-unix-common-4.1.85.Final.jar
2022-12-03 10:46:33,933 [AetherRepositoryConnector-repo.maven.apache.org-0-4] INFO  o.e.m.c.i.e.AbstractTransferListenerAdapter - Downloading https://repo.maven.apache.org/maven2/io/netty/netty-transport-native-epoll/4.1.85.Final/netty-transport-native-epoll-4.1.85.Final.jar
2022-12-03 10:46:33,934 [AetherRepositoryConnector-repo.maven.apache.org-0-0] INFO  o.e.m.c.i.e.AbstractTransferListenerAdapter - Downloaded https://repo.maven.apache.org/maven2/io/netty/netty-buffer/4.1.85.Final/netty-buffer-4.1.85.Final.jar
2022-12-03 10:46:33,934 [AetherRepositoryConnector-repo.maven.apache.org-0-2] INFO  o.e.m.c.i.e.AbstractTransferListenerAdapter - Downloading https://repo.maven.apache.org/maven2/io/netty/netty-codec/4.1.85.Final/netty-codec-4.1.85.Final.jar
2022-12-03 10:46:33,946 [AetherRepositoryConnector-repo.maven.apache.org-0-1] INFO  o.e.m.c.i.e.AbstractTransferListenerAdapter - Downloaded https://repo.maven.apache.org/maven2/io/netty/netty-transport/4.1.85.Final/netty-transport-4.1.85.Final.jar
2022-12-03 10:46:34,090 [AetherRepositoryConnector-repo.maven.apache.org-0-3] INFO  o.e.m.c.i.e.AbstractTransferListenerAdapter - Downloaded https://repo.maven.apache.org/maven2/io/netty/netty-transport-native-unix-common/4.1.85.Final/netty-transport-native-unix-common-4.1.85.Final.jar
2022-12-03 10:46:34,196 [AetherRepositoryConnector-repo.maven.apache.org-0-2] INFO  o.e.m.c.i.e.AbstractTransferListenerAdapter - Downloaded https://repo.maven.apache.org/maven2/io/netty/netty-codec/4.1.85.Final/netty-codec-4.1.85.Final.jar
2022-12-03 10:46:34,196 [AetherRepositoryConnector-repo.maven.apache.org-0-0] INFO  o.e.m.c.i.e.AbstractTransferListenerAdapter - Downloading https://repo.maven.apache.org/maven2/io/netty/netty-transport-classes-epoll/4.1.85.Final/netty-transport-classes-epoll-4.1.85.Final.jar
2022-12-03 10:46:34,197 [AetherRepositoryConnector-repo.maven.apache.org-0-4] INFO  o.e.m.c.i.e.AbstractTransferListenerAdapter - Downloaded https://repo.maven.apache.org/maven2/io/netty/netty-transport-native-epoll/4.1.85.Final/netty-transport-native-epoll-4.1.85.Final.jar
2022-12-03 10:46:34,216 [AetherRepositoryConnector-repo.maven.apache.org-0-1] INFO  o.e.m.c.i.e.AbstractTransferListenerAdapter - Downloading https://repo.maven.apache.org/maven2/org/apache/kafka/kafka-clients/3.3.1/kafka-clients-3.3.1-test.jar
2022-12-03 10:46:34,389 [AetherRepositoryConnector-repo.maven.apache.org-0-3] INFO  o.e.m.c.i.e.AbstractTransferListenerAdapter - Downloading https://repo.maven.apache.org/maven2/org/apache/kafka/kafka-metadata/3.3.1/kafka-metadata-3.3.1.jar
2022-12-03 10:46:34,451 [AetherRepositoryConnector-repo.maven.apache.org-0-2] INFO  o.e.m.c.i.e.AbstractTransferListenerAdapter - Downloading https://repo.maven.apache.org/maven2/org/apache/kafka/kafka-server-common/3.3.1/kafka-server-common-3.3.1.jar
2022-12-03 10:46:34,451 [AetherRepositoryConnector-repo.maven.apache.org-0-0] INFO  o.e.m.c.i.e.AbstractTransferListenerAdapter - Downloaded https://repo.maven.apache.org/maven2/io/netty/netty-transport-classes-epoll/4.1.85.Final/netty-transport-classes-epoll-4.1.85.Final.jar
2022-12-03 10:46:34,459 [AetherRepositoryConnector-repo.maven.apache.org-0-4] INFO  o.e.m.c.i.e.AbstractTransferListenerAdapter - Downloading https://repo.maven.apache.org/maven2/org/apache/kafka/kafka-raft/3.3.1/kafka-raft-3.3.1.jar
2022-12-03 10:46:34,572 [AetherRepositoryConnector-repo.maven.apache.org-0-1] INFO  o.e.m.c.i.e.AbstractTransferListenerAdapter - Downloaded https://repo.maven.apache.org/maven2/org/apache/kafka/kafka-clients/3.3.1/kafka-clients-3.3.1-test.jar
2022-12-03 10:46:34,584 [AetherRepositoryConnector-repo.maven.apache.org-0-3] INFO  o.e.m.c.i.e.AbstractTransferListenerAdapter - Downloaded https://repo.maven.apache.org/maven2/org/apache/kafka/kafka-metadata/3.3.1/kafka-metadata-3.3.1.jar
2022-12-03 10:46:34,698 [AetherRepositoryConnector-repo.maven.apache.org-0-2] INFO  o.e.m.c.i.e.AbstractTransferListenerAdapter - Downloaded https://repo.maven.apache.org/maven2/org/apache/kafka/kafka-server-common/3.3.1/kafka-server-common-3.3.1.jar
2022-12-03 10:46:34,710 [AetherRepositoryConnector-repo.maven.apache.org-0-4] INFO  o.e.m.c.i.e.AbstractTransferListenerAdapter - Downloaded https://repo.maven.apache.org/maven2/org/apache/kafka/kafka-raft/3.3.1/kafka-raft-3.3.1.jar
2022-12-03 10:46:34,730 [AetherRepositoryConnector-repo.maven.apache.org-0-0] INFO  o.e.m.c.i.e.AbstractTransferListenerAdapter - Downloading https://repo.maven.apache.org/maven2/com/yammer/metrics/metrics-core/2.2.0/metrics-core-2.2.0.jar
2022-12-03 10:46:34,824 [AetherRepositoryConnector-repo.maven.apache.org-0-1] INFO  o.e.m.c.i.e.AbstractTransferListenerAdapter - Downloading https://repo.maven.apache.org/maven2/org/apache/kafka/kafka-streams-test-utils/3.3.1/kafka-streams-test-utils-3.3.1.jar
2022-12-03 10:46:34,838 [AetherRepositoryConnector-repo.maven.apache.org-0-3] INFO  o.e.m.c.i.e.AbstractTransferListenerAdapter - Downloading https://repo.maven.apache.org/maven2/org/apache/kafka/kafka_2.13/3.3.1/kafka_2.13-3.3.1.jar
2022-12-03 10:46:35,061 [AetherRepositoryConnector-repo.maven.apache.org-0-4] INFO  o.e.m.c.i.e.AbstractTransferListenerAdapter - Downloading https://repo.maven.apache.org/maven2/org/apache/kafka/kafka-storage/3.3.1/kafka-storage-3.3.1.jar
2022-12-03 10:46:35,061 [AetherRepositoryConnector-repo.maven.apache.org-0-0] INFO  o.e.m.c.i.e.AbstractTransferListenerAdapter - Downloaded https://repo.maven.apache.org/maven2/com/yammer/metrics/metrics-core/2.2.0/metrics-core-2.2.0.jar
2022-12-03 10:46:35,092 [AetherRepositoryConnector-repo.maven.apache.org-0-1] INFO  o.e.m.c.i.e.AbstractTransferListenerAdapter - Downloaded https://repo.maven.apache.org/maven2/org/apache/kafka/kafka-streams-test-utils/3.3.1/kafka-streams-test-utils-3.3.1.jar
2022-12-03 10:46:35,140 [AetherRepositoryConnector-repo.maven.apache.org-0-2] INFO  o.e.m.c.i.e.AbstractTransferListenerAdapter - Downloading https://repo.maven.apache.org/maven2/org/scala-lang/scala-library/2.13.8/scala-library-2.13.8.jar
2022-12-03 10:46:35,375 [AetherRepositoryConnector-repo.maven.apache.org-0-0] INFO  o.e.m.c.i.e.AbstractTransferListenerAdapter - Downloading https://repo.maven.apache.org/maven2/org/apache/kafka/kafka-storage-api/3.3.1/kafka-storage-api-3.3.1.jar
2022-12-03 10:46:35,375 [AetherRepositoryConnector-repo.maven.apache.org-0-4] INFO  o.e.m.c.i.e.AbstractTransferListenerAdapter - Downloaded https://repo.maven.apache.org/maven2/org/apache/kafka/kafka-storage/3.3.1/kafka-storage-3.3.1.jar
2022-12-03 10:46:35,375 [AetherRepositoryConnector-repo.maven.apache.org-0-3] INFO  o.e.m.c.i.e.AbstractTransferListenerAdapter - Downloaded https://repo.maven.apache.org/maven2/org/apache/kafka/kafka_2.13/3.3.1/kafka_2.13-3.3.1.jar
2022-12-03 10:46:35,375 [AetherRepositoryConnector-repo.maven.apache.org-0-1] INFO  o.e.m.c.i.e.AbstractTransferListenerAdapter - Downloading https://repo.maven.apache.org/maven2/net/sourceforge/argparse4j/argparse4j/0.7.0/argparse4j-0.7.0.jar
2022-12-03 10:46:35,593 [AetherRepositoryConnector-repo.maven.apache.org-0-1] INFO  o.e.m.c.i.e.AbstractTransferListenerAdapter - Downloaded https://repo.maven.apache.org/maven2/net/sourceforge/argparse4j/argparse4j/0.7.0/argparse4j-0.7.0.jar
2022-12-03 10:46:35,594 [AetherRepositoryConnector-repo.maven.apache.org-0-2] INFO  o.e.m.c.i.e.AbstractTransferListenerAdapter - Downloaded https://repo.maven.apache.org/maven2/org/scala-lang/scala-library/2.13.8/scala-library-2.13.8.jar
2022-12-03 10:46:35,594 [AetherRepositoryConnector-repo.maven.apache.org-0-0] INFO  o.e.m.c.i.e.AbstractTransferListenerAdapter - Downloaded https://repo.maven.apache.org/maven2/org/apache/kafka/kafka-storage-api/3.3.1/kafka-storage-api-3.3.1.jar
2022-12-03 10:46:35,595 [AetherRepositoryConnector-repo.maven.apache.org-0-4] INFO  o.e.m.c.i.e.AbstractTransferListenerAdapter - Downloading https://repo.maven.apache.org/maven2/com/fasterxml/jackson/module/jackson-module-scala_2.13/2.14.1/jackson-module-scala_2.13-2.14.1.jar
2022-12-03 10:46:35,611 [AetherRepositoryConnector-repo.maven.apache.org-0-3] INFO  o.e.m.c.i.e.AbstractTransferListenerAdapter - Downloading https://repo.maven.apache.org/maven2/com/thoughtworks/paranamer/paranamer/2.8/paranamer-2.8.jar
2022-12-03 10:46:35,726 [AetherRepositoryConnector-repo.maven.apache.org-0-0] INFO  o.e.m.c.i.e.AbstractTransferListenerAdapter - Downloading https://repo.maven.apache.org/maven2/org/bitbucket/b_c/jose4j/0.7.9/jose4j-0.7.9.jar
2022-12-03 10:46:35,858 [AetherRepositoryConnector-repo.maven.apache.org-0-4] INFO  o.e.m.c.i.e.AbstractTransferListenerAdapter - Downloaded https://repo.maven.apache.org/maven2/com/fasterxml/jackson/module/jackson-module-scala_2.13/2.14.1/jackson-module-scala_2.13-2.14.1.jar
2022-12-03 10:46:35,858 [AetherRepositoryConnector-repo.maven.apache.org-0-3] INFO  o.e.m.c.i.e.AbstractTransferListenerAdapter - Downloaded https://repo.maven.apache.org/maven2/com/thoughtworks/paranamer/paranamer/2.8/paranamer-2.8.jar
2022-12-03 10:46:35,858 [AetherRepositoryConnector-repo.maven.apache.org-0-2] INFO  o.e.m.c.i.e.AbstractTransferListenerAdapter - Downloading https://repo.maven.apache.org/maven2/com/fasterxml/jackson/dataformat/jackson-dataformat-csv/2.14.1/jackson-dataformat-csv-2.14.1.jar
2022-12-03 10:46:35,862 [AetherRepositoryConnector-repo.maven.apache.org-0-1] INFO  o.e.m.c.i.e.AbstractTransferListenerAdapter - Downloading https://repo.maven.apache.org/maven2/net/sf/jopt-simple/jopt-simple/5.0.4/jopt-simple-5.0.4.jar
2022-12-03 10:46:35,985 [AetherRepositoryConnector-repo.maven.apache.org-0-0] INFO  o.e.m.c.i.e.AbstractTransferListenerAdapter - Downloaded https://repo.maven.apache.org/maven2/org/bitbucket/b_c/jose4j/0.7.9/jose4j-0.7.9.jar
2022-12-03 10:46:36,113 [AetherRepositoryConnector-repo.maven.apache.org-0-4] INFO  o.e.m.c.i.e.AbstractTransferListenerAdapter - Downloading https://repo.maven.apache.org/maven2/org/scala-lang/modules/scala-collection-compat_2.13/2.6.0/scala-collection-compat_2.13-2.6.0.jar
2022-12-03 10:46:36,113 [AetherRepositoryConnector-repo.maven.apache.org-0-2] INFO  o.e.m.c.i.e.AbstractTransferListenerAdapter - Downloaded https://repo.maven.apache.org/maven2/com/fasterxml/jackson/dataformat/jackson-dataformat-csv/2.14.1/jackson-dataformat-csv-2.14.1.jar
2022-12-03 10:46:36,113 [AetherRepositoryConnector-repo.maven.apache.org-0-1] INFO  o.e.m.c.i.e.AbstractTransferListenerAdapter - Downloaded https://repo.maven.apache.org/maven2/net/sf/jopt-simple/jopt-simple/5.0.4/jopt-simple-5.0.4.jar
2022-12-03 10:46:36,114 [AetherRepositoryConnector-repo.maven.apache.org-0-3] INFO  o.e.m.c.i.e.AbstractTransferListenerAdapter - Downloading https://repo.maven.apache.org/maven2/org/scala-lang/modules/scala-java8-compat_2.13/1.0.2/scala-java8-compat_2.13-1.0.2.jar
2022-12-03 10:46:36,260 [AetherRepositoryConnector-repo.maven.apache.org-0-0] INFO  o.e.m.c.i.e.AbstractTransferListenerAdapter - Downloading https://repo.maven.apache.org/maven2/org/scala-lang/scala-reflect/2.13.8/scala-reflect-2.13.8.jar
2022-12-03 10:46:36,410 [AetherRepositoryConnector-repo.maven.apache.org-0-2] INFO  o.e.m.c.i.e.AbstractTransferListenerAdapter - Downloading https://repo.maven.apache.org/maven2/com/typesafe/scala-logging/scala-logging_2.13/3.9.4/scala-logging_2.13-3.9.4.jar
2022-12-03 10:46:36,413 [AetherRepositoryConnector-repo.maven.apache.org-0-1] INFO  o.e.m.c.i.e.AbstractTransferListenerAdapter - Downloading https://repo.maven.apache.org/maven2/io/dropwizard/metrics/metrics-core/4.2.13/metrics-core-4.2.13.jar
2022-12-03 10:46:36,413 [AetherRepositoryConnector-repo.maven.apache.org-0-4] INFO  o.e.m.c.i.e.AbstractTransferListenerAdapter - Downloaded https://repo.maven.apache.org/maven2/org/scala-lang/modules/scala-collection-compat_2.13/2.6.0/scala-collection-compat_2.13-2.6.0.jar
2022-12-03 10:46:36,413 [AetherRepositoryConnector-repo.maven.apache.org-0-3] INFO  o.e.m.c.i.e.AbstractTransferListenerAdapter - Downloaded https://repo.maven.apache.org/maven2/org/scala-lang/modules/scala-java8-compat_2.13/1.0.2/scala-java8-compat_2.13-1.0.2.jar
2022-12-03 10:46:36,545 [AetherRepositoryConnector-repo.maven.apache.org-0-2] INFO  o.e.m.c.i.e.AbstractTransferListenerAdapter - Downloaded https://repo.maven.apache.org/maven2/com/typesafe/scala-logging/scala-logging_2.13/3.9.4/scala-logging_2.13-3.9.4.jar
2022-12-03 10:46:36,670 [AetherRepositoryConnector-repo.maven.apache.org-0-1] INFO  o.e.m.c.i.e.AbstractTransferListenerAdapter - Downloaded https://repo.maven.apache.org/maven2/io/dropwizard/metrics/metrics-core/4.2.13/metrics-core-4.2.13.jar
2022-12-03 10:46:36,671 [AetherRepositoryConnector-repo.maven.apache.org-0-0] INFO  o.e.m.c.i.e.AbstractTransferListenerAdapter - Downloaded https://repo.maven.apache.org/maven2/org/scala-lang/scala-reflect/2.13.8/scala-reflect-2.13.8.jar
2022-12-03 10:46:36,672 [AetherRepositoryConnector-repo.maven.apache.org-0-3] INFO  o.e.m.c.i.e.AbstractTransferListenerAdapter - Downloading https://repo.maven.apache.org/maven2/commons-cli/commons-cli/1.4/commons-cli-1.4.jar
2022-12-03 10:46:36,685 [AetherRepositoryConnector-repo.maven.apache.org-0-4] INFO  o.e.m.c.i.e.AbstractTransferListenerAdapter - Downloading https://repo.maven.apache.org/maven2/org/apache/kafka/kafka_2.13/3.3.1/kafka_2.13-3.3.1-test.jar
2022-12-03 10:46:36,881 [AetherRepositoryConnector-repo.maven.apache.org-0-2] INFO  o.e.m.c.i.e.AbstractTransferListenerAdapter - Downloading https://repo.maven.apache.org/maven2/org/junit/jupiter/junit-jupiter-api/5.9.1/junit-jupiter-api-5.9.1.jar
2022-12-03 10:46:36,933 [AetherRepositoryConnector-repo.maven.apache.org-0-1] INFO  o.e.m.c.i.e.AbstractTransferListenerAdapter - Downloading https://repo.maven.apache.org/maven2/org/junit/platform/junit-platform-commons/1.9.1/junit-platform-commons-1.9.1.jar
2022-12-03 10:46:36,937 [AetherRepositoryConnector-repo.maven.apache.org-0-3] INFO  o.e.m.c.i.e.AbstractTransferListenerAdapter - Downloaded https://repo.maven.apache.org/maven2/commons-cli/commons-cli/1.4/commons-cli-1.4.jar
2022-12-03 10:46:37,057 [AetherRepositoryConnector-repo.maven.apache.org-0-2] INFO  o.e.m.c.i.e.AbstractTransferListenerAdapter - Downloaded https://repo.maven.apache.org/maven2/org/junit/jupiter/junit-jupiter-api/5.9.1/junit-jupiter-api-5.9.1.jar
2022-12-03 10:46:37,057 [AetherRepositoryConnector-repo.maven.apache.org-0-4] INFO  o.e.m.c.i.e.AbstractTransferListenerAdapter - Downloaded https://repo.maven.apache.org/maven2/org/apache/kafka/kafka_2.13/3.3.1/kafka_2.13-3.3.1-test.jar
2022-12-03 10:46:37,199 [AetherRepositoryConnector-repo.maven.apache.org-0-1] INFO  o.e.m.c.i.e.AbstractTransferListenerAdapter - Downloaded https://repo.maven.apache.org/maven2/org/junit/platform/junit-platform-commons/1.9.1/junit-platform-commons-1.9.1.jar
2022-12-03 10:46:46,804 [Worker-42: Importing Maven projects] INFO  o.e.m.c.i.l.LifecycleMappingFactory - Using org.eclipse.m2e.jdt.JarLifecycleMapping lifecycle mapping for MavenProject: br.com.youtube:customer:0.0.1-SNAPSHOT @ /home/igor/Desenvolvimento/Costumer/pom.xml.
2022-12-03 10:46:46,873 [Worker-42: Importing Maven projects] INFO  o.e.m.c.i.l.LifecycleMappingFactory - Using org.eclipse.m2e.jdt.JarLifecycleMapping lifecycle mapping for MavenProject: com.igor:ifood-api:0.0.1-SNAPSHOT @ /home/igor/Desenvolvimento/igorfood-api/pom.xml.
2022-12-03 10:46:46,894 [Worker-42: Importing Maven projects] INFO  o.e.m.c.i.l.LifecycleMappingFactory - Using org.eclipse.m2e.jdt.JarLifecycleMapping lifecycle mapping for MavenProject: com.producer:Producer:0.0.1-SNAPSHOT @ /home/igor/Desenvolvimento/kafka-example/Producer/pom.xml.
2022-12-03 10:46:47,848 [Worker-42: Importing Maven projects] INFO  o.e.m.c.i.e.AbstractTransferListenerAdapter - Downloading https://repo.maven.apache.org/maven2/org/apache/maven/plugins/maven-resources-plugin/3.3.0/maven-resources-plugin-3.3.0.pom
2022-12-03 10:46:48,086 [Worker-42: Importing Maven projects] INFO  o.e.m.c.i.e.AbstractTransferListenerAdapter - Downloaded https://repo.maven.apache.org/maven2/org/apache/maven/plugins/maven-resources-plugin/3.3.0/maven-resources-plugin-3.3.0.pom
2022-12-03 10:46:48,206 [Worker-42: Importing Maven projects] INFO  o.e.m.c.i.e.AbstractTransferListenerAdapter - Downloading https://repo.maven.apache.org/maven2/org/apache/maven/plugins/maven-plugins/36/maven-plugins-36.pom
2022-12-03 10:46:48,353 [Worker-42: Importing Maven projects] INFO  o.e.m.c.i.e.AbstractTransferListenerAdapter - Downloaded https://repo.maven.apache.org/maven2/org/apache/maven/plugins/maven-plugins/36/maven-plugins-36.pom
2022-12-03 10:46:48,479 [Worker-42: Importing Maven projects] INFO  o.e.m.c.i.e.AbstractTransferListenerAdapter - Downloading https://repo.maven.apache.org/maven2/org/apache/maven/maven-parent/36/maven-parent-36.pom
2022-12-03 10:46:48,720 [Worker-42: Importing Maven projects] INFO  o.e.m.c.i.e.AbstractTransferListenerAdapter - Downloaded https://repo.maven.apache.org/maven2/org/apache/maven/maven-parent/36/maven-parent-36.pom
2022-12-03 10:46:48,866 [Worker-42: Importing Maven projects] INFO  o.e.m.c.i.e.AbstractTransferListenerAdapter - Downloading https://repo.maven.apache.org/maven2/org/apache/apache/26/apache-26.pom
2022-12-03 10:46:49,001 [Worker-42: Importing Maven projects] INFO  o.e.m.c.i.e.AbstractTransferListenerAdapter - Downloaded https://repo.maven.apache.org/maven2/org/apache/apache/26/apache-26.pom
2022-12-03 10:46:49,141 [Worker-42: Importing Maven projects] INFO  o.e.m.c.i.e.AbstractTransferListenerAdapter - Downloading https://repo.maven.apache.org/maven2/org/apache/maven/plugins/maven-jar-plugin/3.3.0/maven-jar-plugin-3.3.0.pom
2022-12-03 10:46:49,272 [Worker-42: Importing Maven projects] INFO  o.e.m.c.i.e.AbstractTransferListenerAdapter - Downloaded https://repo.maven.apache.org/maven2/org/apache/maven/plugins/maven-jar-plugin/3.3.0/maven-jar-plugin-3.3.0.pom
2022-12-03 10:46:49,398 [Worker-42: Importing Maven projects] INFO  o.e.m.c.i.e.AbstractTransferListenerAdapter - Downloading https://repo.maven.apache.org/maven2/org/apache/maven/plugins/maven-plugins/37/maven-plugins-37.pom
2022-12-03 10:46:49,532 [Worker-42: Importing Maven projects] INFO  o.e.m.c.i.e.AbstractTransferListenerAdapter - Downloaded https://repo.maven.apache.org/maven2/org/apache/maven/plugins/maven-plugins/37/maven-plugins-37.pom
2022-12-03 10:46:49,661 [Worker-42: Importing Maven projects] INFO  o.e.m.c.i.e.AbstractTransferListenerAdapter - Downloading https://repo.maven.apache.org/maven2/org/apache/maven/maven-parent/37/maven-parent-37.pom
2022-12-03 10:46:49,819 [Worker-42: Importing Maven projects] INFO  o.e.m.c.i.e.AbstractTransferListenerAdapter - Downloaded https://repo.maven.apache.org/maven2/org/apache/maven/maven-parent/37/maven-parent-37.pom
2022-12-03 10:46:49,953 [Worker-42: Importing Maven projects] INFO  o.e.m.c.i.e.AbstractTransferListenerAdapter - Downloading https://repo.maven.apache.org/maven2/org/apache/apache/27/apache-27.pom
2022-12-03 10:46:50,084 [Worker-42: Importing Maven projects] INFO  o.e.m.c.i.e.AbstractTransferListenerAdapter - Downloaded https://repo.maven.apache.org/maven2/org/apache/apache/27/apache-27.pom
2022-12-03 10:46:50,232 [Worker-42: Importing Maven projects] INFO  o.e.m.c.i.e.AbstractTransferListenerAdapter - Downloading https://repo.maven.apache.org/maven2/org/apache/maven/shared/file-management/3.1.0/file-management-3.1.0.pom
2022-12-03 10:46:50,361 [Worker-42: Importing Maven projects] INFO  o.e.m.c.i.e.AbstractTransferListenerAdapter - Downloaded https://repo.maven.apache.org/maven2/org/apache/maven/shared/file-management/3.1.0/file-management-3.1.0.pom
2022-12-03 10:46:50,488 [Worker-42: Importing Maven projects] INFO  o.e.m.c.i.e.AbstractTransferListenerAdapter - Downloading https://repo.maven.apache.org/maven2/org/apache/maven/shared/maven-shared-components/36/maven-shared-components-36.pom
2022-12-03 10:46:50,615 [Worker-42: Importing Maven projects] INFO  o.e.m.c.i.e.AbstractTransferListenerAdapter - Downloaded https://repo.maven.apache.org/maven2/org/apache/maven/shared/maven-shared-components/36/maven-shared-components-36.pom
2022-12-03 10:46:50,747 [Worker-42: Importing Maven projects] INFO  o.e.m.c.i.e.AbstractTransferListenerAdapter - Downloading https://repo.maven.apache.org/maven2/commons-io/commons-io/2.11.0/commons-io-2.11.0.pom
2022-12-03 10:46:50,894 [Worker-42: Importing Maven projects] INFO  o.e.m.c.i.e.AbstractTransferListenerAdapter - Downloaded https://repo.maven.apache.org/maven2/commons-io/commons-io/2.11.0/commons-io-2.11.0.pom
2022-12-03 10:46:51,028 [Worker-42: Importing Maven projects] INFO  o.e.m.c.i.e.AbstractTransferListenerAdapter - Downloading https://repo.maven.apache.org/maven2/org/junit/junit-bom/5.7.2/junit-bom-5.7.2.pom
2022-12-03 10:46:51,153 [Worker-42: Importing Maven projects] INFO  o.e.m.c.i.e.AbstractTransferListenerAdapter - Downloaded https://repo.maven.apache.org/maven2/org/junit/junit-bom/5.7.2/junit-bom-5.7.2.pom
2022-12-03 10:46:51,282 [Worker-42: Importing Maven projects] INFO  o.e.m.c.i.e.AbstractTransferListenerAdapter - Downloading https://repo.maven.apache.org/maven2/org/apache/maven/maven-archiver/3.6.0/maven-archiver-3.6.0.pom
2022-12-03 10:46:51,421 [Worker-42: Importing Maven projects] INFO  o.e.m.c.i.e.AbstractTransferListenerAdapter - Downloaded https://repo.maven.apache.org/maven2/org/apache/maven/maven-archiver/3.6.0/maven-archiver-3.6.0.pom
2022-12-03 10:46:51,564 [Worker-42: Importing Maven projects] INFO  o.e.m.c.i.e.AbstractTransferListenerAdapter - Downloading https://repo.maven.apache.org/maven2/org/codehaus/plexus/plexus-io/3.4.0/plexus-io-3.4.0.pom
2022-12-03 10:46:51,691 [Worker-42: Importing Maven projects] INFO  o.e.m.c.i.e.AbstractTransferListenerAdapter - Downloaded https://repo.maven.apache.org/maven2/org/codehaus/plexus/plexus-io/3.4.0/plexus-io-3.4.0.pom
2022-12-03 10:46:51,819 [Worker-42: Importing Maven projects] INFO  o.e.m.c.i.e.AbstractTransferListenerAdapter - Downloading https://repo.maven.apache.org/maven2/org/codehaus/plexus/plexus/10/plexus-10.pom
2022-12-03 10:46:51,971 [Worker-42: Importing Maven projects] INFO  o.e.m.c.i.e.AbstractTransferListenerAdapter - Downloaded https://repo.maven.apache.org/maven2/org/codehaus/plexus/plexus/10/plexus-10.pom
2022-12-03 10:46:52,134 [Worker-42: Importing Maven projects] INFO  o.e.m.c.i.e.AbstractTransferListenerAdapter - Downloading https://repo.maven.apache.org/maven2/org/codehaus/plexus/plexus-archiver/4.4.0/plexus-archiver-4.4.0.pom
2022-12-03 10:46:52,259 [Worker-42: Importing Maven projects] INFO  o.e.m.c.i.e.AbstractTransferListenerAdapter - Downloaded https://repo.maven.apache.org/maven2/org/codehaus/plexus/plexus-archiver/4.4.0/plexus-archiver-4.4.0.pom
2022-12-03 10:46:52,394 [Worker-42: Importing Maven projects] INFO  o.e.m.c.i.e.AbstractTransferListenerAdapter - Downloading https://repo.maven.apache.org/maven2/org/codehaus/plexus/plexus-utils/3.4.2/plexus-utils-3.4.2.pom
2022-12-03 10:46:52,528 [Worker-42: Importing Maven projects] INFO  o.e.m.c.i.e.AbstractTransferListenerAdapter - Downloaded https://repo.maven.apache.org/maven2/org/codehaus/plexus/plexus-utils/3.4.2/plexus-utils-3.4.2.pom
2022-12-03 10:46:52,662 [AetherRepositoryConnector-repo.maven.apache.org-1-0] INFO  o.e.m.c.i.e.AbstractTransferListenerAdapter - Downloading https://repo.maven.apache.org/maven2/org/apache/maven/shared/file-management/3.1.0/file-management-3.1.0.jar
2022-12-03 10:46:52,785 [AetherRepositoryConnector-repo.maven.apache.org-1-4] INFO  o.e.m.c.i.e.AbstractTransferListenerAdapter - Downloading https://repo.maven.apache.org/maven2/org/codehaus/plexus/plexus-archiver/4.4.0/plexus-archiver-4.4.0.jar
2022-12-03 10:46:52,830 [AetherRepositoryConnector-repo.maven.apache.org-1-3] INFO  o.e.m.c.i.e.AbstractTransferListenerAdapter - Downloading https://repo.maven.apache.org/maven2/org/codehaus/plexus/plexus-io/3.4.0/plexus-io-3.4.0.jar
2022-12-03 10:46:52,968 [AetherRepositoryConnector-repo.maven.apache.org-1-2] INFO  o.e.m.c.i.e.AbstractTransferListenerAdapter - Downloading https://repo.maven.apache.org/maven2/org/apache/maven/maven-archiver/3.6.0/maven-archiver-3.6.0.jar
2022-12-03 10:46:52,968 [AetherRepositoryConnector-repo.maven.apache.org-1-1] INFO  o.e.m.c.i.e.AbstractTransferListenerAdapter - Downloading https://repo.maven.apache.org/maven2/commons-io/commons-io/2.11.0/commons-io-2.11.0.jar
2022-12-03 10:46:52,973 [AetherRepositoryConnector-repo.maven.apache.org-1-0] INFO  o.e.m.c.i.e.AbstractTransferListenerAdapter - Downloaded https://repo.maven.apache.org/maven2/org/apache/maven/shared/file-management/3.1.0/file-management-3.1.0.jar
2022-12-03 10:46:53,102 [AetherRepositoryConnector-repo.maven.apache.org-1-0] INFO  o.e.m.c.i.e.AbstractTransferListenerAdapter - Downloading https://repo.maven.apache.org/maven2/org/codehaus/plexus/plexus-utils/3.4.2/plexus-utils-3.4.2.jar
2022-12-03 10:46:53,236 [AetherRepositoryConnector-repo.maven.apache.org-1-3] INFO  o.e.m.c.i.e.AbstractTransferListenerAdapter - Downloaded https://repo.maven.apache.org/maven2/org/codehaus/plexus/plexus-io/3.4.0/plexus-io-3.4.0.jar
2022-12-03 10:46:53,236 [AetherRepositoryConnector-repo.maven.apache.org-1-4] INFO  o.e.m.c.i.e.AbstractTransferListenerAdapter - Downloaded https://repo.maven.apache.org/maven2/org/codehaus/plexus/plexus-archiver/4.4.0/plexus-archiver-4.4.0.jar
2022-12-03 10:46:53,236 [AetherRepositoryConnector-repo.maven.apache.org-1-2] INFO  o.e.m.c.i.e.AbstractTransferListenerAdapter - Downloaded https://repo.maven.apache.org/maven2/org/apache/maven/maven-archiver/3.6.0/maven-archiver-3.6.0.jar
2022-12-03 10:46:53,359 [AetherRepositoryConnector-repo.maven.apache.org-1-1] INFO  o.e.m.c.i.e.AbstractTransferListenerAdapter - Downloaded https://repo.maven.apache.org/maven2/commons-io/commons-io/2.11.0/commons-io-2.11.0.jar
2022-12-03 10:46:53,359 [AetherRepositoryConnector-repo.maven.apache.org-1-0] INFO  o.e.m.c.i.e.AbstractTransferListenerAdapter - Downloaded https://repo.maven.apache.org/maven2/org/codehaus/plexus/plexus-utils/3.4.2/plexus-utils-3.4.2.jar
2022-12-03 10:46:54,424 [Worker-42: Importing Maven projects] INFO  o.e.m.c.i.e.AbstractTransferListenerAdapter - Downloading https://repo.maven.apache.org/maven2/org/apache/maven/shared/maven-filtering/3.3.0/maven-filtering-3.3.0.pom
2022-12-03 10:46:54,548 [Worker-42: Importing Maven projects] INFO  o.e.m.c.i.e.AbstractTransferListenerAdapter - Downloaded https://repo.maven.apache.org/maven2/org/apache/maven/shared/maven-filtering/3.3.0/maven-filtering-3.3.0.pom
2022-12-03 10:46:54,681 [Worker-42: Importing Maven projects] INFO  o.e.m.c.i.e.AbstractTransferListenerAdapter - Downloading https://repo.maven.apache.org/maven2/org/apache/commons/commons-lang3/3.12.0/commons-lang3-3.12.0.pom
2022-12-03 10:46:54,832 [Worker-42: Importing Maven projects] INFO  o.e.m.c.i.e.AbstractTransferListenerAdapter - Downloaded https://repo.maven.apache.org/maven2/org/apache/commons/commons-lang3/3.12.0/commons-lang3-3.12.0.pom
2022-12-03 10:46:54,959 [Worker-42: Importing Maven projects] INFO  o.e.m.c.i.e.AbstractTransferListenerAdapter - Downloading https://repo.maven.apache.org/maven2/org/junit/junit-bom/5.7.1/junit-bom-5.7.1.pom
2022-12-03 10:46:55,081 [Worker-42: Importing Maven projects] INFO  o.e.m.c.i.e.AbstractTransferListenerAdapter - Downloaded https://repo.maven.apache.org/maven2/org/junit/junit-bom/5.7.1/junit-bom-5.7.1.pom
2022-12-03 10:46:55,211 [AetherRepositoryConnector-repo.maven.apache.org-2-1] INFO  o.e.m.c.i.e.AbstractTransferListenerAdapter - Downloading https://repo.maven.apache.org/maven2/org/codehaus/plexus/plexus-utils/3.3.0/plexus-utils-3.3.0.jar
2022-12-03 10:46:55,362 [AetherRepositoryConnector-repo.maven.apache.org-2-0] INFO  o.e.m.c.i.e.AbstractTransferListenerAdapter - Downloading https://repo.maven.apache.org/maven2/org/apache/maven/shared/maven-filtering/3.3.0/maven-filtering-3.3.0.jar
2022-12-03 10:46:55,378 [AetherRepositoryConnector-repo.maven.apache.org-2-2] INFO  o.e.m.c.i.e.AbstractTransferListenerAdapter - Downloading https://repo.maven.apache.org/maven2/org/apache/commons/commons-lang3/3.12.0/commons-lang3-3.12.0.jar
2022-12-03 10:46:55,516 [AetherRepositoryConnector-repo.maven.apache.org-2-1] INFO  o.e.m.c.i.e.AbstractTransferListenerAdapter - Downloaded https://repo.maven.apache.org/maven2/org/codehaus/plexus/plexus-utils/3.3.0/plexus-utils-3.3.0.jar
2022-12-03 10:46:55,611 [AetherRepositoryConnector-repo.maven.apache.org-2-0] INFO  o.e.m.c.i.e.AbstractTransferListenerAdapter - Downloaded https://repo.maven.apache.org/maven2/org/apache/maven/shared/maven-filtering/3.3.0/maven-filtering-3.3.0.jar
2022-12-03 10:46:55,734 [AetherRepositoryConnector-repo.maven.apache.org-2-2] INFO  o.e.m.c.i.e.AbstractTransferListenerAdapter - Downloaded https://repo.maven.apache.org/maven2/org/apache/commons/commons-lang3/3.12.0/commons-lang3-3.12.0.jar
2022-12-03 10:46:55,993 [Worker-42: Importing Maven projects] INFO  o.e.m.j.i.AbstractJavaProjectConfigurator - Adding source folder /Producer/src/main/java
2022-12-03 10:46:55,993 [Worker-42: Importing Maven projects] INFO  o.e.m.j.i.AbstractJavaProjectConfigurator - Adding resource folder /Producer/src/main/resources
2022-12-03 10:46:55,993 [Worker-42: Importing Maven projects] INFO  o.e.m.j.i.AbstractJavaProjectConfigurator - Adding resource folder /Producer/src/main/resources
2022-12-03 10:46:55,994 [Worker-42: Importing Maven projects] INFO  o.e.m.j.i.AbstractJavaProjectConfigurator - Adding source folder /Producer/src/test/java
2022-12-03 10:46:56,054 [Worker-42: Importing Maven projects] INFO  o.e.m.c.i.p.ProjectConfigurationManager - Imported and configured 1 project(s) in 89 sec
2022-12-03 10:46:56,325 [Worker-41: Download sources and javadoc] INFO  o.e.m.c.i.e.AbstractTransferListenerAdapter - Downloading https://repo.maven.apache.org/maven2/org/springframework/boot/spring-boot-starter-data-jpa/3.0.0/spring-boot-starter-data-jpa-3.0.0-sources.jar
2022-12-03 10:46:56,472 [Worker-44: Building] INFO  o.e.m.c.i.embedder.EclipseLogger - Using 'UTF-8' encoding to copy filtered resources.
2022-12-03 10:46:56,472 [Worker-44: Building] INFO  o.e.m.c.i.embedder.EclipseLogger - Using 'UTF-8' encoding to copy filtered properties files.
2022-12-03 10:46:56,472 [Worker-44: Building] INFO  o.e.m.c.i.embedder.EclipseLogger - Copying 1 resource
2022-12-03 10:46:56,483 [Worker-44: Building] INFO  o.e.m.c.i.embedder.EclipseLogger - Copying 0 resource
2022-12-03 10:46:56,484 [Worker-44: Building] INFO  o.e.m.c.i.embedder.EclipseLogger - Using 'UTF-8' encoding to copy filtered resources.
2022-12-03 10:46:56,484 [Worker-44: Building] INFO  o.e.m.c.i.embedder.EclipseLogger - Using 'UTF-8' encoding to copy filtered properties files.
2022-12-03 10:46:56,484 [Worker-44: Building] INFO  o.e.m.c.i.embedder.EclipseLogger - skip non existing resourceDirectory /home/igor/Desenvolvimento/Costumer/src/test/resources
2022-12-03 10:46:56,576 [Worker-41: Download sources and javadoc] INFO  o.e.m.c.i.e.AbstractTransferListenerAdapter - Downloaded https://repo.maven.apache.org/maven2/org/springframework/boot/spring-boot-starter-data-jpa/3.0.0/spring-boot-starter-data-jpa-3.0.0-sources.jar
2022-12-03 10:46:56,668 [Worker-41: Download sources and javadoc] INFO  o.e.m.j.internal.DownloadSourcesJob - Downloaded sources for org.springframework.boot:spring-boot-starter-data-jpa:3.0.0
2022-12-03 10:46:56,684 [Worker-44: Building] INFO  o.a.m.s.f.DefaultMavenResourcesFiltering - Copying 1 resource
2022-12-03 10:46:56,691 [Worker-44: Building] INFO  o.a.m.s.f.DefaultMavenResourcesFiltering - Copying 0 resource
2022-12-03 10:46:56,693 [Worker-44: Building] INFO  o.a.m.s.f.DefaultMavenResourcesFiltering - skip non existing resourceDirectory /home/igor/Desenvolvimento/kafka-example/Producer/src/test/resources
2022-12-03 10:46:56,765 [Worker-44: Building] INFO  o.e.m.c.i.embedder.EclipseLogger - Using 'UTF-8' encoding to copy filtered resources.
2022-12-03 10:46:56,765 [Worker-44: Building] INFO  o.e.m.c.i.embedder.EclipseLogger - Using 'UTF-8' encoding to copy filtered properties files.
2022-12-03 10:46:56,765 [Worker-44: Building] INFO  o.e.m.c.i.embedder.EclipseLogger - Copying 1 resource
2022-12-03 10:46:56,767 [Worker-44: Building] INFO  o.e.m.c.i.embedder.EclipseLogger - Copying 0 resource
2022-12-03 10:46:56,768 [Worker-44: Building] INFO  o.e.m.c.i.embedder.EclipseLogger - Using 'UTF-8' encoding to copy filtered resources.
2022-12-03 10:46:56,768 [Worker-44: Building] INFO  o.e.m.c.i.embedder.EclipseLogger - Using 'UTF-8' encoding to copy filtered properties files.
2022-12-03 10:46:56,768 [Worker-44: Building] INFO  o.e.m.c.i.embedder.EclipseLogger - skip non existing resourceDirectory /home/igor/Desenvolvimento/igorfood-api/src/test/resources
2022-12-03 10:46:57,551 [Worker-41: Download sources and javadoc] INFO  o.e.m.c.i.e.AbstractTransferListenerAdapter - Downloading https://repo.maven.apache.org/maven2/org/springframework/boot/spring-boot-starter-aop/3.0.0/spring-boot-starter-aop-3.0.0-sources.jar
2022-12-03 10:46:57,781 [Worker-41: Download sources and javadoc] INFO  o.e.m.c.i.e.AbstractTransferListenerAdapter - Downloaded https://repo.maven.apache.org/maven2/org/springframework/boot/spring-boot-starter-aop/3.0.0/spring-boot-starter-aop-3.0.0-sources.jar
2022-12-03 10:46:57,885 [Worker-41: Download sources and javadoc] INFO  o.e.m.j.internal.DownloadSourcesJob - Downloaded sources for org.springframework.boot:spring-boot-starter-aop:3.0.0
2022-12-03 10:46:58,776 [Worker-41: Download sources and javadoc] INFO  o.e.m.c.i.e.AbstractTransferListenerAdapter - Downloading https://repo.maven.apache.org/maven2/org/springframework/spring-aop/6.0.2/spring-aop-6.0.2-sources.jar
2022-12-03 10:46:59,363 [Worker-41: Download sources and javadoc] INFO  o.e.m.c.i.e.AbstractTransferListenerAdapter - Downloaded https://repo.maven.apache.org/maven2/org/springframework/spring-aop/6.0.2/spring-aop-6.0.2-sources.jar
2022-12-03 10:46:59,417 [Worker-41: Download sources and javadoc] INFO  o.e.m.j.internal.DownloadSourcesJob - Downloaded sources for org.springframework:spring-aop:6.0.2
2022-12-03 10:47:00,311 [Worker-41: Download sources and javadoc] INFO  o.e.m.c.i.e.AbstractTransferListenerAdapter - Downloading https://repo.maven.apache.org/maven2/org/aspectj/aspectjweaver/1.9.9.1/aspectjweaver-1.9.9.1-sources.jar
2022-12-03 10:47:01,118 [Worker-41: Download sources and javadoc] INFO  o.e.m.c.i.e.AbstractTransferListenerAdapter - Downloaded https://repo.maven.apache.org/maven2/org/aspectj/aspectjweaver/1.9.9.1/aspectjweaver-1.9.9.1-sources.jar
2022-12-03 10:47:01,165 [Worker-41: Download sources and javadoc] INFO  o.e.m.j.internal.DownloadSourcesJob - Downloaded sources for org.aspectj:aspectjweaver:1.9.9.1
2022-12-03 10:47:02,112 [Worker-41: Download sources and javadoc] INFO  o.e.m.c.i.e.AbstractTransferListenerAdapter - Downloading https://repo.maven.apache.org/maven2/org/springframework/boot/spring-boot-starter-jdbc/3.0.0/spring-boot-starter-jdbc-3.0.0-sources.jar
2022-12-03 10:47:02,368 [Worker-41: Download sources and javadoc] INFO  o.e.m.c.i.e.AbstractTransferListenerAdapter - Downloaded https://repo.maven.apache.org/maven2/org/springframework/boot/spring-boot-starter-jdbc/3.0.0/spring-boot-starter-jdbc-3.0.0-sources.jar
2022-12-03 10:47:02,423 [Worker-41: Download sources and javadoc] INFO  o.e.m.j.internal.DownloadSourcesJob - Downloaded sources for org.springframework.boot:spring-boot-starter-jdbc:3.0.0
2022-12-03 10:47:03,371 [Worker-41: Download sources and javadoc] INFO  o.e.m.c.i.e.AbstractTransferListenerAdapter - Downloading https://repo.maven.apache.org/maven2/com/zaxxer/HikariCP/5.0.1/HikariCP-5.0.1-sources.jar
2022-12-03 10:47:04,010 [Worker-41: Download sources and javadoc] INFO  o.e.m.c.i.e.AbstractTransferListenerAdapter - Downloaded https://repo.maven.apache.org/maven2/com/zaxxer/HikariCP/5.0.1/HikariCP-5.0.1-sources.jar
2022-12-03 10:47:04,074 [Worker-41: Download sources and javadoc] INFO  o.e.m.j.internal.DownloadSourcesJob - Downloaded sources for com.zaxxer:HikariCP:5.0.1
2022-12-03 10:47:05,043 [Worker-41: Download sources and javadoc] INFO  o.e.m.c.i.e.AbstractTransferListenerAdapter - Downloading https://repo.maven.apache.org/maven2/org/springframework/spring-jdbc/6.0.2/spring-jdbc-6.0.2-sources.jar
2022-12-03 10:47:06,907 [Worker-41: Download sources and javadoc] INFO  o.e.m.c.i.e.AbstractTransferListenerAdapter - Downloaded https://repo.maven.apache.org/maven2/org/springframework/spring-jdbc/6.0.2/spring-jdbc-6.0.2-sources.jar
2022-12-03 10:47:06,978 [Worker-41: Download sources and javadoc] INFO  o.e.m.j.internal.DownloadSourcesJob - Downloaded sources for org.springframework:spring-jdbc:6.0.2
2022-12-03 10:47:07,921 [Worker-41: Download sources and javadoc] INFO  o.e.m.c.i.e.AbstractTransferListenerAdapter - Downloading https://repo.maven.apache.org/maven2/org/hibernate/orm/hibernate-core/6.1.5.Final/hibernate-core-6.1.5.Final-sources.jar
2022-12-03 10:48:37,093 [Worker-41: Download sources and javadoc] INFO  o.e.m.c.i.e.AbstractTransferListenerAdapter - Downloaded https://repo.maven.apache.org/maven2/org/hibernate/orm/hibernate-core/6.1.5.Final/hibernate-core-6.1.5.Final-sources.jar
2022-12-03 10:48:37,173 [Worker-41: Download sources and javadoc] INFO  o.e.m.j.internal.DownloadSourcesJob - Downloaded sources for org.hibernate.orm:hibernate-core:6.1.5.Final
2022-12-03 10:48:37,761 [Worker-41: Download sources and javadoc] INFO  o.e.m.c.i.e.AbstractTransferListenerAdapter - Downloading https://repo.maven.apache.org/maven2/jakarta/persistence/jakarta.persistence-api/3.1.0/jakarta.persistence-api-3.1.0-sources.jar
2022-12-03 10:48:38,278 [Worker-41: Download sources and javadoc] INFO  o.e.m.c.i.e.AbstractTransferListenerAdapter - Downloaded https://repo.maven.apache.org/maven2/jakarta/persistence/jakarta.persistence-api/3.1.0/jakarta.persistence-api-3.1.0-sources.jar
2022-12-03 10:48:38,365 [Worker-41: Download sources and javadoc] INFO  o.e.m.j.internal.DownloadSourcesJob - Downloaded sources for jakarta.persistence:jakarta.persistence-api:3.1.0
2022-12-03 10:48:39,351 [Worker-41: Download sources and javadoc] INFO  o.e.m.c.i.e.AbstractTransferListenerAdapter - Downloading https://repo.maven.apache.org/maven2/jakarta/transaction/jakarta.transaction-api/2.0.1/jakarta.transaction-api-2.0.1-sources.jar
2022-12-03 10:48:39,671 [Worker-41: Download sources and javadoc] INFO  o.e.m.c.i.e.AbstractTransferListenerAdapter - Downloaded https://repo.maven.apache.org/maven2/jakarta/transaction/jakarta.transaction-api/2.0.1/jakarta.transaction-api-2.0.1-sources.jar
2022-12-03 10:48:39,765 [Worker-41: Download sources and javadoc] INFO  o.e.m.j.internal.DownloadSourcesJob - Downloaded sources for jakarta.transaction:jakarta.transaction-api:2.0.1
2022-12-03 10:48:40,769 [Worker-41: Download sources and javadoc] INFO  o.e.m.c.i.e.AbstractTransferListenerAdapter - Downloading https://repo.maven.apache.org/maven2/org/jboss/logging/jboss-logging/3.5.0.Final/jboss-logging-3.5.0.Final-sources.jar
2022-12-03 10:48:41,119 [Worker-41: Download sources and javadoc] INFO  o.e.m.c.i.e.AbstractTransferListenerAdapter - Downloaded https://repo.maven.apache.org/maven2/org/jboss/logging/jboss-logging/3.5.0.Final/jboss-logging-3.5.0.Final-sources.jar
2022-12-03 10:48:41,221 [Worker-41: Download sources and javadoc] INFO  o.e.m.j.internal.DownloadSourcesJob - Downloaded sources for org.jboss.logging:jboss-logging:3.5.0.Final
2022-12-03 10:48:42,195 [Worker-41: Download sources and javadoc] INFO  o.e.m.c.i.e.AbstractTransferListenerAdapter - Downloading https://repo.maven.apache.org/maven2/org/hibernate/common/hibernate-commons-annotations/6.0.2.Final/hibernate-commons-annotations-6.0.2.Final-sources.jar
2022-12-03 10:48:42,523 [Worker-41: Download sources and javadoc] INFO  o.e.m.c.i.e.AbstractTransferListenerAdapter - Downloaded https://repo.maven.apache.org/maven2/org/hibernate/common/hibernate-commons-annotations/6.0.2.Final/hibernate-commons-annotations-6.0.2.Final-sources.jar
2022-12-03 10:48:42,572 [Worker-41: Download sources and javadoc] INFO  o.e.m.j.internal.DownloadSourcesJob - Downloaded sources for org.hibernate.common:hibernate-commons-annotations:6.0.2.Final
2022-12-03 10:48:43,493 [Worker-41: Download sources and javadoc] INFO  o.e.m.c.i.e.AbstractTransferListenerAdapter - Downloading https://repo.maven.apache.org/maven2/net/bytebuddy/byte-buddy/1.12.19/byte-buddy-1.12.19-sources.jar
2022-12-03 10:48:44,342 [Worker-41: Download sources and javadoc] INFO  o.e.m.c.i.e.AbstractTransferListenerAdapter - Downloaded https://repo.maven.apache.org/maven2/net/bytebuddy/byte-buddy/1.12.19/byte-buddy-1.12.19-sources.jar
2022-12-03 10:48:44,390 [Worker-41: Download sources and javadoc] INFO  o.e.m.j.internal.DownloadSourcesJob - Downloaded sources for net.bytebuddy:byte-buddy:1.12.19
2022-12-03 10:48:45,352 [Worker-41: Download sources and javadoc] INFO  o.e.m.c.i.e.AbstractTransferListenerAdapter - Downloading https://repo.maven.apache.org/maven2/org/glassfish/jaxb/jaxb-runtime/4.0.1/jaxb-runtime-4.0.1-sources.jar
2022-12-03 10:48:46,067 [Worker-41: Download sources and javadoc] INFO  o.e.m.c.i.e.AbstractTransferListenerAdapter - Downloaded https://repo.maven.apache.org/maven2/org/glassfish/jaxb/jaxb-runtime/4.0.1/jaxb-runtime-4.0.1-sources.jar
2022-12-03 10:48:46,124 [Worker-41: Download sources and javadoc] INFO  o.e.m.j.internal.DownloadSourcesJob - Downloaded sources for org.glassfish.jaxb:jaxb-runtime:4.0.1
2022-12-03 10:48:46,659 [Worker-41: Download sources and javadoc] INFO  o.e.m.c.i.e.AbstractTransferListenerAdapter - Downloading https://repo.maven.apache.org/maven2/org/glassfish/jaxb/jaxb-core/4.0.1/jaxb-core-4.0.1-sources.jar
2022-12-03 10:48:47,060 [Worker-41: Download sources and javadoc] INFO  o.e.m.c.i.e.AbstractTransferListenerAdapter - Downloaded https://repo.maven.apache.org/maven2/org/glassfish/jaxb/jaxb-core/4.0.1/jaxb-core-4.0.1-sources.jar
2022-12-03 10:48:47,124 [Worker-41: Download sources and javadoc] INFO  o.e.m.j.internal.DownloadSourcesJob - Downloaded sources for org.glassfish.jaxb:jaxb-core:4.0.1
2022-12-03 10:48:48,015 [Worker-41: Download sources and javadoc] INFO  o.e.m.c.i.e.AbstractTransferListenerAdapter - Downloading https://repo.maven.apache.org/maven2/org/eclipse/angus/angus-activation/1.0.0/angus-activation-1.0.0-sources.jar
2022-12-03 10:48:48,256 [Worker-41: Download sources and javadoc] INFO  o.e.m.c.i.e.AbstractTransferListenerAdapter - Downloaded https://repo.maven.apache.org/maven2/org/eclipse/angus/angus-activation/1.0.0/angus-activation-1.0.0-sources.jar
2022-12-03 10:48:48,326 [Worker-41: Download sources and javadoc] INFO  o.e.m.j.internal.DownloadSourcesJob - Downloaded sources for org.eclipse.angus:angus-activation:1.0.0
2022-12-03 10:48:49,250 [Worker-41: Download sources and javadoc] INFO  o.e.m.c.i.e.AbstractTransferListenerAdapter - Downloading https://repo.maven.apache.org/maven2/org/glassfish/jaxb/txw2/4.0.1/txw2-4.0.1-sources.jar
2022-12-03 10:48:49,617 [Worker-41: Download sources and javadoc] INFO  o.e.m.c.i.e.AbstractTransferListenerAdapter - Downloaded https://repo.maven.apache.org/maven2/org/glassfish/jaxb/txw2/4.0.1/txw2-4.0.1-sources.jar
2022-12-03 10:48:49,695 [Worker-41: Download sources and javadoc] INFO  o.e.m.j.internal.DownloadSourcesJob - Downloaded sources for org.glassfish.jaxb:txw2:4.0.1
2022-12-03 10:48:50,627 [Worker-41: Download sources and javadoc] INFO  o.e.m.c.i.e.AbstractTransferListenerAdapter - Downloading https://repo.maven.apache.org/maven2/com/sun/istack/istack-commons-runtime/4.1.1/istack-commons-runtime-4.1.1-sources.jar
2022-12-03 10:48:50,892 [Worker-41: Download sources and javadoc] INFO  o.e.m.c.i.e.AbstractTransferListenerAdapter - Downloaded https://repo.maven.apache.org/maven2/com/sun/istack/istack-commons-runtime/4.1.1/istack-commons-runtime-4.1.1-sources.jar
2022-12-03 10:48:50,979 [Worker-41: Download sources and javadoc] INFO  o.e.m.j.internal.DownloadSourcesJob - Downloaded sources for com.sun.istack:istack-commons-runtime:4.1.1
2022-12-03 10:48:51,505 [Worker-41: Download sources and javadoc] INFO  o.e.m.c.i.e.AbstractTransferListenerAdapter - Downloading https://repo.maven.apache.org/maven2/jakarta/inject/jakarta.inject-api/2.0.0/jakarta.inject-api-2.0.0-sources.jar
2022-12-03 10:48:51,758 [Worker-41: Download sources and javadoc] INFO  o.e.m.c.i.e.AbstractTransferListenerAdapter - Downloaded https://repo.maven.apache.org/maven2/jakarta/inject/jakarta.inject-api/2.0.0/jakarta.inject-api-2.0.0-sources.jar
2022-12-03 10:48:51,852 [Worker-41: Download sources and javadoc] INFO  o.e.m.j.internal.DownloadSourcesJob - Downloaded sources for jakarta.inject:jakarta.inject-api:2.0.0
2022-12-03 10:48:52,850 [Worker-41: Download sources and javadoc] INFO  o.e.m.c.i.e.AbstractTransferListenerAdapter - Downloading https://repo.maven.apache.org/maven2/org/antlr/antlr4-runtime/4.10.1/antlr4-runtime-4.10.1-sources.jar
2022-12-03 10:48:53,482 [Worker-41: Download sources and javadoc] INFO  o.e.m.c.i.e.AbstractTransferListenerAdapter - Downloaded https://repo.maven.apache.org/maven2/org/antlr/antlr4-runtime/4.10.1/antlr4-runtime-4.10.1-sources.jar
2022-12-03 10:48:53,582 [Worker-41: Download sources and javadoc] INFO  o.e.m.j.internal.DownloadSourcesJob - Downloaded sources for org.antlr:antlr4-runtime:4.10.1
2022-12-03 10:48:54,496 [Worker-41: Download sources and javadoc] INFO  o.e.m.c.i.e.AbstractTransferListenerAdapter - Downloading https://repo.maven.apache.org/maven2/org/springframework/data/spring-data-jpa/3.0.0/spring-data-jpa-3.0.0-sources.jar
2022-12-03 10:48:55,027 [Worker-41: Download sources and javadoc] INFO  o.e.m.c.i.e.AbstractTransferListenerAdapter - Downloaded https://repo.maven.apache.org/maven2/org/springframework/data/spring-data-jpa/3.0.0/spring-data-jpa-3.0.0-sources.jar
2022-12-03 10:48:55,079 [Worker-41: Download sources and javadoc] INFO  o.e.m.j.internal.DownloadSourcesJob - Downloaded sources for org.springframework.data:spring-data-jpa:3.0.0
2022-12-03 10:48:55,556 [Worker-41: Download sources and javadoc] INFO  o.e.m.c.i.e.AbstractTransferListenerAdapter - Downloading https://repo.maven.apache.org/maven2/org/springframework/data/spring-data-commons/3.0.0/spring-data-commons-3.0.0-sources.jar
2022-12-03 10:48:56,206 [Worker-41: Download sources and javadoc] INFO  o.e.m.c.i.e.AbstractTransferListenerAdapter - Downloaded https://repo.maven.apache.org/maven2/org/springframework/data/spring-data-commons/3.0.0/spring-data-commons-3.0.0-sources.jar
2022-12-03 10:48:56,251 [Worker-41: Download sources and javadoc] INFO  o.e.m.j.internal.DownloadSourcesJob - Downloaded sources for org.springframework.data:spring-data-commons:3.0.0
2022-12-03 10:48:56,726 [Worker-41: Download sources and javadoc] INFO  o.e.m.c.i.e.AbstractTransferListenerAdapter - Downloading https://repo.maven.apache.org/maven2/org/springframework/spring-orm/6.0.2/spring-orm-6.0.2-sources.jar
2022-12-03 10:48:57,528 [Worker-41: Download sources and javadoc] INFO  o.e.m.c.i.e.AbstractTransferListenerAdapter - Downloaded https://repo.maven.apache.org/maven2/org/springframework/spring-orm/6.0.2/spring-orm-6.0.2-sources.jar
2022-12-03 10:48:57,583 [Worker-41: Download sources and javadoc] INFO  o.e.m.j.internal.DownloadSourcesJob - Downloaded sources for org.springframework:spring-orm:6.0.2
2022-12-03 10:48:58,538 [Worker-41: Download sources and javadoc] INFO  o.e.m.c.i.e.AbstractTransferListenerAdapter - Downloading https://repo.maven.apache.org/maven2/org/springframework/spring-beans/6.0.2/spring-beans-6.0.2-sources.jar
2022-12-03 10:48:59,303 [Worker-41: Download sources and javadoc] INFO  o.e.m.c.i.e.AbstractTransferListenerAdapter - Downloaded https://repo.maven.apache.org/maven2/org/springframework/spring-beans/6.0.2/spring-beans-6.0.2-sources.jar
2022-12-03 10:48:59,365 [Worker-41: Download sources and javadoc] INFO  o.e.m.j.internal.DownloadSourcesJob - Downloaded sources for org.springframework:spring-beans:6.0.2
2022-12-03 10:49:00,272 [Worker-41: Download sources and javadoc] INFO  o.e.m.c.i.e.AbstractTransferListenerAdapter - Downloading https://repo.maven.apache.org/maven2/jakarta/annotation/jakarta.annotation-api/2.1.1/jakarta.annotation-api-2.1.1-sources.jar
2022-12-03 10:49:00,557 [Worker-41: Download sources and javadoc] INFO  o.e.m.c.i.e.AbstractTransferListenerAdapter - Downloaded https://repo.maven.apache.org/maven2/jakarta/annotation/jakarta.annotation-api/2.1.1/jakarta.annotation-api-2.1.1-sources.jar
2022-12-03 10:49:00,627 [Worker-41: Download sources and javadoc] INFO  o.e.m.j.internal.DownloadSourcesJob - Downloaded sources for jakarta.annotation:jakarta.annotation-api:2.1.1
2022-12-03 10:49:01,474 [Worker-41: Download sources and javadoc] INFO  o.e.m.c.i.e.AbstractTransferListenerAdapter - Downloading https://repo.maven.apache.org/maven2/org/springframework/spring-aspects/6.0.2/spring-aspects-6.0.2-sources.jar
2022-12-03 10:49:01,729 [Worker-41: Download sources and javadoc] INFO  o.e.m.c.i.e.AbstractTransferListenerAdapter - Downloaded https://repo.maven.apache.org/maven2/org/springframework/spring-aspects/6.0.2/spring-aspects-6.0.2-sources.jar
2022-12-03 10:49:01,807 [Worker-41: Download sources and javadoc] INFO  o.e.m.j.internal.DownloadSourcesJob - Downloaded sources for org.springframework:spring-aspects:6.0.2
2022-12-03 10:49:02,686 [Worker-41: Download sources and javadoc] INFO  o.e.m.c.i.e.AbstractTransferListenerAdapter - Downloading https://repo.maven.apache.org/maven2/org/springframework/boot/spring-boot-starter-web/3.0.0/spring-boot-starter-web-3.0.0-sources.jar
2022-12-03 10:49:02,907 [Worker-41: Download sources and javadoc] INFO  o.e.m.c.i.e.AbstractTransferListenerAdapter - Downloaded https://repo.maven.apache.org/maven2/org/springframework/boot/spring-boot-starter-web/3.0.0/spring-boot-starter-web-3.0.0-sources.jar
2022-12-03 10:49:02,993 [Worker-41: Download sources and javadoc] INFO  o.e.m.j.internal.DownloadSourcesJob - Downloaded sources for org.springframework.boot:spring-boot-starter-web:3.0.0
2022-12-03 10:49:03,888 [Worker-41: Download sources and javadoc] INFO  o.e.m.c.i.e.AbstractTransferListenerAdapter - Downloading https://repo.maven.apache.org/maven2/org/springframework/boot/spring-boot-starter/3.0.0/spring-boot-starter-3.0.0-sources.jar
2022-12-03 10:49:04,135 [Worker-41: Download sources and javadoc] INFO  o.e.m.c.i.e.AbstractTransferListenerAdapter - Downloaded https://repo.maven.apache.org/maven2/org/springframework/boot/spring-boot-starter/3.0.0/spring-boot-starter-3.0.0-sources.jar
2022-12-03 10:49:04,228 [Worker-41: Download sources and javadoc] INFO  o.e.m.j.internal.DownloadSourcesJob - Downloaded sources for org.springframework.boot:spring-boot-starter:3.0.0
2022-12-03 10:49:05,188 [Worker-41: Download sources and javadoc] INFO  o.e.m.c.i.e.AbstractTransferListenerAdapter - Downloading https://repo.maven.apache.org/maven2/org/springframework/boot/spring-boot/3.0.0/spring-boot-3.0.0-sources.jar
2022-12-03 10:49:05,969 [Worker-41: Download sources and javadoc] INFO  o.e.m.c.i.e.AbstractTransferListenerAdapter - Downloaded https://repo.maven.apache.org/maven2/org/springframework/boot/spring-boot/3.0.0/spring-boot-3.0.0-sources.jar
2022-12-03 10:49:06,071 [Worker-41: Download sources and javadoc] INFO  o.e.m.j.internal.DownloadSourcesJob - Downloaded sources for org.springframework.boot:spring-boot:3.0.0
2022-12-03 10:49:06,950 [Worker-41: Download sources and javadoc] INFO  o.e.m.c.i.e.AbstractTransferListenerAdapter - Downloading https://repo.maven.apache.org/maven2/org/springframework/boot/spring-boot-autoconfigure/3.0.0/spring-boot-autoconfigure-3.0.0-sources.jar
2022-12-03 10:49:07,671 [Worker-41: Download sources and javadoc] INFO  o.e.m.c.i.e.AbstractTransferListenerAdapter - Downloaded https://repo.maven.apache.org/maven2/org/springframework/boot/spring-boot-autoconfigure/3.0.0/spring-boot-autoconfigure-3.0.0-sources.jar
2022-12-03 10:49:07,722 [Worker-41: Download sources and javadoc] INFO  o.e.m.j.internal.DownloadSourcesJob - Downloaded sources for org.springframework.boot:spring-boot-autoconfigure:3.0.0
2022-12-03 10:49:08,327 [Worker-41: Download sources and javadoc] INFO  o.e.m.c.i.e.AbstractTransferListenerAdapter - Downloading https://repo.maven.apache.org/maven2/org/springframework/boot/spring-boot-starter-logging/3.0.0/spring-boot-starter-logging-3.0.0-sources.jar
2022-12-03 10:49:08,588 [Worker-41: Download sources and javadoc] INFO  o.e.m.c.i.e.AbstractTransferListenerAdapter - Downloaded https://repo.maven.apache.org/maven2/org/springframework/boot/spring-boot-starter-logging/3.0.0/spring-boot-starter-logging-3.0.0-sources.jar
2022-12-03 10:49:08,635 [Worker-41: Download sources and javadoc] INFO  o.e.m.j.internal.DownloadSourcesJob - Downloaded sources for org.springframework.boot:spring-boot-starter-logging:3.0.0
2022-12-03 10:49:09,560 [Worker-41: Download sources and javadoc] INFO  o.e.m.c.i.e.AbstractTransferListenerAdapter - Downloading https://repo.maven.apache.org/maven2/ch/qos/logback/logback-classic/1.4.5/logback-classic-1.4.5-sources.jar
2022-12-03 10:49:10,651 [Worker-41: Download sources and javadoc] INFO  o.e.m.c.i.e.AbstractTransferListenerAdapter - Downloaded https://repo.maven.apache.org/maven2/ch/qos/logback/logback-classic/1.4.5/logback-classic-1.4.5-sources.jar
2022-12-03 10:49:10,705 [Worker-41: Download sources and javadoc] INFO  o.e.m.j.internal.DownloadSourcesJob - Downloaded sources for ch.qos.logback:logback-classic:1.4.5
2022-12-03 10:49:11,247 [Worker-41: Download sources and javadoc] INFO  o.e.m.c.i.e.AbstractTransferListenerAdapter - Downloading https://repo.maven.apache.org/maven2/ch/qos/logback/logback-core/1.4.5/logback-core-1.4.5-sources.jar
2022-12-03 10:49:11,807 [Worker-41: Download sources and javadoc] INFO  o.e.m.c.i.e.AbstractTransferListenerAdapter - Downloaded https://repo.maven.apache.org/maven2/ch/qos/logback/logback-core/1.4.5/logback-core-1.4.5-sources.jar
2022-12-03 10:49:11,871 [Worker-41: Download sources and javadoc] INFO  o.e.m.j.internal.DownloadSourcesJob - Downloaded sources for ch.qos.logback:logback-core:1.4.5
2022-12-03 10:49:12,749 [Worker-41: Download sources and javadoc] INFO  o.e.m.c.i.e.AbstractTransferListenerAdapter - Downloading https://repo.maven.apache.org/maven2/org/apache/logging/log4j/log4j-to-slf4j/2.19.0/log4j-to-slf4j-2.19.0-sources.jar
2022-12-03 10:49:12,989 [Worker-41: Download sources and javadoc] INFO  o.e.m.c.i.e.AbstractTransferListenerAdapter - Downloaded https://repo.maven.apache.org/maven2/org/apache/logging/log4j/log4j-to-slf4j/2.19.0/log4j-to-slf4j-2.19.0-sources.jar
2022-12-03 10:49:13,060 [Worker-41: Download sources and javadoc] INFO  o.e.m.j.internal.DownloadSourcesJob - Downloaded sources for org.apache.logging.log4j:log4j-to-slf4j:2.19.0
2022-12-03 10:49:13,971 [Worker-41: Download sources and javadoc] INFO  o.e.m.c.i.e.AbstractTransferListenerAdapter - Downloading https://repo.maven.apache.org/maven2/org/apache/logging/log4j/log4j-api/2.19.0/log4j-api-2.19.0-sources.jar
2022-12-03 10:49:14,539 [Worker-41: Download sources and javadoc] INFO  o.e.m.c.i.e.AbstractTransferListenerAdapter - Downloaded https://repo.maven.apache.org/maven2/org/apache/logging/log4j/log4j-api/2.19.0/log4j-api-2.19.0-sources.jar
2022-12-03 10:49:14,617 [Worker-41: Download sources and javadoc] INFO  o.e.m.j.internal.DownloadSourcesJob - Downloaded sources for org.apache.logging.log4j:log4j-api:2.19.0
2022-12-03 10:49:15,476 [Worker-41: Download sources and javadoc] INFO  o.e.m.c.i.e.AbstractTransferListenerAdapter - Downloading https://repo.maven.apache.org/maven2/org/slf4j/jul-to-slf4j/2.0.4/jul-to-slf4j-2.0.4-sources.jar
2022-12-03 10:49:15,711 [Worker-41: Download sources and javadoc] INFO  o.e.m.c.i.e.AbstractTransferListenerAdapter - Downloaded https://repo.maven.apache.org/maven2/org/slf4j/jul-to-slf4j/2.0.4/jul-to-slf4j-2.0.4-sources.jar
2022-12-03 10:49:15,796 [Worker-41: Download sources and javadoc] INFO  o.e.m.j.internal.DownloadSourcesJob - Downloaded sources for org.slf4j:jul-to-slf4j:2.0.4
2022-12-03 10:49:16,703 [Worker-41: Download sources and javadoc] INFO  o.e.m.c.i.e.AbstractTransferListenerAdapter - Downloading https://repo.maven.apache.org/maven2/org/yaml/snakeyaml/1.33/snakeyaml-1.33-sources.jar
2022-12-03 10:49:17,839 [Worker-41: Download sources and javadoc] INFO  o.e.m.c.i.e.AbstractTransferListenerAdapter - Downloaded https://repo.maven.apache.org/maven2/org/yaml/snakeyaml/1.33/snakeyaml-1.33-sources.jar
2022-12-03 10:49:17,932 [Worker-41: Download sources and javadoc] INFO  o.e.m.j.internal.DownloadSourcesJob - Downloaded sources for org.yaml:snakeyaml:1.33
2022-12-03 10:49:18,465 [Worker-41: Download sources and javadoc] INFO  o.e.m.c.i.e.AbstractTransferListenerAdapter - Downloading https://repo.maven.apache.org/maven2/org/springframework/boot/spring-boot-starter-json/3.0.0/spring-boot-starter-json-3.0.0-sources.jar
2022-12-03 10:49:18,722 [Worker-41: Download sources and javadoc] INFO  o.e.m.c.i.e.AbstractTransferListenerAdapter - Downloaded https://repo.maven.apache.org/maven2/org/springframework/boot/spring-boot-starter-json/3.0.0/spring-boot-starter-json-3.0.0-sources.jar
2022-12-03 10:49:18,822 [Worker-41: Download sources and javadoc] INFO  o.e.m.j.internal.DownloadSourcesJob - Downloaded sources for org.springframework.boot:spring-boot-starter-json:3.0.0
2022-12-03 10:49:19,744 [Worker-41: Download sources and javadoc] INFO  o.e.m.c.i.e.AbstractTransferListenerAdapter - Downloading https://repo.maven.apache.org/maven2/com/fasterxml/jackson/datatype/jackson-datatype-jdk8/2.14.1/jackson-datatype-jdk8-2.14.1-sources.jar
2022-12-03 10:49:19,992 [Worker-41: Download sources and javadoc] INFO  o.e.m.c.i.e.AbstractTransferListenerAdapter - Downloaded https://repo.maven.apache.org/maven2/com/fasterxml/jackson/datatype/jackson-datatype-jdk8/2.14.1/jackson-datatype-jdk8-2.14.1-sources.jar
2022-12-03 10:49:20,043 [Worker-41: Download sources and javadoc] INFO  o.e.m.j.internal.DownloadSourcesJob - Downloaded sources for com.fasterxml.jackson.datatype:jackson-datatype-jdk8:2.14.1
2022-12-03 10:49:20,954 [Worker-41: Download sources and javadoc] INFO  o.e.m.c.i.e.AbstractTransferListenerAdapter - Downloading https://repo.maven.apache.org/maven2/com/fasterxml/jackson/datatype/jackson-datatype-jsr310/2.14.1/jackson-datatype-jsr310-2.14.1-sources.jar
2022-12-03 10:49:21,321 [Worker-41: Download sources and javadoc] INFO  o.e.m.c.i.e.AbstractTransferListenerAdapter - Downloaded https://repo.maven.apache.org/maven2/com/fasterxml/jackson/datatype/jackson-datatype-jsr310/2.14.1/jackson-datatype-jsr310-2.14.1-sources.jar
2022-12-03 10:49:21,369 [Worker-41: Download sources and javadoc] INFO  o.e.m.j.internal.DownloadSourcesJob - Downloaded sources for com.fasterxml.jackson.datatype:jackson-datatype-jsr310:2.14.1
2022-12-03 10:49:21,876 [Worker-41: Download sources and javadoc] INFO  o.e.m.c.i.e.AbstractTransferListenerAdapter - Downloading https://repo.maven.apache.org/maven2/com/fasterxml/jackson/module/jackson-module-parameter-names/2.14.1/jackson-module-parameter-names-2.14.1-sources.jar
2022-12-03 10:49:22,120 [Worker-41: Download sources and javadoc] INFO  o.e.m.c.i.e.AbstractTransferListenerAdapter - Downloaded https://repo.maven.apache.org/maven2/com/fasterxml/jackson/module/jackson-module-parameter-names/2.14.1/jackson-module-parameter-names-2.14.1-sources.jar
2022-12-03 10:49:22,175 [Worker-41: Download sources and javadoc] INFO  o.e.m.j.internal.DownloadSourcesJob - Downloaded sources for com.fasterxml.jackson.module:jackson-module-parameter-names:2.14.1
2022-12-03 10:49:22,689 [Worker-41: Download sources and javadoc] INFO  o.e.m.c.i.e.AbstractTransferListenerAdapter - Downloading https://repo.maven.apache.org/maven2/org/springframework/boot/spring-boot-starter-tomcat/3.0.0/spring-boot-starter-tomcat-3.0.0-sources.jar
2022-12-03 10:49:22,940 [Worker-41: Download sources and javadoc] INFO  o.e.m.c.i.e.AbstractTransferListenerAdapter - Downloaded https://repo.maven.apache.org/maven2/org/springframework/boot/spring-boot-starter-tomcat/3.0.0/spring-boot-starter-tomcat-3.0.0-sources.jar
2022-12-03 10:49:23,002 [Worker-41: Download sources and javadoc] INFO  o.e.m.j.internal.DownloadSourcesJob - Downloaded sources for org.springframework.boot:spring-boot-starter-tomcat:3.0.0
2022-12-03 10:49:23,565 [Worker-41: Download sources and javadoc] INFO  o.e.m.c.i.e.AbstractTransferListenerAdapter - Downloading https://repo.maven.apache.org/maven2/org/apache/tomcat/embed/tomcat-embed-core/10.1.1/tomcat-embed-core-10.1.1-sources.jar
2022-12-03 10:49:24,591 [Worker-41: Download sources and javadoc] INFO  o.e.m.c.i.e.AbstractTransferListenerAdapter - Downloaded https://repo.maven.apache.org/maven2/org/apache/tomcat/embed/tomcat-embed-core/10.1.1/tomcat-embed-core-10.1.1-sources.jar
2022-12-03 10:49:24,662 [Worker-41: Download sources and javadoc] INFO  o.e.m.j.internal.DownloadSourcesJob - Downloaded sources for org.apache.tomcat.embed:tomcat-embed-core:10.1.1
2022-12-03 10:49:25,240 [Worker-41: Download sources and javadoc] INFO  o.e.m.c.i.e.AbstractTransferListenerAdapter - Downloading https://repo.maven.apache.org/maven2/org/apache/tomcat/embed/tomcat-embed-el/10.1.1/tomcat-embed-el-10.1.1-sources.jar
2022-12-03 10:49:25,720 [Worker-41: Download sources and javadoc] INFO  o.e.m.c.i.e.AbstractTransferListenerAdapter - Downloaded https://repo.maven.apache.org/maven2/org/apache/tomcat/embed/tomcat-embed-el/10.1.1/tomcat-embed-el-10.1.1-sources.jar
2022-12-03 10:49:25,798 [Worker-41: Download sources and javadoc] INFO  o.e.m.j.internal.DownloadSourcesJob - Downloaded sources for org.apache.tomcat.embed:tomcat-embed-el:10.1.1
2022-12-03 10:49:26,303 [Worker-41: Download sources and javadoc] INFO  o.e.m.c.i.e.AbstractTransferListenerAdapter - Downloading https://repo.maven.apache.org/maven2/org/apache/tomcat/embed/tomcat-embed-websocket/10.1.1/tomcat-embed-websocket-10.1.1-sources.jar
2022-12-03 10:49:26,726 [Worker-41: Download sources and javadoc] INFO  o.e.m.c.i.e.AbstractTransferListenerAdapter - Downloaded https://repo.maven.apache.org/maven2/org/apache/tomcat/embed/tomcat-embed-websocket/10.1.1/tomcat-embed-websocket-10.1.1-sources.jar
2022-12-03 10:49:26,812 [Worker-41: Download sources and javadoc] INFO  o.e.m.j.internal.DownloadSourcesJob - Downloaded sources for org.apache.tomcat.embed:tomcat-embed-websocket:10.1.1
2022-12-03 10:49:27,320 [Worker-41: Download sources and javadoc] INFO  o.e.m.c.i.e.AbstractTransferListenerAdapter - Downloading https://repo.maven.apache.org/maven2/org/springframework/spring-web/6.0.2/spring-web-6.0.2-sources.jar
2022-12-03 10:49:28,077 [Worker-41: Download sources and javadoc] INFO  o.e.m.c.i.e.AbstractTransferListenerAdapter - Downloaded https://repo.maven.apache.org/maven2/org/springframework/spring-web/6.0.2/spring-web-6.0.2-sources.jar
2022-12-03 10:49:28,170 [Worker-41: Download sources and javadoc] INFO  o.e.m.j.internal.DownloadSourcesJob - Downloaded sources for org.springframework:spring-web:6.0.2
2022-12-03 10:49:29,039 [Worker-41: Download sources and javadoc] INFO  o.e.m.c.i.e.AbstractTransferListenerAdapter - Downloading https://repo.maven.apache.org/maven2/org/springframework/spring-webmvc/6.0.2/spring-webmvc-6.0.2-sources.jar
2022-12-03 10:49:29,765 [Worker-41: Download sources and javadoc] INFO  o.e.m.c.i.e.AbstractTransferListenerAdapter - Downloaded https://repo.maven.apache.org/maven2/org/springframework/spring-webmvc/6.0.2/spring-webmvc-6.0.2-sources.jar
2022-12-03 10:49:29,866 [Worker-41: Download sources and javadoc] INFO  o.e.m.j.internal.DownloadSourcesJob - Downloaded sources for org.springframework:spring-webmvc:6.0.2
2022-12-03 10:49:30,401 [Worker-41: Download sources and javadoc] INFO  o.e.m.c.i.e.AbstractTransferListenerAdapter - Downloading https://repo.maven.apache.org/maven2/org/springframework/spring-expression/6.0.2/spring-expression-6.0.2-sources.jar
2022-12-03 10:49:30,836 [Worker-41: Download sources and javadoc] INFO  o.e.m.c.i.e.AbstractTransferListenerAdapter - Downloaded https://repo.maven.apache.org/maven2/org/springframework/spring-expression/6.0.2/spring-expression-6.0.2-sources.jar
2022-12-03 10:49:30,887 [Worker-41: Download sources and javadoc] INFO  o.e.m.j.internal.DownloadSourcesJob - Downloaded sources for org.springframework:spring-expression:6.0.2
2022-12-03 10:49:31,769 [Worker-41: Download sources and javadoc] INFO  o.e.m.c.i.e.AbstractTransferListenerAdapter - Downloading https://repo.maven.apache.org/maven2/org/apache/kafka/kafka-streams/3.3.1/kafka-streams-3.3.1-sources.jar
2022-12-03 10:49:32,585 [Worker-41: Download sources and javadoc] INFO  o.e.m.c.i.e.AbstractTransferListenerAdapter - Downloaded https://repo.maven.apache.org/maven2/org/apache/kafka/kafka-streams/3.3.1/kafka-streams-3.3.1-sources.jar
2022-12-03 10:49:32,633 [Worker-41: Download sources and javadoc] INFO  o.e.m.j.internal.DownloadSourcesJob - Downloaded sources for org.apache.kafka:kafka-streams:3.3.1
2022-12-03 10:49:33,530 [Worker-41: Download sources and javadoc] INFO  o.e.m.c.i.e.AbstractTransferListenerAdapter - Downloading https://repo.maven.apache.org/maven2/org/apache/kafka/kafka-clients/3.3.1/kafka-clients-3.3.1-sources.jar
2022-12-03 10:50:03,418 [Worker-41: Download sources and javadoc] INFO  o.e.m.c.i.e.AbstractTransferListenerAdapter - Downloaded https://repo.maven.apache.org/maven2/org/apache/kafka/kafka-clients/3.3.1/kafka-clients-3.3.1-sources.jar
2022-12-03 10:50:03,473 [Worker-41: Download sources and javadoc] INFO  o.e.m.j.internal.DownloadSourcesJob - Downloaded sources for org.apache.kafka:kafka-clients:3.3.1
2022-12-03 10:50:04,458 [Worker-41: Download sources and javadoc] INFO  o.e.m.c.i.e.AbstractTransferListenerAdapter - Downloading https://repo.maven.apache.org/maven2/com/github/luben/zstd-jni/1.5.2-1/zstd-jni-1.5.2-1-sources.jar
2022-12-03 10:50:04,708 [Worker-41: Download sources and javadoc] INFO  o.e.m.c.i.e.AbstractTransferListenerAdapter - Downloaded https://repo.maven.apache.org/maven2/com/github/luben/zstd-jni/1.5.2-1/zstd-jni-1.5.2-1-sources.jar
2022-12-03 10:50:04,771 [Worker-41: Download sources and javadoc] INFO  o.e.m.j.internal.DownloadSourcesJob - Downloaded sources for com.github.luben:zstd-jni:1.5.2-1
2022-12-03 10:50:05,266 [Worker-41: Download sources and javadoc] INFO  o.e.m.c.i.e.AbstractTransferListenerAdapter - Downloading https://repo.maven.apache.org/maven2/org/lz4/lz4-java/1.8.0/lz4-java-1.8.0-sources.jar
2022-12-03 10:50:05,533 [Worker-41: Download sources and javadoc] INFO  o.e.m.c.i.e.AbstractTransferListenerAdapter - Downloaded https://repo.maven.apache.org/maven2/org/lz4/lz4-java/1.8.0/lz4-java-1.8.0-sources.jar
2022-12-03 10:50:05,604 [Worker-41: Download sources and javadoc] INFO  o.e.m.j.internal.DownloadSourcesJob - Downloaded sources for org.lz4:lz4-java:1.8.0
2022-12-03 10:50:06,490 [Worker-41: Download sources and javadoc] INFO  o.e.m.c.i.e.AbstractTransferListenerAdapter - Downloading https://repo.maven.apache.org/maven2/org/xerial/snappy/snappy-java/1.1.8.4/snappy-java-1.1.8.4-sources.jar
2022-12-03 10:50:19,408 [Worker-51: Building] INFO  o.a.m.s.f.DefaultMavenResourcesFiltering - Copying 1 resource
2022-12-03 10:50:19,412 [Worker-51: Building] INFO  o.a.m.s.f.DefaultMavenResourcesFiltering - Copying 0 resource
2022-12-03 10:50:19,413 [Worker-51: Building] INFO  o.a.m.s.f.DefaultMavenResourcesFiltering - skip non existing resourceDirectory /home/igor/Desenvolvimento/kafka-example/Producer/src/test/resources
2022-12-03 10:50:30,298 [Worker-49: Building] INFO  o.a.m.s.f.DefaultMavenResourcesFiltering - Copying 1 resource
2022-12-03 10:50:30,299 [Worker-49: Building] INFO  o.a.m.s.f.DefaultMavenResourcesFiltering - Copying 0 resource
2022-12-03 10:50:30,300 [Worker-49: Building] INFO  o.a.m.s.f.DefaultMavenResourcesFiltering - skip non existing resourceDirectory /home/igor/Desenvolvimento/kafka-example/Producer/src/test/resources
2022-12-03 10:50:33,940 [Worker-41: Download sources and javadoc] INFO  o.e.m.c.i.e.AbstractTransferListenerAdapter - Downloaded https://repo.maven.apache.org/maven2/org/xerial/snappy/snappy-java/1.1.8.4/snappy-java-1.1.8.4-sources.jar
2022-12-03 10:50:34,018 [Worker-41: Download sources and javadoc] INFO  o.e.m.j.internal.DownloadSourcesJob - Downloaded sources for org.xerial.snappy:snappy-java:1.1.8.4
2022-12-03 10:50:34,966 [Worker-41: Download sources and javadoc] INFO  o.e.m.c.i.e.AbstractTransferListenerAdapter - Downloading https://repo.maven.apache.org/maven2/org/rocksdb/rocksdbjni/6.29.4.1/rocksdbjni-6.29.4.1-sources.jar
2022-12-03 10:50:35,520 [Worker-41: Download sources and javadoc] INFO  o.e.m.c.i.e.AbstractTransferListenerAdapter - Downloaded https://repo.maven.apache.org/maven2/org/rocksdb/rocksdbjni/6.29.4.1/rocksdbjni-6.29.4.1-sources.jar
2022-12-03 10:50:35,605 [Worker-41: Download sources and javadoc] INFO  o.e.m.j.internal.DownloadSourcesJob - Downloaded sources for org.rocksdb:rocksdbjni:6.29.4.1
2022-12-03 10:50:36,506 [Worker-41: Download sources and javadoc] INFO  o.e.m.c.i.e.AbstractTransferListenerAdapter - Downloading https://repo.maven.apache.org/maven2/org/slf4j/slf4j-api/2.0.4/slf4j-api-2.0.4-sources.jar
2022-12-03 10:50:36,854 [Worker-41: Download sources and javadoc] INFO  o.e.m.c.i.e.AbstractTransferListenerAdapter - Downloaded https://repo.maven.apache.org/maven2/org/slf4j/slf4j-api/2.0.4/slf4j-api-2.0.4-sources.jar
2022-12-03 10:50:36,946 [Worker-41: Download sources and javadoc] INFO  o.e.m.j.internal.DownloadSourcesJob - Downloaded sources for org.slf4j:slf4j-api:2.0.4
2022-12-03 10:50:37,883 [Worker-41: Download sources and javadoc] INFO  o.e.m.c.i.e.AbstractTransferListenerAdapter - Downloading https://repo.maven.apache.org/maven2/com/fasterxml/jackson/core/jackson-annotations/2.14.1/jackson-annotations-2.14.1-sources.jar
2022-12-03 10:50:38,276 [Worker-41: Download sources and javadoc] INFO  o.e.m.c.i.e.AbstractTransferListenerAdapter - Downloaded https://repo.maven.apache.org/maven2/com/fasterxml/jackson/core/jackson-annotations/2.14.1/jackson-annotations-2.14.1-sources.jar
2022-12-03 10:50:38,376 [Worker-41: Download sources and javadoc] INFO  o.e.m.j.internal.DownloadSourcesJob - Downloaded sources for com.fasterxml.jackson.core:jackson-annotations:2.14.1
2022-12-03 10:50:39,308 [Worker-41: Download sources and javadoc] INFO  o.e.m.c.i.e.AbstractTransferListenerAdapter - Downloading https://repo.maven.apache.org/maven2/com/fasterxml/jackson/core/jackson-databind/2.14.1/jackson-databind-2.14.1-sources.jar
2022-12-03 10:50:54,477 [Worker-41: Download sources and javadoc] INFO  o.e.m.c.i.e.AbstractTransferListenerAdapter - Downloaded https://repo.maven.apache.org/maven2/com/fasterxml/jackson/core/jackson-databind/2.14.1/jackson-databind-2.14.1-sources.jar
2022-12-03 10:50:54,529 [Worker-41: Download sources and javadoc] INFO  o.e.m.j.internal.DownloadSourcesJob - Downloaded sources for com.fasterxml.jackson.core:jackson-databind:2.14.1
2022-12-03 10:50:55,032 [Worker-41: Download sources and javadoc] INFO  o.e.m.c.i.e.AbstractTransferListenerAdapter - Downloading https://repo.maven.apache.org/maven2/com/fasterxml/jackson/core/jackson-core/2.14.1/jackson-core-2.14.1-sources.jar
2022-12-03 10:50:55,608 [Worker-41: Download sources and javadoc] INFO  o.e.m.c.i.e.AbstractTransferListenerAdapter - Downloaded https://repo.maven.apache.org/maven2/com/fasterxml/jackson/core/jackson-core/2.14.1/jackson-core-2.14.1-sources.jar
2022-12-03 10:50:55,656 [Worker-41: Download sources and javadoc] INFO  o.e.m.j.internal.DownloadSourcesJob - Downloaded sources for com.fasterxml.jackson.core:jackson-core:2.14.1
2022-12-03 10:50:56,580 [Worker-41: Download sources and javadoc] INFO  o.e.m.c.i.e.AbstractTransferListenerAdapter - Downloading https://repo.maven.apache.org/maven2/org/springframework/kafka/spring-kafka/3.0.0/spring-kafka-3.0.0-sources.jar
2022-12-03 10:50:57,278 [Worker-41: Download sources and javadoc] INFO  o.e.m.c.i.e.AbstractTransferListenerAdapter - Downloaded https://repo.maven.apache.org/maven2/org/springframework/kafka/spring-kafka/3.0.0/spring-kafka-3.0.0-sources.jar
2022-12-03 10:50:57,332 [Worker-41: Download sources and javadoc] INFO  o.e.m.j.internal.DownloadSourcesJob - Downloaded sources for org.springframework.kafka:spring-kafka:3.0.0
2022-12-03 10:50:58,295 [Worker-41: Download sources and javadoc] INFO  o.e.m.c.i.e.AbstractTransferListenerAdapter - Downloading https://repo.maven.apache.org/maven2/org/springframework/spring-context/6.0.2/spring-context-6.0.2-sources.jar
2022-12-03 10:50:59,113 [Worker-41: Download sources and javadoc] INFO  o.e.m.c.i.e.AbstractTransferListenerAdapter - Downloaded https://repo.maven.apache.org/maven2/org/springframework/spring-context/6.0.2/spring-context-6.0.2-sources.jar
2022-12-03 10:50:59,175 [Worker-41: Download sources and javadoc] INFO  o.e.m.j.internal.DownloadSourcesJob - Downloaded sources for org.springframework:spring-context:6.0.2
2022-12-03 10:51:00,094 [Worker-41: Download sources and javadoc] INFO  o.e.m.c.i.e.AbstractTransferListenerAdapter - Downloading https://repo.maven.apache.org/maven2/org/springframework/spring-messaging/6.0.2/spring-messaging-6.0.2-sources.jar
2022-12-03 10:51:00,710 [Worker-41: Download sources and javadoc] INFO  o.e.m.c.i.e.AbstractTransferListenerAdapter - Downloaded https://repo.maven.apache.org/maven2/org/springframework/spring-messaging/6.0.2/spring-messaging-6.0.2-sources.jar
2022-12-03 10:51:00,788 [Worker-41: Download sources and javadoc] INFO  o.e.m.j.internal.DownloadSourcesJob - Downloaded sources for org.springframework:spring-messaging:6.0.2
2022-12-03 10:51:01,754 [Worker-41: Download sources and javadoc] INFO  o.e.m.c.i.e.AbstractTransferListenerAdapter - Downloading https://repo.maven.apache.org/maven2/org/springframework/spring-tx/6.0.2/spring-tx-6.0.2-sources.jar
2022-12-03 10:51:02,340 [Worker-41: Download sources and javadoc] INFO  o.e.m.c.i.e.AbstractTransferListenerAdapter - Downloaded https://repo.maven.apache.org/maven2/org/springframework/spring-tx/6.0.2/spring-tx-6.0.2-sources.jar
2022-12-03 10:51:02,419 [Worker-41: Download sources and javadoc] INFO  o.e.m.j.internal.DownloadSourcesJob - Downloaded sources for org.springframework:spring-tx:6.0.2
2022-12-03 10:51:03,357 [Worker-41: Download sources and javadoc] INFO  o.e.m.c.i.e.AbstractTransferListenerAdapter - Downloading https://repo.maven.apache.org/maven2/org/springframework/retry/spring-retry/2.0.0/spring-retry-2.0.0-sources.jar
2022-12-03 10:51:03,808 [Worker-41: Download sources and javadoc] INFO  o.e.m.c.i.e.AbstractTransferListenerAdapter - Downloaded https://repo.maven.apache.org/maven2/org/springframework/retry/spring-retry/2.0.0/spring-retry-2.0.0-sources.jar
2022-12-03 10:51:03,893 [Worker-41: Download sources and javadoc] INFO  o.e.m.j.internal.DownloadSourcesJob - Downloaded sources for org.springframework.retry:spring-retry:2.0.0
2022-12-03 10:51:04,836 [Worker-41: Download sources and javadoc] INFO  o.e.m.c.i.e.AbstractTransferListenerAdapter - Downloading https://repo.maven.apache.org/maven2/io/micrometer/micrometer-observation/1.10.2/micrometer-observation-1.10.2-sources.jar
2022-12-03 10:51:05,146 [Worker-41: Download sources and javadoc] INFO  o.e.m.c.i.e.AbstractTransferListenerAdapter - Downloaded https://repo.maven.apache.org/maven2/io/micrometer/micrometer-observation/1.10.2/micrometer-observation-1.10.2-sources.jar
2022-12-03 10:51:05,243 [Worker-41: Download sources and javadoc] INFO  o.e.m.j.internal.DownloadSourcesJob - Downloaded sources for io.micrometer:micrometer-observation:1.10.2
2022-12-03 10:51:06,256 [Worker-41: Download sources and javadoc] INFO  o.e.m.c.i.e.AbstractTransferListenerAdapter - Downloading https://repo.maven.apache.org/maven2/io/micrometer/micrometer-commons/1.10.2/micrometer-commons-1.10.2-sources.jar
2022-12-03 10:51:06,556 [Worker-41: Download sources and javadoc] INFO  o.e.m.c.i.e.AbstractTransferListenerAdapter - Downloaded https://repo.maven.apache.org/maven2/io/micrometer/micrometer-commons/1.10.2/micrometer-commons-1.10.2-sources.jar
2022-12-03 10:51:06,658 [Worker-41: Download sources and javadoc] INFO  o.e.m.j.internal.DownloadSourcesJob - Downloaded sources for io.micrometer:micrometer-commons:1.10.2
2022-12-03 10:51:07,155 [Worker-51: Building] INFO  o.a.m.s.f.DefaultMavenResourcesFiltering - Copying 1 resource
2022-12-03 10:51:07,156 [Worker-51: Building] INFO  o.a.m.s.f.DefaultMavenResourcesFiltering - Copying 0 resource
2022-12-03 10:51:07,158 [Worker-51: Building] INFO  o.a.m.s.f.DefaultMavenResourcesFiltering - skip non existing resourceDirectory /home/igor/Desenvolvimento/kafka-example/Producer/src/test/resources
2022-12-03 10:51:07,210 [Worker-41: Download sources and javadoc] INFO  o.e.m.c.i.e.AbstractTransferListenerAdapter - Downloading https://repo.maven.apache.org/maven2/com/google/code/findbugs/jsr305/3.0.2/jsr305-3.0.2-sources.jar
2022-12-03 10:51:07,478 [Worker-41: Download sources and javadoc] INFO  o.e.m.c.i.e.AbstractTransferListenerAdapter - Downloaded https://repo.maven.apache.org/maven2/com/google/code/findbugs/jsr305/3.0.2/jsr305-3.0.2-sources.jar
2022-12-03 10:51:07,542 [Worker-41: Download sources and javadoc] INFO  o.e.m.j.internal.DownloadSourcesJob - Downloaded sources for com.google.code.findbugs:jsr305:3.0.2
2022-12-03 10:51:08,445 [Worker-41: Download sources and javadoc] INFO  o.e.m.c.i.e.AbstractTransferListenerAdapter - Downloading https://repo.maven.apache.org/maven2/org/springframework/boot/spring-boot-starter-test/3.0.0/spring-boot-starter-test-3.0.0-sources.jar
2022-12-03 10:51:08,695 [Worker-41: Download sources and javadoc] INFO  o.e.m.c.i.e.AbstractTransferListenerAdapter - Downloaded https://repo.maven.apache.org/maven2/org/springframework/boot/spring-boot-starter-test/3.0.0/spring-boot-starter-test-3.0.0-sources.jar
2022-12-03 10:51:08,752 [Worker-41: Download sources and javadoc] INFO  o.e.m.j.internal.DownloadSourcesJob - Downloaded sources for org.springframework.boot:spring-boot-starter-test:3.0.0
2022-12-03 10:51:09,246 [Worker-41: Download sources and javadoc] INFO  o.e.m.c.i.e.AbstractTransferListenerAdapter - Downloading https://repo.maven.apache.org/maven2/org/springframework/boot/spring-boot-test/3.0.0/spring-boot-test-3.0.0-sources.jar
2022-12-03 10:51:09,645 [Worker-41: Download sources and javadoc] INFO  o.e.m.c.i.e.AbstractTransferListenerAdapter - Downloaded https://repo.maven.apache.org/maven2/org/springframework/boot/spring-boot-test/3.0.0/spring-boot-test-3.0.0-sources.jar
2022-12-03 10:51:09,710 [Worker-41: Download sources and javadoc] INFO  o.e.m.j.internal.DownloadSourcesJob - Downloaded sources for org.springframework.boot:spring-boot-test:3.0.0
2022-12-03 10:51:10,584 [Worker-41: Download sources and javadoc] INFO  o.e.m.c.i.e.AbstractTransferListenerAdapter - Downloading https://repo.maven.apache.org/maven2/org/springframework/boot/spring-boot-test-autoconfigure/3.0.0/spring-boot-test-autoconfigure-3.0.0-sources.jar
2022-12-03 10:51:11,068 [Worker-41: Download sources and javadoc] INFO  o.e.m.c.i.e.AbstractTransferListenerAdapter - Downloaded https://repo.maven.apache.org/maven2/org/springframework/boot/spring-boot-test-autoconfigure/3.0.0/spring-boot-test-autoconfigure-3.0.0-sources.jar
2022-12-03 10:51:11,141 [Worker-41: Download sources and javadoc] INFO  o.e.m.j.internal.DownloadSourcesJob - Downloaded sources for org.springframework.boot:spring-boot-test-autoconfigure:3.0.0
2022-12-03 10:51:11,676 [Worker-41: Download sources and javadoc] INFO  o.e.m.c.i.e.AbstractTransferListenerAdapter - Downloading https://repo.maven.apache.org/maven2/jakarta/xml/bind/jakarta.xml.bind-api/4.0.0/jakarta.xml.bind-api-4.0.0-sources.jar
2022-12-03 10:51:12,131 [Worker-41: Download sources and javadoc] INFO  o.e.m.c.i.e.AbstractTransferListenerAdapter - Downloaded https://repo.maven.apache.org/maven2/jakarta/xml/bind/jakarta.xml.bind-api/4.0.0/jakarta.xml.bind-api-4.0.0-sources.jar
2022-12-03 10:51:12,213 [Worker-41: Download sources and javadoc] INFO  o.e.m.j.internal.DownloadSourcesJob - Downloaded sources for jakarta.xml.bind:jakarta.xml.bind-api:4.0.0
2022-12-03 10:51:12,718 [Worker-41: Download sources and javadoc] INFO  o.e.m.c.i.e.AbstractTransferListenerAdapter - Downloading https://repo.maven.apache.org/maven2/jakarta/activation/jakarta.activation-api/2.1.0/jakarta.activation-api-2.1.0-sources.jar
2022-12-03 10:51:12,976 [Worker-41: Download sources and javadoc] INFO  o.e.m.c.i.e.AbstractTransferListenerAdapter - Downloaded https://repo.maven.apache.org/maven2/jakarta/activation/jakarta.activation-api/2.1.0/jakarta.activation-api-2.1.0-sources.jar
2022-12-03 10:51:13,064 [Worker-41: Download sources and javadoc] INFO  o.e.m.j.internal.DownloadSourcesJob - Downloaded sources for jakarta.activation:jakarta.activation-api:2.1.0
2022-12-03 10:51:13,974 [Worker-41: Download sources and javadoc] INFO  o.e.m.c.i.e.AbstractTransferListenerAdapter - Downloading https://repo.maven.apache.org/maven2/org/assertj/assertj-core/3.23.1/assertj-core-3.23.1-sources.jar
2022-12-03 10:51:14,793 [Worker-41: Download sources and javadoc] INFO  o.e.m.c.i.e.AbstractTransferListenerAdapter - Downloaded https://repo.maven.apache.org/maven2/org/assertj/assertj-core/3.23.1/assertj-core-3.23.1-sources.jar
2022-12-03 10:51:14,888 [Worker-41: Download sources and javadoc] INFO  o.e.m.j.internal.DownloadSourcesJob - Downloaded sources for org.assertj:assertj-core:3.23.1
2022-12-03 10:51:15,748 [Worker-41: Download sources and javadoc] INFO  o.e.m.c.i.e.AbstractTransferListenerAdapter - Downloading https://repo.maven.apache.org/maven2/org/junit/jupiter/junit-jupiter/5.9.1/junit-jupiter-5.9.1-sources.jar
2022-12-03 10:51:16,008 [Worker-41: Download sources and javadoc] INFO  o.e.m.c.i.e.AbstractTransferListenerAdapter - Downloaded https://repo.maven.apache.org/maven2/org/junit/jupiter/junit-jupiter/5.9.1/junit-jupiter-5.9.1-sources.jar
2022-12-03 10:51:16,112 [Worker-41: Download sources and javadoc] INFO  o.e.m.j.internal.DownloadSourcesJob - Downloaded sources for org.junit.jupiter:junit-jupiter:5.9.1
2022-12-03 10:51:16,966 [Worker-41: Download sources and javadoc] INFO  o.e.m.c.i.e.AbstractTransferListenerAdapter - Downloading https://repo.maven.apache.org/maven2/org/junit/jupiter/junit-jupiter-params/5.9.1/junit-jupiter-params-5.9.1-sources.jar
2022-12-03 10:51:17,412 [Worker-41: Download sources and javadoc] INFO  o.e.m.c.i.e.AbstractTransferListenerAdapter - Downloaded https://repo.maven.apache.org/maven2/org/junit/jupiter/junit-jupiter-params/5.9.1/junit-jupiter-params-5.9.1-sources.jar
2022-12-03 10:51:17,463 [Worker-41: Download sources and javadoc] INFO  o.e.m.j.internal.DownloadSourcesJob - Downloaded sources for org.junit.jupiter:junit-jupiter-params:5.9.1
2022-12-03 10:51:17,990 [Worker-41: Download sources and javadoc] INFO  o.e.m.c.i.e.AbstractTransferListenerAdapter - Downloading https://repo.maven.apache.org/maven2/org/junit/jupiter/junit-jupiter-engine/5.9.1/junit-jupiter-engine-5.9.1-sources.jar
2022-12-03 10:51:18,399 [Worker-41: Download sources and javadoc] INFO  o.e.m.c.i.e.AbstractTransferListenerAdapter - Downloaded https://repo.maven.apache.org/maven2/org/junit/jupiter/junit-jupiter-engine/5.9.1/junit-jupiter-engine-5.9.1-sources.jar
2022-12-03 10:51:18,445 [Worker-41: Download sources and javadoc] INFO  o.e.m.j.internal.DownloadSourcesJob - Downloaded sources for org.junit.jupiter:junit-jupiter-engine:5.9.1
2022-12-03 10:51:18,984 [Worker-41: Download sources and javadoc] INFO  o.e.m.c.i.e.AbstractTransferListenerAdapter - Downloading https://repo.maven.apache.org/maven2/org/junit/platform/junit-platform-engine/1.9.1/junit-platform-engine-1.9.1-sources.jar
2022-12-03 10:51:19,382 [Worker-41: Download sources and javadoc] INFO  o.e.m.c.i.e.AbstractTransferListenerAdapter - Downloaded https://repo.maven.apache.org/maven2/org/junit/platform/junit-platform-engine/1.9.1/junit-platform-engine-1.9.1-sources.jar
2022-12-03 10:51:19,436 [Worker-41: Download sources and javadoc] INFO  o.e.m.j.internal.DownloadSourcesJob - Downloaded sources for org.junit.platform:junit-platform-engine:1.9.1
2022-12-03 10:51:19,968 [Worker-41: Download sources and javadoc] INFO  o.e.m.c.i.e.AbstractTransferListenerAdapter - Downloading https://repo.maven.apache.org/maven2/org/mockito/mockito-core/4.8.1/mockito-core-4.8.1-sources.jar
2022-12-03 10:51:20,568 [Worker-41: Download sources and javadoc] INFO  o.e.m.c.i.e.AbstractTransferListenerAdapter - Downloaded https://repo.maven.apache.org/maven2/org/mockito/mockito-core/4.8.1/mockito-core-4.8.1-sources.jar
2022-12-03 10:51:20,630 [Worker-41: Download sources and javadoc] INFO  o.e.m.j.internal.DownloadSourcesJob - Downloaded sources for org.mockito:mockito-core:4.8.1
2022-12-03 10:51:21,525 [Worker-41: Download sources and javadoc] INFO  o.e.m.c.i.e.AbstractTransferListenerAdapter - Downloading https://repo.maven.apache.org/maven2/net/bytebuddy/byte-buddy-agent/1.12.19/byte-buddy-agent-1.12.19-sources.jar
2022-12-03 10:51:22,016 [Worker-41: Download sources and javadoc] INFO  o.e.m.c.i.e.AbstractTransferListenerAdapter - Downloaded https://repo.maven.apache.org/maven2/net/bytebuddy/byte-buddy-agent/1.12.19/byte-buddy-agent-1.12.19-sources.jar
2022-12-03 10:51:22,086 [Worker-41: Download sources and javadoc] INFO  o.e.m.j.internal.DownloadSourcesJob - Downloaded sources for net.bytebuddy:byte-buddy-agent:1.12.19
2022-12-03 10:51:23,056 [Worker-41: Download sources and javadoc] INFO  o.e.m.c.i.e.AbstractTransferListenerAdapter - Downloading https://repo.maven.apache.org/maven2/org/mockito/mockito-junit-jupiter/4.8.1/mockito-junit-jupiter-4.8.1-sources.jar
2022-12-03 10:51:23,313 [Worker-41: Download sources and javadoc] INFO  o.e.m.c.i.e.AbstractTransferListenerAdapter - Downloaded https://repo.maven.apache.org/maven2/org/mockito/mockito-junit-jupiter/4.8.1/mockito-junit-jupiter-4.8.1-sources.jar
2022-12-03 10:51:23,390 [Worker-41: Download sources and javadoc] INFO  o.e.m.j.internal.DownloadSourcesJob - Downloaded sources for org.mockito:mockito-junit-jupiter:4.8.1
2022-12-03 10:51:24,378 [Worker-41: Download sources and javadoc] INFO  o.e.m.c.i.e.AbstractTransferListenerAdapter - Downloading https://repo.maven.apache.org/maven2/org/springframework/spring-core/6.0.2/spring-core-6.0.2-sources.jar
2022-12-03 10:51:25,194 [Worker-41: Download sources and javadoc] INFO  o.e.m.c.i.e.AbstractTransferListenerAdapter - Downloaded https://repo.maven.apache.org/maven2/org/springframework/spring-core/6.0.2/spring-core-6.0.2-sources.jar
2022-12-03 10:51:25,279 [Worker-41: Download sources and javadoc] INFO  o.e.m.j.internal.DownloadSourcesJob - Downloaded sources for org.springframework:spring-core:6.0.2
2022-12-03 10:51:26,278 [Worker-41: Download sources and javadoc] INFO  o.e.m.c.i.e.AbstractTransferListenerAdapter - Downloading https://repo.maven.apache.org/maven2/org/springframework/spring-jcl/6.0.2/spring-jcl-6.0.2-sources.jar
2022-12-03 10:51:26,515 [Worker-41: Download sources and javadoc] INFO  o.e.m.c.i.e.AbstractTransferListenerAdapter - Downloaded https://repo.maven.apache.org/maven2/org/springframework/spring-jcl/6.0.2/spring-jcl-6.0.2-sources.jar
2022-12-03 10:51:26,608 [Worker-41: Download sources and javadoc] INFO  o.e.m.j.internal.DownloadSourcesJob - Downloaded sources for org.springframework:spring-jcl:6.0.2
2022-12-03 10:51:27,138 [Worker-41: Download sources and javadoc] INFO  o.e.m.c.i.e.AbstractTransferListenerAdapter - Downloading https://repo.maven.apache.org/maven2/org/springframework/spring-test/6.0.2/spring-test-6.0.2-sources.jar
2022-12-03 10:51:27,777 [Worker-41: Download sources and javadoc] INFO  o.e.m.c.i.e.AbstractTransferListenerAdapter - Downloaded https://repo.maven.apache.org/maven2/org/springframework/spring-test/6.0.2/spring-test-6.0.2-sources.jar
2022-12-03 10:51:27,878 [Worker-41: Download sources and javadoc] INFO  o.e.m.j.internal.DownloadSourcesJob - Downloaded sources for org.springframework:spring-test:6.0.2
2022-12-03 10:51:28,370 [Worker-41: Download sources and javadoc] INFO  o.e.m.c.i.e.AbstractTransferListenerAdapter - Downloading https://repo.maven.apache.org/maven2/org/springframework/kafka/spring-kafka-test/3.0.0/spring-kafka-test-3.0.0-sources.jar
2022-12-03 10:51:28,610 [Worker-41: Download sources and javadoc] INFO  o.e.m.c.i.e.AbstractTransferListenerAdapter - Downloaded https://repo.maven.apache.org/maven2/org/springframework/kafka/spring-kafka-test/3.0.0/spring-kafka-test-3.0.0-sources.jar
2022-12-03 10:51:28,659 [Worker-41: Download sources and javadoc] INFO  o.e.m.j.internal.DownloadSourcesJob - Downloaded sources for org.springframework.kafka:spring-kafka-test:3.0.0
2022-12-03 10:51:29,530 [Worker-41: Download sources and javadoc] INFO  o.e.m.c.i.e.AbstractTransferListenerAdapter - Downloading https://repo.maven.apache.org/maven2/org/apache/zookeeper/zookeeper/3.6.3/zookeeper-3.6.3-sources.jar
2022-12-03 10:51:30,242 [Worker-41: Download sources and javadoc] INFO  o.e.m.c.i.e.AbstractTransferListenerAdapter - Downloaded https://repo.maven.apache.org/maven2/org/apache/zookeeper/zookeeper/3.6.3/zookeeper-3.6.3-sources.jar
2022-12-03 10:51:30,288 [Worker-41: Download sources and javadoc] INFO  o.e.m.j.internal.DownloadSourcesJob - Downloaded sources for org.apache.zookeeper:zookeeper:3.6.3
2022-12-03 10:51:30,818 [Worker-41: Download sources and javadoc] INFO  o.e.m.c.i.e.AbstractTransferListenerAdapter - Downloading https://repo.maven.apache.org/maven2/org/apache/zookeeper/zookeeper-jute/3.6.3/zookeeper-jute-3.6.3-sources.jar
2022-12-03 10:51:31,241 [Worker-41: Download sources and javadoc] INFO  o.e.m.c.i.e.AbstractTransferListenerAdapter - Downloaded https://repo.maven.apache.org/maven2/org/apache/zookeeper/zookeeper-jute/3.6.3/zookeeper-jute-3.6.3-sources.jar
2022-12-03 10:51:31,296 [Worker-41: Download sources and javadoc] INFO  o.e.m.j.internal.DownloadSourcesJob - Downloaded sources for org.apache.zookeeper:zookeeper-jute:3.6.3
2022-12-03 10:51:32,230 [Worker-41: Download sources and javadoc] INFO  o.e.m.c.i.e.AbstractTransferListenerAdapter - Downloading https://repo.maven.apache.org/maven2/org/apache/yetus/audience-annotations/0.5.0/audience-annotations-0.5.0-sources.jar
2022-12-03 10:51:32,479 [Worker-41: Download sources and javadoc] INFO  o.e.m.c.i.e.AbstractTransferListenerAdapter - Downloaded https://repo.maven.apache.org/maven2/org/apache/yetus/audience-annotations/0.5.0/audience-annotations-0.5.0-sources.jar
2022-12-03 10:51:32,540 [Worker-41: Download sources and javadoc] INFO  o.e.m.j.internal.DownloadSourcesJob - Downloaded sources for org.apache.yetus:audience-annotations:0.5.0
2022-12-03 10:51:33,043 [Worker-41: Download sources and javadoc] INFO  o.e.m.c.i.e.AbstractTransferListenerAdapter - Downloading https://repo.maven.apache.org/maven2/io/netty/netty-handler/4.1.85.Final/netty-handler-4.1.85.Final-sources.jar
2022-12-03 10:51:33,916 [Worker-41: Download sources and javadoc] INFO  o.e.m.c.i.e.AbstractTransferListenerAdapter - Downloaded https://repo.maven.apache.org/maven2/io/netty/netty-handler/4.1.85.Final/netty-handler-4.1.85.Final-sources.jar
2022-12-03 10:51:33,985 [Worker-41: Download sources and javadoc] INFO  o.e.m.j.internal.DownloadSourcesJob - Downloaded sources for io.netty:netty-handler:4.1.85.Final
2022-12-03 10:51:34,947 [Worker-41: Download sources and javadoc] INFO  o.e.m.c.i.e.AbstractTransferListenerAdapter - Downloading https://repo.maven.apache.org/maven2/io/netty/netty-common/4.1.85.Final/netty-common-4.1.85.Final-sources.jar
2022-12-03 10:51:35,382 [Worker-48: Building] INFO  o.a.m.s.f.DefaultMavenResourcesFiltering - Copying 1 resource
2022-12-03 10:51:35,384 [Worker-48: Building] INFO  o.a.m.s.f.DefaultMavenResourcesFiltering - Copying 0 resource
2022-12-03 10:51:35,386 [Worker-48: Building] INFO  o.a.m.s.f.DefaultMavenResourcesFiltering - skip non existing resourceDirectory /home/igor/Desenvolvimento/kafka-example/Producer/src/test/resources
2022-12-03 10:51:35,648 [Worker-41: Download sources and javadoc] INFO  o.e.m.c.i.e.AbstractTransferListenerAdapter - Downloaded https://repo.maven.apache.org/maven2/io/netty/netty-common/4.1.85.Final/netty-common-4.1.85.Final-sources.jar
2022-12-03 10:51:35,725 [Worker-41: Download sources and javadoc] INFO  o.e.m.j.internal.DownloadSourcesJob - Downloaded sources for io.netty:netty-common:4.1.85.Final
2022-12-03 10:51:36,698 [Worker-41: Download sources and javadoc] INFO  o.e.m.c.i.e.AbstractTransferListenerAdapter - Downloading https://repo.maven.apache.org/maven2/io/netty/netty-resolver/4.1.85.Final/netty-resolver-4.1.85.Final-sources.jar
2022-12-03 10:51:36,952 [Worker-41: Download sources and javadoc] INFO  o.e.m.c.i.e.AbstractTransferListenerAdapter - Downloaded https://repo.maven.apache.org/maven2/io/netty/netty-resolver/4.1.85.Final/netty-resolver-4.1.85.Final-sources.jar
2022-12-03 10:51:37,038 [Worker-41: Download sources and javadoc] INFO  o.e.m.j.internal.DownloadSourcesJob - Downloaded sources for io.netty:netty-resolver:4.1.85.Final
2022-12-03 10:51:37,905 [Worker-41: Download sources and javadoc] INFO  o.e.m.c.i.e.AbstractTransferListenerAdapter - Downloading https://repo.maven.apache.org/maven2/io/netty/netty-buffer/4.1.85.Final/netty-buffer-4.1.85.Final-sources.jar
2022-12-03 10:51:38,364 [Worker-41: Download sources and javadoc] INFO  o.e.m.c.i.e.AbstractTransferListenerAdapter - Downloaded https://repo.maven.apache.org/maven2/io/netty/netty-buffer/4.1.85.Final/netty-buffer-4.1.85.Final-sources.jar
2022-12-03 10:51:38,457 [Worker-41: Download sources and javadoc] INFO  o.e.m.j.internal.DownloadSourcesJob - Downloaded sources for io.netty:netty-buffer:4.1.85.Final
2022-12-03 10:51:38,964 [Worker-41: Download sources and javadoc] INFO  o.e.m.c.i.e.AbstractTransferListenerAdapter - Downloading https://repo.maven.apache.org/maven2/io/netty/netty-transport/4.1.85.Final/netty-transport-4.1.85.Final-sources.jar
2022-12-03 10:51:39,474 [Worker-41: Download sources and javadoc] INFO  o.e.m.c.i.e.AbstractTransferListenerAdapter - Downloaded https://repo.maven.apache.org/maven2/io/netty/netty-transport/4.1.85.Final/netty-transport-4.1.85.Final-sources.jar
2022-12-03 10:51:39,577 [Worker-41: Download sources and javadoc] INFO  o.e.m.j.internal.DownloadSourcesJob - Downloaded sources for io.netty:netty-transport:4.1.85.Final
2022-12-03 10:51:40,075 [Worker-41: Download sources and javadoc] INFO  o.e.m.c.i.e.AbstractTransferListenerAdapter - Downloading https://repo.maven.apache.org/maven2/io/netty/netty-transport-native-unix-common/4.1.85.Final/netty-transport-native-unix-common-4.1.85.Final-sources.jar
2022-12-03 10:51:40,367 [Worker-41: Download sources and javadoc] INFO  o.e.m.c.i.e.AbstractTransferListenerAdapter - Downloaded https://repo.maven.apache.org/maven2/io/netty/netty-transport-native-unix-common/4.1.85.Final/netty-transport-native-unix-common-4.1.85.Final-sources.jar
2022-12-03 10:51:40,416 [Worker-41: Download sources and javadoc] INFO  o.e.m.j.internal.DownloadSourcesJob - Downloaded sources for io.netty:netty-transport-native-unix-common:4.1.85.Final
2022-12-03 10:51:41,382 [Worker-41: Download sources and javadoc] INFO  o.e.m.c.i.e.AbstractTransferListenerAdapter - Downloading https://repo.maven.apache.org/maven2/io/netty/netty-codec/4.1.85.Final/netty-codec-4.1.85.Final-sources.jar
2022-12-03 10:51:41,956 [Worker-41: Download sources and javadoc] INFO  o.e.m.c.i.e.AbstractTransferListenerAdapter - Downloaded https://repo.maven.apache.org/maven2/io/netty/netty-codec/4.1.85.Final/netty-codec-4.1.85.Final-sources.jar
2022-12-03 10:51:42,003 [Worker-41: Download sources and javadoc] INFO  o.e.m.j.internal.DownloadSourcesJob - Downloaded sources for io.netty:netty-codec:4.1.85.Final
2022-12-03 10:51:43,019 [Worker-41: Download sources and javadoc] INFO  o.e.m.c.i.e.AbstractTransferListenerAdapter - Downloading https://repo.maven.apache.org/maven2/io/netty/netty-transport-native-epoll/4.1.85.Final/netty-transport-native-epoll-4.1.85.Final-sources.jar
2022-12-03 10:51:43,294 [Worker-41: Download sources and javadoc] INFO  o.e.m.c.i.e.AbstractTransferListenerAdapter - Downloaded https://repo.maven.apache.org/maven2/io/netty/netty-transport-native-epoll/4.1.85.Final/netty-transport-native-epoll-4.1.85.Final-sources.jar
2022-12-03 10:51:43,348 [Worker-41: Download sources and javadoc] INFO  o.e.m.j.internal.DownloadSourcesJob - Downloaded sources for io.netty:netty-transport-native-epoll:4.1.85.Final
2022-12-03 10:51:44,245 [Worker-41: Download sources and javadoc] INFO  o.e.m.c.i.e.AbstractTransferListenerAdapter - Downloading https://repo.maven.apache.org/maven2/io/netty/netty-transport-classes-epoll/4.1.85.Final/netty-transport-classes-epoll-4.1.85.Final-sources.jar
2022-12-03 10:51:44,624 [Worker-41: Download sources and javadoc] INFO  o.e.m.c.i.e.AbstractTransferListenerAdapter - Downloaded https://repo.maven.apache.org/maven2/io/netty/netty-transport-classes-epoll/4.1.85.Final/netty-transport-classes-epoll-4.1.85.Final-sources.jar
2022-12-03 10:51:44,687 [Worker-41: Download sources and javadoc] INFO  o.e.m.j.internal.DownloadSourcesJob - Downloaded sources for io.netty:netty-transport-classes-epoll:4.1.85.Final
2022-12-03 10:51:44,688 [Worker-41: Download sources and javadoc] INFO  o.e.m.j.internal.DownloadSourcesJob - Downloaded sources for org.apache.kafka:kafka-clients:3.3.1:test
2022-12-03 10:51:45,170 [Worker-41: Download sources and javadoc] INFO  o.e.m.c.i.e.AbstractTransferListenerAdapter - Downloading https://repo.maven.apache.org/maven2/org/apache/kafka/kafka-metadata/3.3.1/kafka-metadata-3.3.1-sources.jar
2022-12-03 10:51:45,668 [Worker-41: Download sources and javadoc] INFO  o.e.m.c.i.e.AbstractTransferListenerAdapter - Downloaded https://repo.maven.apache.org/maven2/org/apache/kafka/kafka-metadata/3.3.1/kafka-metadata-3.3.1-sources.jar
2022-12-03 10:51:45,739 [Worker-41: Download sources and javadoc] INFO  o.e.m.j.internal.DownloadSourcesJob - Downloaded sources for org.apache.kafka:kafka-metadata:3.3.1
2022-12-03 10:51:46,636 [Worker-41: Download sources and javadoc] INFO  o.e.m.c.i.e.AbstractTransferListenerAdapter - Downloading https://repo.maven.apache.org/maven2/org/apache/kafka/kafka-server-common/3.3.1/kafka-server-common-3.3.1-sources.jar
2022-12-03 10:51:46,929 [Worker-41: Download sources and javadoc] INFO  o.e.m.c.i.e.AbstractTransferListenerAdapter - Downloaded https://repo.maven.apache.org/maven2/org/apache/kafka/kafka-server-common/3.3.1/kafka-server-common-3.3.1-sources.jar
2022-12-03 10:51:47,006 [Worker-41: Download sources and javadoc] INFO  o.e.m.j.internal.DownloadSourcesJob - Downloaded sources for org.apache.kafka:kafka-server-common:3.3.1
2022-12-03 10:51:47,946 [Worker-41: Download sources and javadoc] INFO  o.e.m.c.i.e.AbstractTransferListenerAdapter - Downloading https://repo.maven.apache.org/maven2/org/apache/kafka/kafka-raft/3.3.1/kafka-raft-3.3.1-sources.jar
2022-12-03 10:51:48,636 [Worker-41: Download sources and javadoc] INFO  o.e.m.c.i.e.AbstractTransferListenerAdapter - Downloaded https://repo.maven.apache.org/maven2/org/apache/kafka/kafka-raft/3.3.1/kafka-raft-3.3.1-sources.jar
2022-12-03 10:51:48,721 [Worker-41: Download sources and javadoc] INFO  o.e.m.j.internal.DownloadSourcesJob - Downloaded sources for org.apache.kafka:kafka-raft:3.3.1
2022-12-03 10:51:49,581 [Worker-41: Download sources and javadoc] INFO  o.e.m.c.i.e.AbstractTransferListenerAdapter - Downloading https://repo.maven.apache.org/maven2/com/yammer/metrics/metrics-core/2.2.0/metrics-core-2.2.0-sources.jar
2022-12-03 10:51:49,948 [Worker-41: Download sources and javadoc] INFO  o.e.m.c.i.e.AbstractTransferListenerAdapter - Downloaded https://repo.maven.apache.org/maven2/com/yammer/metrics/metrics-core/2.2.0/metrics-core-2.2.0-sources.jar
2022-12-03 10:51:50,041 [Worker-41: Download sources and javadoc] INFO  o.e.m.j.internal.DownloadSourcesJob - Downloaded sources for com.yammer.metrics:metrics-core:2.2.0
2022-12-03 10:51:51,063 [Worker-41: Download sources and javadoc] INFO  o.e.m.c.i.e.AbstractTransferListenerAdapter - Downloading https://repo.maven.apache.org/maven2/org/apache/kafka/kafka-streams-test-utils/3.3.1/kafka-streams-test-utils-3.3.1-sources.jar
2022-12-03 10:51:51,359 [Worker-41: Download sources and javadoc] INFO  o.e.m.c.i.e.AbstractTransferListenerAdapter - Downloaded https://repo.maven.apache.org/maven2/org/apache/kafka/kafka-streams-test-utils/3.3.1/kafka-streams-test-utils-3.3.1-sources.jar
2022-12-03 10:51:51,461 [Worker-41: Download sources and javadoc] INFO  o.e.m.j.internal.DownloadSourcesJob - Downloaded sources for org.apache.kafka:kafka-streams-test-utils:3.3.1
2022-12-03 10:51:52,393 [Worker-41: Download sources and javadoc] INFO  o.e.m.c.i.e.AbstractTransferListenerAdapter - Downloading https://repo.maven.apache.org/maven2/org/apache/kafka/kafka_2.13/3.3.1/kafka_2.13-3.3.1-sources.jar
2022-12-03 10:51:53,197 [Worker-41: Download sources and javadoc] INFO  o.e.m.c.i.e.AbstractTransferListenerAdapter - Downloaded https://repo.maven.apache.org/maven2/org/apache/kafka/kafka_2.13/3.3.1/kafka_2.13-3.3.1-sources.jar
2022-12-03 10:51:53,247 [Worker-41: Download sources and javadoc] INFO  o.e.m.j.internal.DownloadSourcesJob - Downloaded sources for org.apache.kafka:kafka_2.13:3.3.1
2022-12-03 10:51:54,178 [Worker-41: Download sources and javadoc] INFO  o.e.m.c.i.e.AbstractTransferListenerAdapter - Downloading https://repo.maven.apache.org/maven2/org/scala-lang/scala-library/2.13.8/scala-library-2.13.8-sources.jar
2022-12-03 10:51:54,976 [Worker-41: Download sources and javadoc] INFO  o.e.m.c.i.e.AbstractTransferListenerAdapter - Downloaded https://repo.maven.apache.org/maven2/org/scala-lang/scala-library/2.13.8/scala-library-2.13.8-sources.jar
2022-12-03 10:51:55,022 [Worker-41: Download sources and javadoc] INFO  o.e.m.j.internal.DownloadSourcesJob - Downloaded sources for org.scala-lang:scala-library:2.13.8
2022-12-03 10:51:55,519 [Worker-41: Download sources and javadoc] INFO  o.e.m.c.i.e.AbstractTransferListenerAdapter - Downloading https://repo.maven.apache.org/maven2/org/apache/kafka/kafka-storage/3.3.1/kafka-storage-3.3.1-sources.jar
2022-12-03 10:51:55,797 [Worker-41: Download sources and javadoc] INFO  o.e.m.c.i.e.AbstractTransferListenerAdapter - Downloaded https://repo.maven.apache.org/maven2/org/apache/kafka/kafka-storage/3.3.1/kafka-storage-3.3.1-sources.jar
2022-12-03 10:51:55,851 [Worker-41: Download sources and javadoc] INFO  o.e.m.j.internal.DownloadSourcesJob - Downloaded sources for org.apache.kafka:kafka-storage:3.3.1
2022-12-03 10:51:56,344 [Worker-41: Download sources and javadoc] INFO  o.e.m.c.i.e.AbstractTransferListenerAdapter - Downloading https://repo.maven.apache.org/maven2/org/apache/kafka/kafka-storage-api/3.3.1/kafka-storage-api-3.3.1-sources.jar
2022-12-03 10:51:56,584 [Worker-41: Download sources and javadoc] INFO  o.e.m.c.i.e.AbstractTransferListenerAdapter - Downloaded https://repo.maven.apache.org/maven2/org/apache/kafka/kafka-storage-api/3.3.1/kafka-storage-api-3.3.1-sources.jar
2022-12-03 10:51:56,647 [Worker-41: Download sources and javadoc] INFO  o.e.m.j.internal.DownloadSourcesJob - Downloaded sources for org.apache.kafka:kafka-storage-api:3.3.1
2022-12-03 10:51:57,613 [Worker-41: Download sources and javadoc] INFO  o.e.m.c.i.e.AbstractTransferListenerAdapter - Downloading https://repo.maven.apache.org/maven2/net/sourceforge/argparse4j/argparse4j/0.7.0/argparse4j-0.7.0-sources.jar
2022-12-03 10:51:58,017 [Worker-41: Download sources and javadoc] INFO  o.e.m.c.i.e.AbstractTransferListenerAdapter - Downloaded https://repo.maven.apache.org/maven2/net/sourceforge/argparse4j/argparse4j/0.7.0/argparse4j-0.7.0-sources.jar
2022-12-03 10:51:58,087 [Worker-41: Download sources and javadoc] INFO  o.e.m.j.internal.DownloadSourcesJob - Downloaded sources for net.sourceforge.argparse4j:argparse4j:0.7.0
2022-12-03 10:51:58,633 [Worker-41: Download sources and javadoc] INFO  o.e.m.c.i.e.AbstractTransferListenerAdapter - Downloading https://repo.maven.apache.org/maven2/com/fasterxml/jackson/module/jackson-module-scala_2.13/2.14.1/jackson-module-scala_2.13-2.14.1-sources.jar
2022-12-03 10:51:58,958 [Worker-41: Download sources and javadoc] INFO  o.e.m.c.i.e.AbstractTransferListenerAdapter - Downloaded https://repo.maven.apache.org/maven2/com/fasterxml/jackson/module/jackson-module-scala_2.13/2.14.1/jackson-module-scala_2.13-2.14.1-sources.jar
2022-12-03 10:51:59,039 [Worker-41: Download sources and javadoc] INFO  o.e.m.j.internal.DownloadSourcesJob - Downloaded sources for com.fasterxml.jackson.module:jackson-module-scala_2.13:2.14.1
2022-12-03 10:51:59,918 [Worker-41: Download sources and javadoc] INFO  o.e.m.c.i.e.AbstractTransferListenerAdapter - Downloading https://repo.maven.apache.org/maven2/com/thoughtworks/paranamer/paranamer/2.8/paranamer-2.8-sources.jar
2022-12-03 10:52:00,162 [Worker-41: Download sources and javadoc] INFO  o.e.m.c.i.e.AbstractTransferListenerAdapter - Downloaded https://repo.maven.apache.org/maven2/com/thoughtworks/paranamer/paranamer/2.8/paranamer-2.8-sources.jar
2022-12-03 10:52:00,249 [Worker-41: Download sources and javadoc] INFO  o.e.m.j.internal.DownloadSourcesJob - Downloaded sources for com.thoughtworks.paranamer:paranamer:2.8
2022-12-03 10:52:00,774 [Worker-41: Download sources and javadoc] INFO  o.e.m.c.i.e.AbstractTransferListenerAdapter - Downloading https://repo.maven.apache.org/maven2/com/fasterxml/jackson/dataformat/jackson-dataformat-csv/2.14.1/jackson-dataformat-csv-2.14.1-sources.jar
2022-12-03 10:52:01,062 [Worker-41: Download sources and javadoc] INFO  o.e.m.c.i.e.AbstractTransferListenerAdapter - Downloaded https://repo.maven.apache.org/maven2/com/fasterxml/jackson/dataformat/jackson-dataformat-csv/2.14.1/jackson-dataformat-csv-2.14.1-sources.jar
2022-12-03 10:52:01,155 [Worker-41: Download sources and javadoc] INFO  o.e.m.j.internal.DownloadSourcesJob - Downloaded sources for com.fasterxml.jackson.dataformat:jackson-dataformat-csv:2.14.1
2022-12-03 10:52:01,696 [Worker-41: Download sources and javadoc] INFO  o.e.m.c.i.e.AbstractTransferListenerAdapter - Downloading https://repo.maven.apache.org/maven2/net/sf/jopt-simple/jopt-simple/5.0.4/jopt-simple-5.0.4-sources.jar
2022-12-03 10:52:01,990 [Worker-41: Download sources and javadoc] INFO  o.e.m.c.i.e.AbstractTransferListenerAdapter - Downloaded https://repo.maven.apache.org/maven2/net/sf/jopt-simple/jopt-simple/5.0.4/jopt-simple-5.0.4-sources.jar
2022-12-03 10:52:02,094 [Worker-41: Download sources and javadoc] INFO  o.e.m.j.internal.DownloadSourcesJob - Downloaded sources for net.sf.jopt-simple:jopt-simple:5.0.4
2022-12-03 10:52:02,650 [Worker-41: Download sources and javadoc] INFO  o.e.m.c.i.e.AbstractTransferListenerAdapter - Downloading https://repo.maven.apache.org/maven2/org/bitbucket/b_c/jose4j/0.7.9/jose4j-0.7.9-sources.jar
2022-12-03 10:52:03,105 [Worker-41: Download sources and javadoc] INFO  o.e.m.c.i.e.AbstractTransferListenerAdapter - Downloaded https://repo.maven.apache.org/maven2/org/bitbucket/b_c/jose4j/0.7.9/jose4j-0.7.9-sources.jar
2022-12-03 10:52:03,152 [Worker-41: Download sources and javadoc] INFO  o.e.m.j.internal.DownloadSourcesJob - Downloaded sources for org.bitbucket.b_c:jose4j:0.7.9
2022-12-03 10:52:04,073 [Worker-41: Download sources and javadoc] INFO  o.e.m.c.i.e.AbstractTransferListenerAdapter - Downloading https://repo.maven.apache.org/maven2/org/scala-lang/modules/scala-collection-compat_2.13/2.6.0/scala-collection-compat_2.13-2.6.0-sources.jar
2022-12-03 10:52:04,328 [Worker-41: Download sources and javadoc] INFO  o.e.m.c.i.e.AbstractTransferListenerAdapter - Downloaded https://repo.maven.apache.org/maven2/org/scala-lang/modules/scala-collection-compat_2.13/2.6.0/scala-collection-compat_2.13-2.6.0-sources.jar
2022-12-03 10:52:04,376 [Worker-41: Download sources and javadoc] INFO  o.e.m.j.internal.DownloadSourcesJob - Downloaded sources for org.scala-lang.modules:scala-collection-compat_2.13:2.6.0
2022-12-03 10:52:05,312 [Worker-41: Download sources and javadoc] INFO  o.e.m.c.i.e.AbstractTransferListenerAdapter - Downloading https://repo.maven.apache.org/maven2/org/scala-lang/modules/scala-java8-compat_2.13/1.0.2/scala-java8-compat_2.13-1.0.2-sources.jar
2022-12-03 10:52:05,567 [Worker-41: Download sources and javadoc] INFO  o.e.m.c.i.e.AbstractTransferListenerAdapter - Downloaded https://repo.maven.apache.org/maven2/org/scala-lang/modules/scala-java8-compat_2.13/1.0.2/scala-java8-compat_2.13-1.0.2-sources.jar
2022-12-03 10:52:05,621 [Worker-41: Download sources and javadoc] INFO  o.e.m.j.internal.DownloadSourcesJob - Downloaded sources for org.scala-lang.modules:scala-java8-compat_2.13:1.0.2
2022-12-03 10:52:06,504 [Worker-41: Download sources and javadoc] INFO  o.e.m.c.i.e.AbstractTransferListenerAdapter - Downloading https://repo.maven.apache.org/maven2/org/scala-lang/scala-reflect/2.13.8/scala-reflect-2.13.8-sources.jar
2022-12-03 10:52:07,228 [Worker-41: Download sources and javadoc] INFO  o.e.m.c.i.e.AbstractTransferListenerAdapter - Downloaded https://repo.maven.apache.org/maven2/org/scala-lang/scala-reflect/2.13.8/scala-reflect-2.13.8-sources.jar
2022-12-03 10:52:07,289 [Worker-41: Download sources and javadoc] INFO  o.e.m.j.internal.DownloadSourcesJob - Downloaded sources for org.scala-lang:scala-reflect:2.13.8
2022-12-03 10:52:08,303 [Worker-41: Download sources and javadoc] INFO  o.e.m.c.i.e.AbstractTransferListenerAdapter - Downloading https://repo.maven.apache.org/maven2/com/typesafe/scala-logging/scala-logging_2.13/3.9.4/scala-logging_2.13-3.9.4-sources.jar
2022-12-03 10:52:08,561 [Worker-41: Download sources and javadoc] INFO  o.e.m.c.i.e.AbstractTransferListenerAdapter - Downloaded https://repo.maven.apache.org/maven2/com/typesafe/scala-logging/scala-logging_2.13/3.9.4/scala-logging_2.13-3.9.4-sources.jar
2022-12-03 10:52:08,630 [Worker-41: Download sources and javadoc] INFO  o.e.m.j.internal.DownloadSourcesJob - Downloaded sources for com.typesafe.scala-logging:scala-logging_2.13:3.9.4
2022-12-03 10:52:09,134 [Worker-41: Download sources and javadoc] INFO  o.e.m.c.i.e.AbstractTransferListenerAdapter - Downloading https://repo.maven.apache.org/maven2/io/dropwizard/metrics/metrics-core/4.2.13/metrics-core-4.2.13-sources.jar
2022-12-03 10:52:09,391 [Worker-41: Download sources and javadoc] INFO  o.e.m.c.i.e.AbstractTransferListenerAdapter - Downloaded https://repo.maven.apache.org/maven2/io/dropwizard/metrics/metrics-core/4.2.13/metrics-core-4.2.13-sources.jar
2022-12-03 10:52:09,469 [Worker-41: Download sources and javadoc] INFO  o.e.m.j.internal.DownloadSourcesJob - Downloaded sources for io.dropwizard.metrics:metrics-core:4.2.13
2022-12-03 10:52:10,387 [Worker-41: Download sources and javadoc] INFO  o.e.m.c.i.e.AbstractTransferListenerAdapter - Downloading https://repo.maven.apache.org/maven2/commons-cli/commons-cli/1.4/commons-cli-1.4-sources.jar
2022-12-03 10:52:10,728 [Worker-41: Download sources and javadoc] INFO  o.e.m.c.i.e.AbstractTransferListenerAdapter - Downloaded https://repo.maven.apache.org/maven2/commons-cli/commons-cli/1.4/commons-cli-1.4-sources.jar
2022-12-03 10:52:10,812 [Worker-41: Download sources and javadoc] INFO  o.e.m.j.internal.DownloadSourcesJob - Downloaded sources for commons-cli:commons-cli:1.4
2022-12-03 10:52:10,813 [Worker-41: Download sources and javadoc] INFO  o.e.m.j.internal.DownloadSourcesJob - Downloaded sources for org.apache.kafka:kafka_2.13:3.3.1:test
2022-12-03 10:52:11,693 [Worker-41: Download sources and javadoc] INFO  o.e.m.c.i.e.AbstractTransferListenerAdapter - Downloading https://repo.maven.apache.org/maven2/org/junit/jupiter/junit-jupiter-api/5.9.1/junit-jupiter-api-5.9.1-sources.jar
2022-12-03 10:52:12,203 [Worker-41: Download sources and javadoc] INFO  o.e.m.c.i.e.AbstractTransferListenerAdapter - Downloaded https://repo.maven.apache.org/maven2/org/junit/jupiter/junit-jupiter-api/5.9.1/junit-jupiter-api-5.9.1-sources.jar
2022-12-03 10:52:12,296 [Worker-41: Download sources and javadoc] INFO  o.e.m.j.internal.DownloadSourcesJob - Downloaded sources for org.junit.jupiter:junit-jupiter-api:5.9.1
2022-12-03 10:52:13,208 [Worker-41: Download sources and javadoc] INFO  o.e.m.c.i.e.AbstractTransferListenerAdapter - Downloading https://repo.maven.apache.org/maven2/org/junit/platform/junit-platform-commons/1.9.1/junit-platform-commons-1.9.1-sources.jar
2022-12-03 10:52:13,571 [Worker-41: Download sources and javadoc] INFO  o.e.m.c.i.e.AbstractTransferListenerAdapter - Downloaded https://repo.maven.apache.org/maven2/org/junit/platform/junit-platform-commons/1.9.1/junit-platform-commons-1.9.1-sources.jar
2022-12-03 10:52:13,673 [Worker-41: Download sources and javadoc] INFO  o.e.m.j.internal.DownloadSourcesJob - Downloaded sources for org.junit.platform:junit-platform-commons:1.9.1
2022-12-03 10:52:13,997 [Worker-41: Building] INFO  o.a.m.s.f.DefaultMavenResourcesFiltering - Copying 0 resource
2022-12-03 10:52:13,997 [Worker-41: Building] INFO  o.a.m.s.f.DefaultMavenResourcesFiltering - Copying 0 resource
2022-12-03 10:52:13,998 [Worker-41: Building] INFO  o.a.m.s.f.DefaultMavenResourcesFiltering - skip non existing resourceDirectory /home/igor/Desenvolvimento/kafka-example/Producer/src/test/resources
2022-12-03 10:55:53,341 [Worker-41: Building] INFO  o.a.m.s.f.DefaultMavenResourcesFiltering - Copying 1 resource
2022-12-03 10:55:53,343 [Worker-41: Building] INFO  o.a.m.s.f.DefaultMavenResourcesFiltering - Copying 0 resource
2022-12-03 10:55:53,344 [Worker-41: Building] INFO  o.a.m.s.f.DefaultMavenResourcesFiltering - skip non existing resourceDirectory /home/igor/Desenvolvimento/kafka-example/Producer/src/test/resources
2022-12-03 10:56:27,429 [Worker-51: Building] INFO  o.a.m.s.f.DefaultMavenResourcesFiltering - Copying 1 resource
2022-12-03 10:56:27,430 [Worker-51: Building] INFO  o.a.m.s.f.DefaultMavenResourcesFiltering - Copying 0 resource
2022-12-03 10:56:27,432 [Worker-51: Building] INFO  o.a.m.s.f.DefaultMavenResourcesFiltering - skip non existing resourceDirectory /home/igor/Desenvolvimento/kafka-example/Producer/src/test/resources
2022-12-03 10:59:41,409 [Worker-48: Building] INFO  o.a.m.s.f.DefaultMavenResourcesFiltering - Copying 1 resource
2022-12-03 10:59:41,410 [Worker-48: Building] INFO  o.a.m.s.f.DefaultMavenResourcesFiltering - Copying 0 resource
2022-12-03 10:59:41,411 [Worker-48: Building] INFO  o.a.m.s.f.DefaultMavenResourcesFiltering - skip non existing resourceDirectory /home/igor/Desenvolvimento/kafka-example/Producer/src/test/resources
2022-12-03 11:00:29,145 [Worker-49: Building] INFO  o.a.m.s.f.DefaultMavenResourcesFiltering - Copying 1 resource
2022-12-03 11:00:29,146 [Worker-49: Building] INFO  o.a.m.s.f.DefaultMavenResourcesFiltering - Copying 0 resource
2022-12-03 11:00:29,147 [Worker-49: Building] INFO  o.a.m.s.f.DefaultMavenResourcesFiltering - skip non existing resourceDirectory /home/igor/Desenvolvimento/kafka-example/Producer/src/test/resources
2022-12-03 11:02:40,482 [Worker-52: Building] INFO  o.a.m.s.f.DefaultMavenResourcesFiltering - Copying 1 resource
2022-12-03 11:02:40,484 [Worker-52: Building] INFO  o.a.m.s.f.DefaultMavenResourcesFiltering - Copying 0 resource
2022-12-03 11:02:40,487 [Worker-52: Building] INFO  o.a.m.s.f.DefaultMavenResourcesFiltering - skip non existing resourceDirectory /home/igor/Desenvolvimento/kafka-example/Producer/src/test/resources
2022-12-03 11:03:03,256 [Worker-52: Building] INFO  o.a.m.s.f.DefaultMavenResourcesFiltering - Copying 1 resource
2022-12-03 11:03:03,257 [Worker-52: Building] INFO  o.a.m.s.f.DefaultMavenResourcesFiltering - Copying 0 resource
2022-12-03 11:03:03,258 [Worker-52: Building] INFO  o.a.m.s.f.DefaultMavenResourcesFiltering - skip non existing resourceDirectory /home/igor/Desenvolvimento/kafka-example/Producer/src/test/resources
2022-12-03 11:08:09,007 [Worker-49: Building] INFO  o.a.m.s.f.DefaultMavenResourcesFiltering - Copying 1 resource
2022-12-03 11:08:09,010 [Worker-49: Building] INFO  o.a.m.s.f.DefaultMavenResourcesFiltering - Copying 0 resource
2022-12-03 11:08:09,012 [Worker-49: Building] INFO  o.a.m.s.f.DefaultMavenResourcesFiltering - skip non existing resourceDirectory /home/igor/Desenvolvimento/kafka-example/Producer/src/test/resources
2022-12-03 11:08:14,786 [Worker-51: Building] INFO  o.a.m.s.f.DefaultMavenResourcesFiltering - Copying 1 resource
2022-12-03 11:08:14,788 [Worker-51: Building] INFO  o.a.m.s.f.DefaultMavenResourcesFiltering - Copying 0 resource
2022-12-03 11:08:14,789 [Worker-51: Building] INFO  o.a.m.s.f.DefaultMavenResourcesFiltering - skip non existing resourceDirectory /home/igor/Desenvolvimento/kafka-example/Producer/src/test/resources
2022-12-03 11:12:11,765 [Worker-51: Building] INFO  o.a.m.s.f.DefaultMavenResourcesFiltering - Copying 1 resource
2022-12-03 11:12:11,767 [Worker-51: Building] INFO  o.a.m.s.f.DefaultMavenResourcesFiltering - Copying 0 resource
2022-12-03 11:12:11,768 [Worker-51: Building] INFO  o.a.m.s.f.DefaultMavenResourcesFiltering - skip non existing resourceDirectory /home/igor/Desenvolvimento/kafka-example/Producer/src/test/resources
2022-12-03 11:14:33,838 [Worker-52: Building] INFO  o.a.m.s.f.DefaultMavenResourcesFiltering - Copying 1 resource
2022-12-03 11:14:33,839 [Worker-52: Building] INFO  o.a.m.s.f.DefaultMavenResourcesFiltering - Copying 0 resource
2022-12-03 11:14:33,840 [Worker-52: Building] INFO  o.a.m.s.f.DefaultMavenResourcesFiltering - skip non existing resourceDirectory /home/igor/Desenvolvimento/kafka-example/Producer/src/test/resources
2022-12-03 11:15:14,303 [Worker-52: Building] INFO  o.a.m.s.f.DefaultMavenResourcesFiltering - Copying 1 resource
2022-12-03 11:15:14,305 [Worker-52: Building] INFO  o.a.m.s.f.DefaultMavenResourcesFiltering - Copying 0 resource
2022-12-03 11:15:14,306 [Worker-52: Building] INFO  o.a.m.s.f.DefaultMavenResourcesFiltering - skip non existing resourceDirectory /home/igor/Desenvolvimento/kafka-example/Producer/src/test/resources
2022-12-03 11:24:17,958 [Worker-58: Building] INFO  o.a.m.s.f.DefaultMavenResourcesFiltering - Copying 1 resource
2022-12-03 11:24:17,959 [Worker-58: Building] INFO  o.a.m.s.f.DefaultMavenResourcesFiltering - Copying 0 resource
2022-12-03 11:24:17,960 [Worker-58: Building] INFO  o.a.m.s.f.DefaultMavenResourcesFiltering - skip non existing resourceDirectory /home/igor/Desenvolvimento/kafka-example/Producer/src/test/resources
2022-12-03 11:40:20,396 [Worker-65: Building] INFO  o.a.m.s.f.DefaultMavenResourcesFiltering - Copying 1 resource
2022-12-03 11:40:20,399 [Worker-65: Building] INFO  o.a.m.s.f.DefaultMavenResourcesFiltering - Copying 0 resource
2022-12-03 11:40:20,400 [Worker-65: Building] INFO  o.a.m.s.f.DefaultMavenResourcesFiltering - skip non existing resourceDirectory /home/igor/Desenvolvimento/kafka-example/Producer/src/test/resources
2022-12-03 11:40:49,731 [Worker-66: Building] INFO  o.a.m.s.f.DefaultMavenResourcesFiltering - Copying 1 resource
2022-12-03 11:40:49,733 [Worker-66: Building] INFO  o.a.m.s.f.DefaultMavenResourcesFiltering - Copying 0 resource
2022-12-03 11:40:49,734 [Worker-66: Building] INFO  o.a.m.s.f.DefaultMavenResourcesFiltering - skip non existing resourceDirectory /home/igor/Desenvolvimento/kafka-example/Producer/src/test/resources
2022-12-03 11:45:40,785 [Worker-73: Building] INFO  o.a.m.s.f.DefaultMavenResourcesFiltering - Copying 1 resource
2022-12-03 11:45:40,788 [Worker-73: Building] INFO  o.a.m.s.f.DefaultMavenResourcesFiltering - Copying 0 resource
2022-12-03 11:45:40,790 [Worker-73: Building] INFO  o.a.m.s.f.DefaultMavenResourcesFiltering - skip non existing resourceDirectory /home/igor/Desenvolvimento/kafka-example/Producer/src/test/resources
2022-12-03 11:47:17,242 [Worker-74: Building] INFO  o.a.m.s.f.DefaultMavenResourcesFiltering - Copying 1 resource
2022-12-03 11:47:17,244 [Worker-74: Building] INFO  o.a.m.s.f.DefaultMavenResourcesFiltering - Copying 0 resource
2022-12-03 11:47:17,245 [Worker-74: Building] INFO  o.a.m.s.f.DefaultMavenResourcesFiltering - skip non existing resourceDirectory /home/igor/Desenvolvimento/kafka-example/Producer/src/test/resources
2022-12-03 11:48:41,506 [Worker-2: Loading available Gradle versions] INFO  o.e.b.c.i.u.g.PublishedGradleVersions - Gradle version information cache is up-to-date. Trying to read.
2022-12-03 11:48:44,380 [Worker-5: Building] INFO  o.e.m.c.i.embedder.EclipseLogger - Using 'UTF-8' encoding to copy filtered resources.
2022-12-03 11:48:44,380 [Worker-5: Building] INFO  o.e.m.c.i.embedder.EclipseLogger - Using 'UTF-8' encoding to copy filtered properties files.
2022-12-03 11:48:44,384 [Worker-5: Building] INFO  o.e.m.c.i.embedder.EclipseLogger - Copying 1 resource
2022-12-03 11:48:44,402 [Worker-5: Building] INFO  o.e.m.c.i.embedder.EclipseLogger - Copying 0 resource
2022-12-03 11:48:44,406 [Worker-5: Building] INFO  o.e.m.c.i.embedder.EclipseLogger - Using 'UTF-8' encoding to copy filtered resources.
2022-12-03 11:48:44,406 [Worker-5: Building] INFO  o.e.m.c.i.embedder.EclipseLogger - Using 'UTF-8' encoding to copy filtered properties files.
2022-12-03 11:48:44,406 [Worker-5: Building] INFO  o.e.m.c.i.embedder.EclipseLogger - skip non existing resourceDirectory /home/igor/Desenvolvimento/Costumer/src/test/resources
2022-12-03 11:48:45,336 [Worker-5: Building] INFO  o.a.m.s.f.DefaultMavenResourcesFiltering - Copying 1 resource
2022-12-03 11:48:45,351 [Worker-5: Building] INFO  o.a.m.s.f.DefaultMavenResourcesFiltering - Copying 0 resource
2022-12-03 11:48:45,356 [Worker-5: Building] INFO  o.a.m.s.f.DefaultMavenResourcesFiltering - skip non existing resourceDirectory /home/igor/Desenvolvimento/kafka-example/Producer/src/test/resources
2022-12-03 11:48:45,760 [Worker-5: Building] INFO  o.e.m.c.i.embedder.EclipseLogger - Using 'UTF-8' encoding to copy filtered resources.
2022-12-03 11:48:45,760 [Worker-5: Building] INFO  o.e.m.c.i.embedder.EclipseLogger - Using 'UTF-8' encoding to copy filtered properties files.
2022-12-03 11:48:45,760 [Worker-5: Building] INFO  o.e.m.c.i.embedder.EclipseLogger - Copying 1 resource
2022-12-03 11:48:45,762 [Worker-5: Building] INFO  o.e.m.c.i.embedder.EclipseLogger - Copying 0 resource
2022-12-03 11:48:45,764 [Worker-5: Building] INFO  o.e.m.c.i.embedder.EclipseLogger - Using 'UTF-8' encoding to copy filtered resources.
2022-12-03 11:48:45,765 [Worker-5: Building] INFO  o.e.m.c.i.embedder.EclipseLogger - Using 'UTF-8' encoding to copy filtered properties files.
2022-12-03 11:48:45,765 [Worker-5: Building] INFO  o.e.m.c.i.embedder.EclipseLogger - skip non existing resourceDirectory /home/igor/Desenvolvimento/igorfood-api/src/test/resources
2022-12-03 11:49:02,486 [Worker-13: Building] INFO  o.a.m.s.f.DefaultMavenResourcesFiltering - Copying 1 resource
2022-12-03 11:49:02,489 [Worker-13: Building] INFO  o.a.m.s.f.DefaultMavenResourcesFiltering - Copying 0 resource
2022-12-03 11:49:02,490 [Worker-13: Building] INFO  o.a.m.s.f.DefaultMavenResourcesFiltering - skip non existing resourceDirectory /home/igor/Desenvolvimento/kafka-example/Producer/src/test/resources
2022-12-03 11:50:34,112 [Worker-5: Building] INFO  o.a.m.s.f.DefaultMavenResourcesFiltering - Copying 1 resource
2022-12-03 11:50:34,125 [Worker-5: Building] INFO  o.a.m.s.f.DefaultMavenResourcesFiltering - Copying 0 resource
2022-12-03 11:50:34,128 [Worker-5: Building] INFO  o.a.m.s.f.DefaultMavenResourcesFiltering - skip non existing resourceDirectory /home/igor/Desenvolvimento/kafka-example/Producer/src/test/resources
2022-12-03 11:50:40,925 [Worker-27: Building] INFO  o.a.m.s.f.DefaultMavenResourcesFiltering - Copying 1 resource
2022-12-03 11:50:40,927 [Worker-27: Building] INFO  o.a.m.s.f.DefaultMavenResourcesFiltering - Copying 0 resource
2022-12-03 11:50:40,929 [Worker-27: Building] INFO  o.a.m.s.f.DefaultMavenResourcesFiltering - skip non existing resourceDirectory /home/igor/Desenvolvimento/kafka-example/Producer/src/test/resources
2022-12-03 11:52:26,348 [Worker-11: Building] INFO  o.a.m.s.f.DefaultMavenResourcesFiltering - Copying 1 resource
2022-12-03 11:52:26,351 [Worker-11: Building] INFO  o.a.m.s.f.DefaultMavenResourcesFiltering - Copying 0 resource
2022-12-03 11:52:26,354 [Worker-11: Building] INFO  o.a.m.s.f.DefaultMavenResourcesFiltering - skip non existing resourceDirectory /home/igor/Desenvolvimento/kafka-example/Producer/src/test/resources
2022-12-03 11:53:30,431 [Worker-9: Building] INFO  o.a.m.s.f.DefaultMavenResourcesFiltering - Copying 1 resource
2022-12-03 11:53:30,434 [Worker-9: Building] INFO  o.a.m.s.f.DefaultMavenResourcesFiltering - Copying 0 resource
2022-12-03 11:53:30,438 [Worker-9: Building] INFO  o.a.m.s.f.DefaultMavenResourcesFiltering - skip non existing resourceDirectory /home/igor/Desenvolvimento/kafka-example/Producer/src/test/resources
2022-12-03 11:54:57,847 [Worker-14: Building] INFO  o.a.m.s.f.DefaultMavenResourcesFiltering - Copying 1 resource
2022-12-03 11:54:57,851 [Worker-14: Building] INFO  o.a.m.s.f.DefaultMavenResourcesFiltering - Copying 0 resource
2022-12-03 11:54:57,854 [Worker-14: Building] INFO  o.a.m.s.f.DefaultMavenResourcesFiltering - skip non existing resourceDirectory /home/igor/Desenvolvimento/kafka-example/Producer/src/test/resources
2022-12-03 11:56:06,667 [Worker-8: Building] INFO  o.a.m.s.f.DefaultMavenResourcesFiltering - Copying 1 resource
2022-12-03 11:56:06,668 [Worker-8: Building] INFO  o.a.m.s.f.DefaultMavenResourcesFiltering - Copying 0 resource
2022-12-03 11:56:06,670 [Worker-8: Building] INFO  o.a.m.s.f.DefaultMavenResourcesFiltering - skip non existing resourceDirectory /home/igor/Desenvolvimento/kafka-example/Producer/src/test/resources
2022-12-03 11:57:25,514 [Worker-5: Building] INFO  o.a.m.s.f.DefaultMavenResourcesFiltering - Copying 1 resource
2022-12-03 11:57:25,517 [Worker-5: Building] INFO  o.a.m.s.f.DefaultMavenResourcesFiltering - Copying 0 resource
2022-12-03 11:57:25,520 [Worker-5: Building] INFO  o.a.m.s.f.DefaultMavenResourcesFiltering - skip non existing resourceDirectory /home/igor/Desenvolvimento/kafka-example/Producer/src/test/resources
2022-12-03 11:57:57,005 [Worker-8: Building] INFO  o.a.m.s.f.DefaultMavenResourcesFiltering - Copying 1 resource
2022-12-03 11:57:57,007 [Worker-8: Building] INFO  o.a.m.s.f.DefaultMavenResourcesFiltering - Copying 0 resource
2022-12-03 11:57:57,008 [Worker-8: Building] INFO  o.a.m.s.f.DefaultMavenResourcesFiltering - skip non existing resourceDirectory /home/igor/Desenvolvimento/kafka-example/Producer/src/test/resources
